actor_id,case_id,record_status,coding_version,coder,date_coded,actor_label,identity_resolution,role_layer,victim_facing_function,financial_function,function_assignment_basis,role_primary,role_secondary,conduct_assessed,direct_victim_contact,attribution_basis_primary,attribution_basis_secondary,attribution_strength,attribution_limitations,alternative_explanation,source_ids,relationship_note
SEIAI-0001-A01,SEIAI-0001,reviewed,0.2.0,Hamzah,2026-09-04,Original Nashik Police impersonation operator(s),unknown,victim_facing,yes,no,Atlas victim_facing layer,victim_facing_operator,social_engineering_operator,"WhatsApp voice/video police impersonation, threats, secrecy/isolation, information elicitation and transfer instructions.",yes,witness_or_statement,message_or_email_content,unclear,The public material reconstructs the conduct but does not identify the human operator of the impersonating WhatsApp account.,,SRC-SEIAI-0001-01;SRC-SEIAI-0001-02;SRC-SEIAI-0001-03,"May overlap with downstream actors, but the reviewed record does not establish that overlap."
SEIAI-0001-A02,SEIAI-0001,reviewed,0.2.0,Hamzah,2026-09-04,Downstream beneficiary-account network,actor_cluster,financial,no,yes,Atlas financial layer,bank_account_controller,money_mule,Receiving and moving victim funds through multiple beneficiary/intermediary accounts.,no,bank_account_or_money_flow,cdr_or_telecom_record,moderate,Financial and communications linkage does not establish that every account-linked person knew the full scheme or conducted the original impersonation.,Some account-linked persons may have had narrower facilitation or mule roles.,SRC-SEIAI-0001-01;SRC-SEIAI-0001-02;SRC-SEIAI-0001-03;SRC-SEIAI-0001-04;SRC-SEIAI-0001-06,Cluster summarises several downstream roles rather than treating all accused as equivalent.
SEIAI-0001-A03,SEIAI-0001,reviewed,0.2.0,Hamzah,2026-09-04,Cash-out and withdrawal actors,actor_cluster,financial,no,yes,Atlas financial layer,cashout_actor,intermediary,"Withdrawing, clearing or cashing out portions of transferred fraud proceeds.",no,financial_withdrawal_or_cashout,bank_account_or_money_flow,moderate,Cash-out activity does not establish participation in the initial impersonation or full knowledge of the scheme.,A person may have handled or withdrawn funds without being the victim-facing operator.,SRC-SEIAI-0001-01;SRC-SEIAI-0001-02;SRC-SEIAI-0001-04,"May overlap with the beneficiary-account cluster, but the assessed conduct is different."
SEIAI-0001-A04,SEIAI-0001,reviewed,0.2.0,Hamzah,2026-09-04,Bank-cashier facilitation actor,identified,financial,no,yes,Atlas financial layer,intermediary,cashout_actor,"Allegedly facilitating cheque clearance, withdrawal and transfer activity involving fraud-linked funds while working as a bank cashier.",no,bank_account_or_money_flow,documentary_record,moderate,"The court treated the facilitation evidence as prima facie at bail stage; it does not establish participation in the original police impersonation, and knowledge/intent remained for trial.",The defence argued that the cashier acted on manager-approved vouchers and lacked knowledge of the fraudulent source of funds.,SRC-SEIAI-0001-02,"Specific financial-facilitation role, separated from the original caller and other account actors."
SEIAI-0001-A05,SEIAI-0001,reviewed,0.2.0,Hamzah,2026-09-04,Account-procurement actor,identified,financial,no,yes,Atlas financial layer,account_provider,,Allegedly arranging/purchasing bank accounts and account kits for use in moving cyber-fraud proceeds.,no,co_accused_link,documentary_record,moderate,"The order records a co-accused disclosure and case-diary material supporting account procurement, but this remains bail-stage evidence and does not identify the original caller.",The defence argued there was no direct evidence that the actor was the caller and challenged the downstream linkage.,SRC-SEIAI-0001-03,Specific account-procurement role separated from other downstream actors.
SEIAI-0001-A06,SEIAI-0001,reviewed,0.2.0,Hamzah,2026-09-04,Account-rental/provision actor,identified,financial,no,yes,Atlas financial layer,account_provider,,Allegedly providing a third-party bank account on rent for transactions involving fraud proceeds and receiving consideration.,no,bank_account_or_money_flow,confession_or_admission,moderate,The court relied on bank-account details and a memorandum statement at bail stage; the role does not establish victim-facing impersonation or the full conspiracy.,The defence argued there was no direct caller evidence and challenged attribution of the broader conspiracy.,SRC-SEIAI-0001-04,Specific account-provision role separated from the original caller and other financial actors.
SEIAI-0002-A01,SEIAI-0002,reviewed,0.2.0,Hamzah,2026-09-04,Initial investment solicitor / WhatsApp-group operator(s),unknown,victim_facing,yes,no,Atlas victim_facing layer,social_engineering_operator,victim_facing_operator,"Soliciting the complainant, presenting the investment pretext, adding the complainant to VIP PROFIT MAKERS and directing payment activity.",yes,witness_or_statement,message_or_email_content,unclear,The source reconstructs the interaction but does not identify the human operator of the WhatsApp persona/group.,,SRC-SEIAI-0002-01,"May overlap with the app operator or financial actors, but this is not established."
SEIAI-0002-A02,SEIAI-0002,reviewed,0.2.0,Hamzah,2026-09-04,ALFA NAVIGATOR app/infrastructure operator(s),unknown,technical,no,no,no paper-specific evidence assigning either primary function,technical_infrastructure_operator,platform_account_operator,Operating or controlling the app/infrastructure through which investment activity and payment instructions were presented.,unknown,documentary_record,unclear,not_assessed,"No operator-side hosting, account-control, device or provider evidence is described.",,SRC-SEIAI-0002-01,"Could overlap with the WhatsApp group operator, but the source does not establish this."
SEIAI-0002-A03,SEIAI-0002,reviewed,0.2.0,Hamzah,2026-09-04,Beneficiary-account controller cluster,actor_cluster,financial,no,yes,Atlas financial layer,bank_account_controller,money_mule,Receiving the complainant transfers across seven distinct beneficiary accounts.,no,bank_account_or_money_flow,documentary_record,limited,The source identifies accounts and transfers but gives little evidence of who controlled each account or knew the wider fraud.,Some accounts may have functioned as mule/intermediary accounts.,SRC-SEIAI-0002-01,Financial layer only.
SEIAI-0002-A04,SEIAI-0002,reviewed,0.2.0,Hamzah,2026-09-04,Bail applicant with unspecified alleged scheme role,identified,unknown,no,no,no paper-specific evidence assigning either primary function,unknown_role,,Alleged participation in the fraud for which the applicant was arrested and prosecuted.,unknown,unclear,,unclear,The source does not provide a sufficiently specific evidentiary chain to assign a stable operational role.,The applicant claimed that he had himself been duped and falsely implicated.,SRC-SEIAI-0002-01,Kept separate instead of forcing an unsupported victim-facing or financial role.
SEIAI-0003-A01,SEIAI-0003,reviewed,0.2.0,Hamzah,2026-09-04,Fake HR caller,unknown,victim_facing,yes,no,Atlas victim_facing layer,recruiter,social_engineering_operator,"Impersonating an HR executive, offering paid review tasks, seeding trust with small payouts and escalating to paid tasks.",yes,witness_or_statement,message_or_email_content,unclear,The applicant in the proceeding was not directly identified as this caller.,,SRC-SEIAI-0003-01,Separated from account-supply and cash-out roles.
SEIAI-0003-A02,SEIAI-0003,reviewed,0.2.0,Hamzah,2026-09-04,Account-supply and circulation actor,identified,financial,no,yes,Atlas financial layer,account_provider,intermediary,Allegedly supplying/circulating mule bank-account details used by the fraud network.,no,message_or_email_content,bank_account_or_money_flow,moderate,"The evidence supports an alleged financial-infrastructure role, not that this actor made the original HR call.",The applicant argued that his cryptocurrency activity was legitimate and that he did not know the complainant.,SRC-SEIAI-0003-01,This is the role assessed in the existing incident-level attribution field.
SEIAI-0003-A03,SEIAI-0003,reviewed,0.2.0,Hamzah,2026-09-04,CCTV-identified cash-withdrawal actor,identified,financial,no,yes,Atlas financial layer,cashout_actor,,Withdrawing fraud-linked funds from a beneficiary account and handing cash onward in the downstream chain.,no,cctv_or_location,bank_account_or_money_flow,moderate,"Bank CCTV and the money trail support the withdrawal role, but this does not establish authorship of the original HR impersonation or control of the wider scheme.",Cash-out can establish a downstream role without authorship of fraud communications.,SRC-SEIAI-0003-01,"Identified downstream cash-out role, distinct from the account-supply actor and fake HR caller."
SEIAI-0003-A04,SEIAI-0003,reviewed,0.2.0,Hamzah,2026-09-04,Calling-infrastructure operator(s),unknown,technical,no,no,no paper-specific evidence assigning either primary function,technical_infrastructure_operator,,Operating or controlling the calling infrastructure associated with the victim contact.,unknown,documentary_record,unclear,not_assessed,"The investigation traced calling numbers to waho.pro and noted U.S. hosting, but operator-side inquiry was still pending and no human operator was identified.",,SRC-SEIAI-0003-01,Technical layer separated from the financial layer.
SEIAI-0004-A01,SEIAI-0004,reviewed,0.2.0,Hamzah,2026-09-04,Fake Canada-relative caller,unknown,victim_facing,yes,no,Atlas victim_facing layer,social_engineering_operator,victim_facing_operator,"Impersonating the victim real Canada-based relative, presenting the fake incoming transfer and requesting emergency funds.",yes,witness_or_statement,message_or_email_content,unclear,The human operator is not identified in the reviewed order.,,SRC-SEIAI-0004-01,"May overlap with other callers, but the source presents distinct personas."
SEIAI-0004-A02,SEIAI-0004,reviewed,0.2.0,Hamzah,2026-09-04,Fake Axis Bank corroborator,unknown,victim_facing,yes,no,Atlas victim_facing layer,social_engineering_operator,,Impersonating an Axis Bank head-office employee to corroborate the fictitious incoming transfer.,yes,witness_or_statement,,unclear,"No telecom, device or platform record identifies the caller.",,SRC-SEIAI-0004-01,Could be the same human as another caller; identity equivalence is not inferred.
SEIAI-0004-A03,SEIAI-0004,reviewed,0.2.0,Hamzah,2026-09-04,Medical-emergency caller,unknown,victim_facing,yes,no,Atlas victim_facing layer,social_engineering_operator,,Using emotional distress and a medical-emergency narrative to reinforce the urgent payment request.,yes,witness_or_statement,,unclear,The operator identity and relationship to the other personas are not established.,,SRC-SEIAI-0004-01,"Persona may have been operated by the same person as another role, but no inference is made."
SEIAI-0004-A04,SEIAI-0004,reviewed,0.2.0,Hamzah,2026-09-04,Beneficiary-account-linked downstream actor,identified,financial,no,yes,Atlas financial layer,intermediary,bank_account_controller,"Alleged downstream connection to the account that received the victim INR 400,000 transfer.",no,bank_account_or_money_flow,sim_or_subscriber_record,limited,"The order does not establish that this actor made any of the relative, bank-official or medical-emergency calls; account control/knowledge is contested.",The actor may have been associated with the beneficiary account without being a social-engineering operator.,SRC-SEIAI-0004-01,Financial role deliberately separated from all three victim-facing personas.
SEIAI-0005-A01,SEIAI-0005,reviewed,0.2.0,Hamzah,2026-09-04,Fake Yahoo customer-support operator,unknown,victim_facing,yes,no,Atlas victim_facing layer,victim_facing_operator,social_engineering_operator,"Posing as customer support, inducing APK installation and eliciting debit-card information.",yes,witness_or_statement,,unclear,The public order does not identify the human operator of the fake support number.,,SRC-SEIAI-0005-01,Victim-facing role separated from later cash-out network.
SEIAI-0005-A02,SEIAI-0005,reviewed,0.2.0,Hamzah,2026-09-04,APK and compromise-infrastructure operator(s),unknown,technical,no,no,no paper-specific evidence assigning either primary function,technical_infrastructure_operator,,Supplying or operating the malicious APK/infrastructure that enabled device/card compromise.,unknown,documentary_record,ip_or_login_record,unclear,The order describes the APK mechanism and downstream technical records but does not provide a direct forensic chain tying the APK/infrastructure to a specific human operator.,,SRC-SEIAI-0005-01,"Could overlap with the support caller, but this is not established."
SEIAI-0005-A03,SEIAI-0005,reviewed,0.2.0,Hamzah,2026-09-04,Cash-out and beneficiary actor linked by CCTV/location,identified,financial,no,yes,Atlas financial layer,cashout_actor,bank_account_controller,Allegedly receiving and withdrawing fraud-linked funds within the downstream network.,no,cctv_or_location,bank_account_or_money_flow,moderate,The evidence supports a downstream cash-out role but does not show that this actor operated the fake customer-care number or APK.,The actor denied involvement and disputed the significance of location evidence.,SRC-SEIAI-0005-01,Financial layer only.
SEIAI-0006-A01,SEIAI-0006,reviewed,0.2.0,Hamzah,2026-09-04,Victim-facing call-centre agents,actor_cluster,victim_facing,yes,no,Atlas victim_facing layer,social_engineering_operator,victim_facing_operator,"Impersonating Microsoft/Apple personnel, presenting technical-support pretexts, inducing remote access and requesting payment.",yes,device_possession_or_forensics,message_or_email_content,moderate,The order does not map each victim interaction to a specific call-centre agent/session.,Operational evidence can establish the scheme without proving which individual agent handled each victim.,SRC-SEIAI-0006-01,"Cluster-level conduct assessment, not a finding about every worker."
SEIAI-0006-A02,SEIAI-0006,reviewed,0.2.0,Hamzah,2026-09-04,Call-centre ownership/management actor,identified,organisational,no,no,no paper-specific evidence assigning either primary function,organiser,coordinator,Owning/managing or exercising operational control over the call-centre business connected to the documented fraud infrastructure.,unknown,multiple_independent_sources,documentary_record,strong,The order is at bail stage and does not establish that the management actor personally made each fraudulent call.,The applicant argued that he was merely an owner and that commercial transfers were legitimate.,SRC-SEIAI-0006-01,"Strength applies to ownership/operational linkage, not victim-specific calling conduct."
SEIAI-0006-A03,SEIAI-0006,reviewed,0.2.0,Hamzah,2026-09-04,Malicious pop-up and remote-access infrastructure operator(s),actor_cluster,technical,no,no,no paper-specific evidence assigning either primary function,technical_infrastructure_operator,,Operating malicious URLs/pop-ups and technical infrastructure used to route victims into the support scam and enable remote access.,no,device_possession_or_forensics,documentary_record,moderate,The public material does not attribute each infrastructure component or remote session to a particular human operator.,,SRC-SEIAI-0006-01,May overlap with management or agent roles.
SEIAI-0007-A01,SEIAI-0007,reviewed,0.2.0,Hamzah,2026-09-04,Actor linked to fake matrimonial/profile operation,identified,hybrid,uncertain,uncertain,paper boundary: focal victim-facing linkage incomplete; paper boundary: focal financial linkage incomplete,platform_account_operator,social_engineering_operator,Alleged operation of multiple fictitious identities and participation in the broader relationship-based fraud pattern.,unknown,device_possession_or_forensics,multiple_independent_sources,strong,The case remained at trial stage and the evidence did not fully map every specific victim interaction to the identified actor.,The defence argued that beneficiary accounts were not in the actor name and that residence/location with co-accused did not prove direct participation.,SRC-SEIAI-0007-01,"Strength concerns the fake-identity operation, not a final guilt finding or every specific call."
SEIAI-0007-A02,SEIAI-0007,reviewed,0.2.0,Hamzah,2026-09-04,Fake Customs caller,unknown,victim_facing,yes,no,Atlas victim_facing layer,social_engineering_operator,victim_facing_operator,Impersonating Customs and demanding an airport penalty and later clearance payment.,yes,witness_or_statement,message_or_email_content,unclear,The specific human operator of the Customs persona is not identified.,,SRC-SEIAI-0007-01,May or may not overlap with the fake matrimonial persona operator.
SEIAI-0007-A03,SEIAI-0007,reviewed,0.2.0,Hamzah,2026-09-04,Beneficiary-account and cash-out network,actor_cluster,financial,no,yes,Atlas financial layer,bank_account_controller,cashout_actor,Providing/controlling accounts and cashing out proceeds across the wider fraud network.,no,bank_account_or_money_flow,cctv_or_location,moderate,Financial/cash-out evidence does not establish which actors created or operated each victim-facing persona.,Some account-linked persons may have narrower mule or cash-out roles.,SRC-SEIAI-0007-01,"Wider network, not limited to the single complainant payment."
SEIAI-0008-A01,SEIAI-0008,reviewed,0.2.0,Hamzah,2026-09-04,SMS/call social-engineering operator,unknown,victim_facing,yes,no,Atlas victim_facing layer,social_engineering_operator,victim_facing_operator,Sending/using the service-closure message and call to induce the victim to click the suspicious link.,yes,witness_or_statement,documentary_record,unclear,The operator identity is not established in the banking-liability litigation.,,SRC-SEIAI-0008-01;SRC-SEIAI-0008-02,Victim-facing conduct is clearer than human identity.
SEIAI-0008-A02,SEIAI-0008,reviewed,0.2.0,Hamzah,2026-09-04,Credential/transaction compromise operator,unknown,technical,no,no,no paper-specific evidence assigning either primary function,technical_infrastructure_operator,platform_account_operator,Obtaining or using valid banking authentication after the victim clicked the suspicious link.,unknown,ip_or_login_record,bank_account_or_money_flow,unclear,The exact compromise mechanism and operator identity were not forensically established.,The victim asserted malware/compromise without OTP sharing; the bank argued the link click enabled credential misuse.,SRC-SEIAI-0008-01;SRC-SEIAI-0008-02,"Could overlap with the SMS/call operator, but this is unresolved."
SEIAI-0008-A03,SEIAI-0008,reviewed,0.2.0,Hamzah,2026-09-04,Transaction beneficiary actor(s),actor_cluster,financial,no,yes,Atlas financial layer,bank_account_controller,intermediary,"Receiving the two unauthorised internet-banking transfers totalling INR 260,000.",no,bank_account_or_money_flow,documentary_record,limited,Beneficiary information does not identify the social-engineering operator or establish account-controller knowledge/intent.,A beneficiary account can be an intermediary or mule layer rather than the originator of deception.,SRC-SEIAI-0008-01;SRC-SEIAI-0008-02,Financial layer separated from the unresolved technical compromise.
SEIAI-0009-A01,SEIAI-0009,reviewed,0.2.0,Hamzah,2026-09-04,Payment-account and mobile-linked actor,identified,financial,no,yes,Atlas financial layer,bank_account_controller,intermediary,Alleged control/use of payment accounts and a mobile number linked to fraud proceeds and related complaints.,no,bank_account_or_money_flow,cdr_or_telecom_record,moderate,This evidence supports a financial/mobile association but does not establish technical takeover of the superior WhatsApp account.,The actor claimed a friend had taken his account details for receiving funds from abroad.,SRC-SEIAI-0009-01,"Potentially the same human alleged to have performed the takeover, but that conduct is assessed separately."
SEIAI-0009-A02,SEIAI-0009,reviewed,0.2.0,Hamzah,2026-09-04,WhatsApp takeover and impersonation operator,partially_identified,hybrid,yes,no,paper functional override: victim-facing conduct,platform_account_operator,social_engineering_operator,Taking over the reporting officer WhatsApp account and issuing payment requests through the trusted superior identity.,yes,bank_account_or_money_flow,cdr_or_telecom_record,limited,No detailed platform/device/session evidence directly proves the takeover mechanism or ties the critical WhatsApp session to the alleged operator.,The financial/mobile-linked actor could be a downstream recipient or facilitator rather than the takeover operator.,SRC-SEIAI-0009-01,"The source alleges overlap with A01, but the roles remain separate because the evidentiary basis differs."
SEIAI-0010-A01,SEIAI-0010,reviewed,0.2.0,Hamzah,2026-09-04,Initial sexual-video caller,unknown,victim_facing,yes,no,Atlas victim_facing layer,social_engineering_operator,victim_facing_operator,Initiating the sexual video interaction and attempting to induce compromising conduct.,yes,witness_or_statement,message_or_email_content,unclear,No direct device/account/platform attribution identifies the human operator.,,SRC-SEIAI-0010-01,"Could overlap with the later extortion persona, but the source does not establish this."
SEIAI-0010-A02,SEIAI-0010,reviewed,0.2.0,Hamzah,2026-09-04,“Rahul” extortion persona/operator,unknown,victim_facing,yes,no,Atlas victim_facing layer,social_engineering_operator,victim_facing_operator,"Sending the recorded video, claiming a cyber offence, threatening FIR/publication and demanding escalating payments.",yes,witness_or_statement,message_or_email_content,unclear,“Rahul” is a reported persona; the human operator behind it is not identified.,,SRC-SEIAI-0010-01,Persona label is not treated as a verified identity.
SEIAI-0010-A03,SEIAI-0010,reviewed,0.2.0,Hamzah,2026-09-04,Bail applicant linked to extortion network,identified,financial,no,yes,Atlas financial layer,intermediary,money_mule,Alleged participation in the extortion network through co-accused linkage and sharing/receipt of proceeds.,no,co_accused_link,bank_account_or_money_flow,limited,"The public material does not directly connect this actor to the initial video call, Rahul persona or extortion communications.",The actor argued that he was implicated only through a co-accused disclosure statement.,SRC-SEIAI-0010-01,Financial/network association only.
SEIAI-0010-A04,SEIAI-0010,reviewed,0.2.0,Hamzah,2026-09-04,Beneficiary-account holder/controller cluster,actor_cluster,financial,no,yes,Atlas financial layer,bank_account_controller,money_mule,Receiving the victim multiple transfers across several accounts.,no,bank_account_or_money_flow,documentary_record,limited,"Receipt of funds does not establish who conducted the sexual lure or extortion communications, nor the knowledge of every account-linked person.",Some accounts may have functioned as mule/intermediary accounts.,SRC-SEIAI-0010-01,May overlap with A03 or other downstream actors.
SEIAI-0011-A01,SEIAI-0011,reviewed,0.2.0,Hamzah,2026-09-04,Layered surveillance/CBI/judge impersonation operator(s),actor_cluster,victim_facing,yes,no,Atlas victim_facing layer,social_engineering_operator,victim_facing_operator,"Conducting the surveillance-officer, CBI-officer and fake-judge interactions, presenting a purported Supreme Court order, isolating the complainant and directing transfers.",yes,witness_or_statement,message_or_email_content,unclear,"The victim-facing conduct is reconstructed in detail, but the reviewed public material does not identify the human operators behind the impersonating accounts.",,SRC-SEIAI-0011-01,The several personas may have been operated by one or more humans; the Atlas does not infer identity equivalence.
SEIAI-0011-A02,SEIAI-0011,reviewed,0.2.0,Hamzah,2026-09-04,First-layer beneficiary-account and telecom-linked actor,identified,financial,no,yes,Atlas financial layer,bank_account_controller,sim_or_device_user,Alleged control/use of a first-layer beneficiary account and associated telecom/device activity through which part of the complainant’s funds moved.,no,bank_account_or_money_flow,cdr_or_telecom_record,moderate,"Bank, subscriber, location and CDR evidence materially supports the downstream role, but does not establish that this actor conducted the original impersonation.","The actor claimed his email was hacked and cited suspicious Singapore logins, leaving account-control explanations disputed at bail stage.",SRC-SEIAI-0011-01,Financial/telecom role is deliberately separated from the victim-facing impersonation layer.
SEIAI-0012-A01,SEIAI-0012,reviewed,0.2.0,Hamzah,2026-09-04,FedEx and Mumbai Cyber Crime impersonation operator(s),actor_cluster,victim_facing,yes,no,Atlas victim_facing layer,social_engineering_operator,victim_facing_operator,"Impersonating FedEx and law-enforcement personnel, maintaining the victim’s digital confinement and coercing two transfers.",yes,witness_or_statement,message_or_email_content,unclear,The source reconstructs the victim-facing scheme but does not identify the human operators behind the FedEx/police identities.,,SRC-SEIAI-0012-01,Victim-facing layer remains separate from the alleged financial arm.
SEIAI-0012-A02,SEIAI-0012,reviewed,0.2.0,Hamzah,2026-09-04,Financial-arm account/device actor,identified,hybrid,no,yes,paper functional override: financial conduct,bank_account_controller,sim_or_device_user,"Allegedly operating or facilitating financial accounts used by the network, with a recovered SIM/device and WhatsApp material concerning account use and cash conversion.",no,multiple_independent_sources,device_possession_or_forensics,moderate,The source materially links this actor to the financial arm but does not show that he performed the original FedEx or police impersonation.,The actor disputed the evidentiary weight of co-accused disclosure and relied on procedural/custody arguments.,SRC-SEIAI-0012-01,The hybrid label captures financial control plus device/SIM evidence without converting that association into caller attribution.
SEIAI-0013-A01,SEIAI-0013,reviewed,0.2.0,Hamzah,2026-09-04,Stan Chart Dialogue Forum L7 group operator(s),unknown,victim_facing,yes,no,Atlas victim_facing layer,social_engineering_operator,platform_account_operator,"Operating the WhatsApp investment group, presenting investment opportunities and directing the complainant into progressively larger transfers.",yes,witness_or_statement,message_or_email_content,unclear,The notice-stage order provides the complainant narrative but does not identify who controlled the group or its administrator identities.,,SRC-SEIAI-0013-01,"Could overlap with the SCHNW application operator, but the source does not establish this."
SEIAI-0013-A02,SEIAI-0013,reviewed,0.2.0,Hamzah,2026-09-04,SCHNW application operator(s),unknown,technical,no,no,no paper-specific evidence assigning either primary function,technical_infrastructure_operator,platform_account_operator,Operating or controlling the SCHNW investment interface through which the complainant was shown investment activity and withdrawal restrictions.,unknown,documentary_record,unclear,not_assessed,"The reviewed order names the application but provides no developed device, hosting, provider or account-control evidence for its operator.",,SRC-SEIAI-0013-01,Technical application-control attribution cannot yet be assessed.
SEIAI-0013-A03,SEIAI-0013,reviewed,0.2.0,Hamzah,2026-09-04,Bail applicant with undeveloped alleged role,identified,unknown,no,no,no paper-specific evidence assigning either primary function,unknown_role,,Alleged participation in the scheme underlying the anticipatory-bail proceeding.,unknown,unclear,,unclear,The interim notice-stage source does not provide enough applicant-specific evidence to assign a stable operational role.,Applicant-specific control of the group/application is not established in the reviewed material.,SRC-SEIAI-0013-01,Retained as an unknown-role record rather than forcing the applicant into an unsupported victim-facing or financial role.
SEIAI-0014-A01,SEIAI-0014,reviewed,0.2.0,Hamzah,2026-09-04,Airtel/Mumbai Police/CBI impersonation operator(s),actor_cluster,victim_facing,yes,no,Atlas victim_facing layer,social_engineering_operator,victim_facing_operator,"Conducting the initial telecom impersonation and subsequent police/CBI video-call deception, arrest/terror-funding threats and transfer directions.",yes,witness_or_statement,message_or_email_content,unclear,The original caller/video identities are not directly tied to identified human operators in the reviewed public material.,,SRC-SEIAI-0014-01,The victim-facing layer is kept separate from downstream beneficiary-account infrastructure.
SEIAI-0014-A02,SEIAI-0014,reviewed,0.2.0,Hamzah,2026-09-04,Beneficiary-company account controller actor(s),actor_cluster,financial,no,yes,Atlas financial layer,bank_account_controller,intermediary,Allegedly controlling or enabling beneficiary-company accounts used to receive and move portions of the victim’s funds.,no,bank_account_or_money_flow,documentary_record,moderate,Company/account records and transaction evidence support a downstream role but do not establish authorship of the digital-arrest communications or equal knowledge across all account-linked persons.,"Some applicants disputed whether they were victims, peripheral account holders or active participants.",SRC-SEIAI-0014-01,Clustered because the order describes several account-linked actors with different asserted degrees of control.
SEIAI-0014-A03,SEIAI-0014,reviewed,0.2.0,Hamzah,2026-09-04,Account/SIM procurement and coordination actor(s),actor_cluster,financial,no,yes,Atlas financial layer,account_provider,coordinator,"Allegedly procuring, passing or coordinating beneficiary-account details, SIM-linked access and communications used to route funds.",no,multiple_independent_sources,message_or_email_content,moderate,"WhatsApp/account/SIM evidence supports financial-infrastructure coordination, but not original-caller identity or a uniform role for every participant.",Role scope and knowledge remained disputed matters for investigation/trial.,SRC-SEIAI-0014-01,Separated from account ownership because procurement/coordination is different conduct from nominal or beneficial account control.
SEIAI-0015-A01,SEIAI-0015,reviewed,0.2.0,Hamzah,2026-09-04,Fake RBI caller,unknown,victim_facing,yes,no,Atlas victim_facing layer,social_engineering_operator,victim_facing_operator,Initiating the fraud as an RBI official and presenting the fraudulent-credit-card narrative that moved the complainant into the digital-arrest sequence.,yes,witness_or_statement,,unclear,The source reconstructs the call but does not identify the human operator.,,SRC-SEIAI-0015-01,"May be part of the same operational group as later police/ED impersonators, but this is not inferred."
SEIAI-0015-A02,SEIAI-0015,reviewed,0.2.0,Hamzah,2026-09-04,Mumbai Police/ED video-call impersonation operator(s),actor_cluster,victim_facing,yes,no,Atlas victim_facing layer,social_engineering_operator,victim_facing_operator,"Maintaining roughly 11 hours 37 minutes of video surveillance, presenting official-looking material, threatening the complainant/family and directing transfers while posing as police/ED personnel.",yes,witness_or_statement,message_or_email_content,unclear,The impersonating WhatsApp/video identities are not directly attributed through provider or device evidence.,,SRC-SEIAI-0015-01,Distinct victim-facing stage after the initial RBI approach.
SEIAI-0015-A03,SEIAI-0015,reviewed,0.2.0,Hamzah,2026-09-04,Beneficiary-account manipulation/facilitation actor,identified,financial,no,yes,Atlas financial layer,account_provider,intermediary,Allegedly facilitating or manipulating beneficiary-account records/credentials so accounts could be used to receive or route the complainant’s funds.,no,bank_account_or_money_flow,witness_or_statement,moderate,"The financial/account-facilitation evidence does not show that this actor performed the RBI, police or ED impersonation.","A nominal account holder alleged that a bank relationship manager used the account without his knowledge and forged signatures, showing that nominal ownership may differ from operational control.",SRC-SEIAI-0015-01,"Conduct is coded as account facilitation, not victim-facing deception."
SEIAI-0016-A01,SEIAI-0016,reviewed,0.2.0,Hamzah,2026-09-04,BlackRock-branded group/social-ad operator(s),unknown,victim_facing,yes,no,Atlas victim_facing layer,social_engineering_operator,platform_account_operator,"Using a BlackRock-branded social-media/WhatsApp investment-learning workflow, social proof and repeated contact to induce investment.",yes,witness_or_statement,message_or_email_content,unclear,The source reconstructs the group interaction but does not identify the human group/ad operators.,,SRC-SEIAI-0016-01,Victim-facing group operation is distinct from downstream receipt of funds.
SEIAI-0016-A02,SEIAI-0016,reviewed,0.2.0,Hamzah,2026-09-04,Purported Angel One institutional-account operator(s),unknown,technical,no,no,no paper-specific evidence assigning either primary function,platform_account_operator,technical_infrastructure_operator,"Operating or controlling the purported institutional investment-account workflow used to collect identity information, display investments and condition withdrawal on a commission.",unknown,documentary_record,unclear,not_assessed,"No provider, hosting, device or account-control evidence is described that identifies the operator of the purported institutional-account system.",,SRC-SEIAI-0016-01,May overlap with the WhatsApp group operators but no such identity equivalence is assumed.
SEIAI-0016-A03,SEIAI-0016,reviewed,0.2.0,Hamzah,2026-09-04,Applicant-linked proprietorship account actor,identified,financial,no,yes,Atlas financial layer,bank_account_controller,intermediary,Alleged control/use of a proprietorship account that received INR 4.2 million from the focal cheated amount and routed funds onward.,no,bank_account_or_money_flow,documentary_record,moderate,The direct money-flow link supports a downstream financial role but does not establish victim-facing inducement or control of the BlackRock/Angel One identities.,The actor claimed he was himself duped and that no WhatsApp chat connected him to the scheme.,SRC-SEIAI-0016-01,This is the narrow conduct for which the incident-level moderate attribution is supportable.
SEIAI-0017-A01,SEIAI-0017,reviewed,0.2.0,Hamzah,2026-09-04,TRAI/police/fake-CBI-Court impersonation operator(s),actor_cluster,victim_facing,yes,no,Atlas victim_facing layer,social_engineering_operator,victim_facing_operator,"Conducting the TRAI-to-police/CBI escalation, showing a fraudulent court order, imposing digital arrest and directing the transfer.",yes,witness_or_statement,message_or_email_content,unclear,The victim-facing personas are reconstructed but are not tied to identified human operators through provider/device evidence.,,SRC-SEIAI-0017-01,Several personas may represent one or multiple operators; the Atlas keeps them as an unresolved cluster.
SEIAI-0017-A02,SEIAI-0017,reviewed,0.2.0,Hamzah,2026-09-04,Applicant-linked device/account actor,identified,hybrid,no,yes,paper functional override: financial conduct,bank_account_controller,sim_or_device_user,Alleged downstream operation or association with a device/account used in the financial and communications network.,no,device_possession_or_forensics,bank_account_or_money_flow,moderate,Device/account evidence supports downstream involvement but does not establish that this actor spoke to the complainant or created the fake court communication.,Association with an account/device may reflect a narrower role than victim-facing operation.,SRC-SEIAI-0017-01,Role-specific separation prevents the device/account link from becoming caller attribution.
SEIAI-0017-A03,SEIAI-0017,reviewed,0.2.0,Hamzah,2026-09-04,Second-layer beneficiary-account cluster,actor_cluster,financial,no,yes,Atlas financial layer,bank_account_controller,money_mule,Receiving and moving the complainant’s transferred funds through multiple downstream accounts.,no,bank_account_or_money_flow,documentary_record,limited,The public material supports the existence of downstream accounts but does not establish the knowledge or control of every account-linked person.,Some accounts may have served as mule/intermediary accounts without their holders operating the digital-arrest deception.,SRC-SEIAI-0017-01,Cluster-level record for the seven-account financial layer.
SEIAI-0018-A01,SEIAI-0018,reviewed,0.2.0,Hamzah,2026-09-04,Equity Hub 41 / ACT ALPHA victim-facing operator(s),unknown,victim_facing,yes,no,Atlas victim_facing layer,social_engineering_operator,platform_account_operator,"Operating the WhatsApp group, posing as investment experts/ACT ALPHA representatives, borrowing SEBI legitimacy and inducing repeated investments.",yes,witness_or_statement,message_or_email_content,unclear,The source gives a detailed victim narrative but does not identify who controlled the victim-facing accounts/personas.,,SRC-SEIAI-0018-01,Victim-facing layer remains distinct from the petitioners’ account-use allegations.
SEIAI-0018-A02,SEIAI-0018,reviewed,0.2.0,Hamzah,2026-09-04,ACT ALPHA investment-platform operator(s),unknown,technical,no,no,no paper-specific evidence assigning either primary function,technical_infrastructure_operator,platform_account_operator,Operating the purported investment platform/interface that displayed allocations/returns and supported the investment pretext.,unknown,documentary_record,unclear,not_assessed,"The bail material does not provide provider, hosting, device or operator-control evidence for the platform.",,SRC-SEIAI-0018-01,Technical control cannot yet be assessed.
SEIAI-0018-A03,SEIAI-0018,reviewed,0.2.0,Hamzah,2026-09-04,Petitioner-linked account-use actor cluster,actor_cluster,financial,no,yes,Atlas financial layer,account_provider,bank_account_controller,Allegedly opening or permitting use of accounts through which portions of cheated funds were routed.,no,bank_account_or_money_flow,documentary_record,limited,The High Court described the allegation mainly as permitting use of accounts and noted no material of personal withdrawal/direct pecuniary benefit; this does not establish victim-facing inducement.,The petitioners argued that accounts were opened at another person’s instigation and operated by others.,SRC-SEIAI-0018-01,Actor-cluster row reflects similar alleged account-facilitation conduct across the petitioners.
SEIAI-0019-A01,SEIAI-0019,reviewed,0.2.0,Hamzah,2026-09-04,Franklin Templeton/A13 group impersonation operator(s),partially_identified,victim_facing,yes,no,Atlas victim_facing layer,social_engineering_operator,platform_account_operator,Operating the WhatsApp investment group while impersonating Franklin Templeton personnel and inducing the complainant to invest.,yes,witness_or_statement,message_or_email_content,unclear,The reviewed public material does not identify the human operators behind the WhatsApp identities.,,SRC-SEIAI-0019-01,Victim-facing operators are distinct from the NGO-linked recipient account. v0.2.0 identity-resolution correction: named applicant is actor-specifically linked in the source to adding/impersonating the complainant within the fraudulent WhatsApp group; partially identified does not imply guilt.
SEIAI-0019-A02,SEIAI-0019,reviewed,0.2.0,Hamzah,2026-09-04,SENDS INV application operator(s),unknown,technical,no,no,no paper-specific evidence assigning either primary function,technical_infrastructure_operator,platform_account_operator,Operating or controlling the SENDS INV investment application/interface used in the fraudulent investment workflow.,unknown,documentary_record,unclear,not_assessed,"No operator-side platform, device or provider records are described that identify the person controlling the application.",,SRC-SEIAI-0019-01,"Could overlap with the WhatsApp operators, but no such inference is made."
SEIAI-0019-A03,SEIAI-0019,reviewed,0.2.0,Hamzah,2026-09-04,NGO-linked beneficiary-account actor,identified,financial,no,yes,Atlas financial layer,bank_account_controller,intermediary,"Alleged association/control of an NGO bank account that received INR 975,000 from the focal complainant and allegedly received commission from cyber-fraud proceeds.",no,bank_account_or_money_flow,documentary_record,moderate,"Direct financial linkage supports a downstream account role but does not establish operation of the Franklin Templeton identity, group or application.",The account was jointly operated by NGO office bearers and the actor disputed knowledge of the broader fraud.,SRC-SEIAI-0019-01,The account-control/knowledge question remains distinct from the victim-facing deception.
SEIAI-0020-A01,SEIAI-0020,reviewed,0.2.0,Hamzah,2026-09-04,Multi-agency WhatsApp impersonation operator(s),actor_cluster,victim_facing,yes,no,Atlas victim_facing layer,social_engineering_operator,victim_facing_operator,"Impersonating telecom/police/ED/CBI authorities, using forged notices and continuous video surveillance, eliciting account information and directing the family’s transfers.",yes,witness_or_statement,message_or_email_content,unclear,"The source itself notes no material tying the downstream applicant to the victim-facing WhatsApp calls, forged documents or direct inducement; the original operators remain unresolved.",,SRC-SEIAI-0020-01,Victim-facing layer is deliberately separated from account/OTP facilitation.
SEIAI-0020-A02,SEIAI-0020,reviewed,0.2.0,Hamzah,2026-09-04,Amigo Marine account/OTP facilitation actor,identified,hybrid,no,yes,paper functional override: financial conduct,bank_account_controller,sim_or_device_user,Alleged control/operation of the Amigo Marine Services bank account and forwarding of transaction OTPs to co-accused to enable movement of funds.,no,multiple_independent_sources,cdr_or_telecom_record,moderate,"OTP forwarding, account association, repeated CDR contact and seized-device evidence support a downstream facilitation role but not original impersonation conduct.",The evidence may establish financial facilitation without proving participation in the initial social-engineering interaction; knowledge and intent remain trial issues.,SRC-SEIAI-0020-01,Key example where a strong association to financial/communication infrastructure must not be converted into caller attribution.
SEIAI-0020-A03,SEIAI-0020,reviewed,0.2.0,Hamzah,2026-09-04,Downstream fund-siphoning actor cluster,actor_cluster,financial,no,yes,Atlas financial layer,intermediary,cashout_actor,"Receiving, routing or siphoning funds from the account layer after transfer/OTP facilitation.",no,bank_account_or_money_flow,co_accused_link,limited,"The reviewed source describes co-accused financial movement but does not fully decompose each downstream person’s control, knowledge or cash-out conduct.",Some participants may have occupied narrower intermediary roles.,SRC-SEIAI-0020-01,"Cluster retained only at the downstream financial layer, not as a proxy for the original social-engineering team."
SEIAI-0021-A01,SEIAI-0021,reviewed,0.2.0,Hamzah,2026-09-04,Daiwa-branded phone/WhatsApp/Telegram operator(s),unknown,victim_facing,yes,no,Atlas victim_facing layer,social_engineering_operator,victim_facing_operator,"Impersonating Daiwa Securities personnel across phone, WhatsApp and Telegram and inducing the complainant to make repeated investments.",yes,witness_or_statement,message_or_email_content,unclear,The source reconstructs the inducement but does not identify the human operators behind the Daiwa-branded identities.,,SRC-SEIAI-0021-01,Victim-facing operation remains separate from beneficiary-account use.
SEIAI-0021-A02,SEIAI-0021,reviewed,0.2.0,Hamzah,2026-09-04,m.dwa-ai.com / investment-interface operator(s),unknown,technical,no,no,no paper-specific evidence assigning either primary function,technical_infrastructure_operator,platform_account_operator,Operating the purported investment website/interface used to display and manage the fraudulent investment workflow.,unknown,documentary_record,unclear,not_assessed,The reviewed material does not provide provider-side or device-control evidence identifying the website operator.,,SRC-SEIAI-0021-01,Could overlap with the victim-facing group operators; no identity equivalence is inferred.
SEIAI-0021-A03,SEIAI-0021,reviewed,0.2.0,Hamzah,2026-09-04,Applicant business-account receipt/cash-out actor,identified,financial,no,yes,Atlas financial layer,cashout_actor,bank_account_controller,"Receiving a portion of the cheated funds in a business account, transferring funds onward and carrying out/being linked to rapid cash withdrawals as described in the bail record.",no,bank_account_or_money_flow,financial_withdrawal_or_cashout,moderate,"The narrow financial conduct is materially supported, but the source does not establish that this actor induced the complainant or operated the Daiwa identities.",The actor argued the business account was legitimate and merely used by fraudsters.,SRC-SEIAI-0021-01,Actor-level score is moderate for receipt/onward movement/cash-out conduct even though the incident-level attribution remains limited for broader participation.
SEIAI-0022-A01,SEIAI-0022,reviewed,0.2.0,Hamzah,2026-09-04,“Chaya P” Telegram recruiter/operator,unknown,victim_facing,yes,no,Atlas victim_facing layer,recruiter,social_engineering_operator,"Offering work-from-home review/rating work on Telegram, building trust with a no-fee promise/initial earnings and escalating the victim into deposits.",yes,witness_or_statement,message_or_email_content,unclear,“Chaya P” is a reported persona and the public source does not resolve the human operator behind it.,,SRC-SEIAI-0022-01,Persona label is not treated as verified identity.
SEIAI-0022-A02,SEIAI-0022,reviewed,0.2.0,Hamzah,2026-09-04,“Global” task-system operator(s),unknown,technical,no,no,no paper-specific evidence assigning either primary function,platform_account_operator,technical_infrastructure_operator,"Operating the registration/task/earnings interface through which bonuses, displayed balances and withdrawal conditions were presented.",unknown,documentary_record,unclear,not_assessed,The source documents the interface but not its human or technical operator through provider/device evidence.,,SRC-SEIAI-0022-01,"May overlap with the recruiter, but the source does not establish this."
SEIAI-0022-A03,SEIAI-0022,reviewed,0.2.0,Hamzah,2026-09-04,Account/SIM supply and routing actor,identified,financial,no,yes,Atlas financial layer,account_provider,sim_or_device_user,Allegedly supplying his own and other people’s bank accounts and linked SIMs for receipt and routing of cheated amounts.,no,bank_account_or_money_flow,sim_or_subscriber_record,moderate,"The account/SIM facilitation evidence supports a downstream financial role, not design or operation of the Telegram recruitment/task workflow.",A financial-facilitation role could be narrower than knowledge of or participation in the complete social-engineering scheme.,SRC-SEIAI-0022-01,This role maps closely to the existing incident-level attribution target.
SEIAI-0023-A01,SEIAI-0023,reviewed,0.2.0,Hamzah,2026-09-04,COS Telegram recruitment/task operator(s),unknown,victim_facing,yes,no,Atlas victim_facing layer,social_engineering_operator,recruiter,"Recruiting the victim through Telegram/COS, using social proof and a successful initial withdrawal to induce repeated much larger task/investment transfers.",yes,witness_or_statement,message_or_email_content,unclear,The victim-facing sequence is detailed but the human operator(s) behind the Telegram/COS identities are not identified.,,SRC-SEIAI-0023-01,Victim-facing role is separable from the bail applicant’s undeveloped alleged role.
SEIAI-0023-A02,SEIAI-0023,reviewed,0.2.0,Hamzah,2026-09-04,COS investment/task interface operator(s),unknown,technical,no,no,no paper-specific evidence assigning either primary function,platform_account_operator,technical_infrastructure_operator,Operating the COS task/investment interface that displayed earnings and later conditioned withdrawal on an additional VIP secure-transfer payment.,unknown,documentary_record,unclear,not_assessed,The reviewed source provides no developed platform/provider/device control evidence identifying the operator.,,SRC-SEIAI-0023-01,Could overlap with the Telegram actors but no inference is made.
SEIAI-0023-A03,SEIAI-0023,reviewed,0.2.0,Hamzah,2026-09-04,Bail applicant with insufficiently specified role,identified,unknown,no,no,no paper-specific evidence assigning either primary function,unknown_role,,Alleged participation in the charged network underlying the bail proceeding.,unknown,unclear,,unclear,The public bail order contains little applicant-specific evidentiary detail and does not permit a granular operational role assignment.,The applicant was not named in the FIR and asserted false implication.,SRC-SEIAI-0023-01,Unknown-role coding prevents the judicial fact of prosecution from being mistaken for evidence of a particular cybercrime function.
SEIAI-0024-A01,SEIAI-0024,reviewed,0.2.0,Hamzah,2026-09-04,Fake Bajaj Finance HR recruiter,unknown,victim_facing,yes,no,Atlas victim_facing layer,recruiter,social_engineering_operator,"Impersonating Bajaj Finance HR on WhatsApp, offering part-time work and moving the victim into the Telegram task workflow.",yes,witness_or_statement,message_or_email_content,unclear,The HR identity is a reported persona; the human operator is not identified in the reviewed public material.,,SRC-SEIAI-0024-01,Initial recruitment stage is separated from the later Telegram task-operation stage.
SEIAI-0024-A02,SEIAI-0024,reviewed,0.2.0,Hamzah,2026-09-04,Telegram receptionist/tutor/task operator cluster,actor_cluster,victim_facing,yes,no,Atlas victim_facing layer,social_engineering_operator,platform_account_operator,"Operating multiple Telegram task personas/groups, paying small real amounts, assigning review/merchant/welfare tasks and escalating deposit requirements.",yes,witness_or_statement,message_or_email_content,unclear,The public order reconstructs several online personas but does not resolve which humans controlled them or whether one person controlled multiple identities.,,SRC-SEIAI-0024-01,Cluster avoids treating each persona name as a distinct verified person.
SEIAI-0024-A03,SEIAI-0024,reviewed,0.2.0,Hamzah,2026-09-04,Applicant-linked beneficiary-account actor,identified,financial,no,yes,Atlas financial layer,bank_account_controller,intermediary,"Alleged receipt of INR 35,000 from the complainant in the actor’s account as part of the downstream payment chain.",no,bank_account_or_money_flow,documentary_record,limited,Direct receipt supports a financial association but does not establish authorship of the Bajaj/Telegram communications or knowledge of the complete fraud.,Account receipt can reflect a narrower downstream role; the actor disputed culpable involvement.,SRC-SEIAI-0024-01,Kept at limited because the reviewed source does not supply a stronger knowledge/control chain for the overall scheme.
SEIAI-0025-A01,SEIAI-0025,reviewed,0.2.0,Hamzah,2026-09-04,Facebook/Telegram hotel-rating task operator(s),actor_cluster,victim_facing,yes,no,Atlas victim_facing layer,social_engineering_operator,recruiter,"Moving the victim from a Facebook advertisement into Telegram hotel-rating/investment tasks, using successful small returns and a false account-freeze problem to induce escalating deposits.",yes,witness_or_statement,message_or_email_content,unclear,The source reconstructs the online task identities but does not identify the human operators behind them.,,SRC-SEIAI-0025-01,The task operators are distinct from the alleged account-procurement layer.
SEIAI-0025-A02,SEIAI-0025,reviewed,0.2.0,Hamzah,2026-09-04,Bank-account/ATM/mobile procurement actor,identified,financial,no,yes,Atlas financial layer,account_provider,intermediary,"Allegedly arranging bank accounts, ATM cards and linked mobile numbers for use by the fraud network.",no,bank_account_or_money_flow,co_accused_link,moderate,The public evidence supports an account-procurement/facilitation allegation but does not establish direct operation of the Facebook ad or Telegram task identities.,The actor disputed involvement and relied on the documentary nature of the transactions.,SRC-SEIAI-0025-01,"Role is financial infrastructure, not victim-facing social engineering."
SEIAI-0025-A03,SEIAI-0025,reviewed,0.2.0,Hamzah,2026-09-04,Beneficiary-account network,actor_cluster,financial,no,yes,Atlas financial layer,bank_account_controller,money_mule,Receiving and routing the victim’s staged payments through accounts supplied to or used by the scheme.,no,bank_account_or_money_flow,documentary_record,limited,The record supports a downstream account layer but does not establish the knowledge or operational role of every account holder.,Some accounts may have served as mule/intermediary infrastructure.,SRC-SEIAI-0025-01,Cluster records the financial layer without converting account receipt into identity of the social-engineering operators.
SEIAI-0026-A01,SEIAI-0026,reviewed,0.2.0,Hamzah,2026-09-04,Alleged Army-Major relationship operator,identified,hybrid,yes,no,paper functional override: victim-facing conduct,social_engineering_operator,victim_facing_operator,"Allegedly presenting himself as an Army Major, using military status and a marriage/relationship pretext to build trust and induce transfer of money/property.",yes,multiple_independent_sources,witness_or_statement,moderate,"The complainant narrative, CDR and recovered uniform/device material provide multiple links, but the source is a bail-stage record and the alleged impersonation remains subject to trial.",The actor alleged false implication and disputed the circumstances of arrest/investigation.,SRC-SEIAI-0026-01,"Unlike many Atlas cases, the alleged victim-facing operator is an identified person, but adjudication is incomplete."
SEIAI-0026-A02,SEIAI-0026,reviewed,0.2.0,Hamzah,2026-09-04,Alleged financial receipt/ATM-use actor,identified,financial,no,yes,Atlas financial layer,cashout_actor,bank_account_controller,"Allegedly receiving the INR 400,000 transfer and/or using the complainant’s ATM card for additional withdrawals within the relationship-based scheme.",yes,bank_account_or_money_flow,cdr_or_telecom_record,moderate,"The source describes financial exploitation tied to the same identified actor, but exact ATM/device evidence and total loss beyond the normalized INR 400,000 remain incomplete at bail stage.",The actor disputed the complainant’s allegations and criminal intent.,SRC-SEIAI-0026-01,"Same human as A01, represented separately because financial use is distinct conduct with a different evidentiary basis."
SEIAI-0027-A01,SEIAI-0027,reviewed,0.2.0,Hamzah,2026-09-04,Convicted relationship-deception and coercion actor,identified,hybrid,yes,no,paper functional override: victim-facing conduct,social_engineering_operator,platform_account_operator,"Initiating/persisting in Facebook contact, making false employment/marriage representations, moving the relationship to WhatsApp, recording intimate material and later using it for coercion/threats.",yes,multiple_independent_sources,device_possession_or_forensics,strong,"Attribution is unusually strong because the final appellate judgment upheld conviction after detailed consideration of seized devices, FSL extraction/authenticity, victim evidence and defence challenges; the Atlas still limits the claim to adjudicated conduct.","The defence challenged consent, electronic-evidence integrity/Section 65B and possible manipulation; those arguments were rejected by the appellate court.",SRC-SEIAI-0027-01,One actor-role row is sufficient because the adjudicated evidence links the same identified appellant across the relationship and coercive digital conduct.
SEIAI-0028-A01,SEIAI-0028,reviewed,0.2.0,Hamzah,2026-09-04,Alleged Army-officer matrimonial persona actor,identified,victim_facing,yes,no,Atlas victim_facing layer,social_engineering_operator,victim_facing_operator,"Allegedly presenting himself as an Army officer/former officer, using uniform photos/videos, property/business representations and marriage intent to build trust.",yes,witness_or_statement,documentary_record,unclear,Core deception/relationship issues were left for trial; RFSL analysis was incomplete and the source contains competing accounts of the relationship.,The actor characterized the matter as a civil/relationship dispute and disputed criminal intent.,SRC-SEIAI-0028-01,"Identity of the person is known, but whether the professional/matrimonial representations constituted the alleged deception remains unresolved."
SEIAI-0028-A02,SEIAI-0028,reviewed,0.2.0,Hamzah,2026-09-04,Relationship-linked money-request/recipient actor,identified,financial,yes,yes,Atlas financial layer; paper functional override: victim-facing conduct,intermediary,bank_account_controller,Requesting and receiving money during the relationship for alleged hotel/business needs as described in the complaint/status reports.,yes,bank_account_or_money_flow,witness_or_statement,limited,"The public source contains a material conflict between INR 815,000 alleged in the complaint and INR 415,000 in the police status report, with the latter reportedly returned; receipt alone does not establish fraudulent intent.",The actor said money was repaid and characterized the dispute as non-criminal.,SRC-SEIAI-0028-01,Separated from Army-identity attribution because financial transfer evidence and deceptive-intent evidence are different questions.
SEIAI-0029-A01,SEIAI-0029,reviewed,0.2.0,Hamzah,2026-09-04,Unknown OLX/WhatsApp marketplace operator,unknown,victim_facing,yes,no,Atlas victim_facing layer,social_engineering_operator,victim_facing_operator,"Presenting as an OLX counterparty, moving the interaction to WhatsApp, using a nominal INR 5 credit as a trust signal and inducing the UPI/scan-code interaction preceding four unauthorized debits.",yes,witness_or_statement,documentary_record,not_assessed,The consumer adjudication reconstructs the manipulation but does not identify or attribute the interaction to a named offender or provide offender-side platform/device records.,"The bank argued customer negligence/authorization, while the Commission found the complainant had not shared OTP or bank-account details and had reported promptly.",SRC-SEIAI-0029-01,Offender identity was outside the adjudication’s primary bank-liability question.
SEIAI-0029-A02,SEIAI-0029,reviewed,0.2.0,Hamzah,2026-09-04,Unknown UPI transaction-beneficiary/controller actor(s),unknown,financial,no,yes,Atlas financial layer,bank_account_controller,intermediary,"Receiving or controlling the destination side of the four unauthorized UPI debits totalling INR 64,000.",no,bank_account_or_money_flow,,not_assessed,The reviewed decision does not provide sufficient beneficiary/control evidence to identify a human operator or connect the transaction destination to the OLX/WhatsApp persona.,,SRC-SEIAI-0029-01,"Created to preserve the distinction between the person who manipulated the victim and the person/entity controlling the transaction destination, even though both remain unresolved."
SEIAI-0030-A01,SEIAI-0030,reviewed,0.2.0,Hamzah,2026-09-04,Microsoft/Amazon tech-support call-centre agents,actor_cluster,victim_facing,yes,no,Atlas victim_facing layer,social_engineering_operator,victim_facing_operator,"Posing as Microsoft/Amazon support staff, claiming victim computers/identities were compromised, inducing remote-access installation and directing transfers to purported Federal Reserve safety accounts.",yes,multiple_independent_sources,documentary_record,moderate,"The source describes an organised call-centre pattern and corroborative investigative material, but does not map every victim interaction/session to a specific agent and remains a pre-trial/PMLA-stage record.",,SRC-SEIAI-0030-01,Cluster-level attribution to the alleged call-centre operation is stronger than attribution to any specific agent/victim interaction.
SEIAI-0030-A02,SEIAI-0030,reviewed,0.2.0,Hamzah,2026-09-04,Pop-up/VoIP/remote-access infrastructure operator(s),actor_cluster,technical,no,no,no paper-specific evidence assigning either primary function,technical_infrastructure_operator,platform_account_operator,"Operating or facilitating fake pop-ups, VoIP support routing and TeamViewer/AnyDesk remote-access infrastructure used by the scheme.",no,multiple_independent_sources,ip_or_login_record,moderate,"IPDR/FBI and search material support the infrastructure layer, but the public order does not provide a complete human-by-infrastructure mapping or final adjudication.",,SRC-SEIAI-0030-01,Technical layer may overlap with call-centre staff/management but is coded separately because the conduct and evidence differ.
SEIAI-0030-A03,SEIAI-0030,reviewed,0.2.0,Hamzah,2026-09-04,Applicant-linked organisational leadership/beneficiary actor,identified,organisational,no,yes,paper functional override: financial conduct,organiser,coordinator,Alleged leadership/beneficiary role in the organised call-centre and associated laundering network.,unknown,multiple_independent_sources,bank_account_or_money_flow,moderate,"The source describes an anticipatory-bail/PMLA allegation supported by multiple investigative/financial strands, but does not finally adjudicate the actor’s exact operational role or personal handling of victim calls.",The actor contested ED allegations; abscondence/proclamation findings do not substitute for adjudication of substantive fraud conduct.,SRC-SEIAI-0030-01,Organisational attribution is deliberately narrower than saying the actor personally executed the victim-facing calls.
SEIAI-0030-A04,SEIAI-0030,reviewed,0.2.0,Hamzah,2026-09-04,International laundering/financial-routing actor network,actor_cluster,financial,no,yes,Atlas financial layer,intermediary,bank_account_controller,"Routing alleged fraud proceeds through shell entities/accounts, Hong Kong-linked accounts, cryptocurrency and hawala channels described in the investigation.",no,bank_account_or_money_flow,multiple_independent_sources,moderate,The public source describes a layered financial trail but does not resolve the culpability or control of every account/entity/person in the routing chain.,Different intermediaries may have had different knowledge and functions within the wider financial network.,SRC-SEIAI-0030-01,Cluster is analytical and does not imply every linked account/entity performed the same role.
SEIAI-0031-A01,SEIAI-0031,reviewed,0.2.0,Hamzah,2026-09-04,Family-impersonation caller(s),unknown,victim_facing,yes,no,Atlas victim_facing layer,social_engineering_operator,victim_facing_operator,Operating the false Canada-family identity and successive emergency pretexts used to solicit transfers.,yes,witness_or_statement,message_or_email_content,unclear,The complaint reconstructs the caller conduct but the public order does not identify the human operator behind the numbers/WhatsApp accounts.,,SRC-SEIAI-0031-01,"May overlap with financial actors, but the source does not establish that overlap."
SEIAI-0031-A02,SEIAI-0031,reviewed,0.2.0,Hamzah,2026-09-04,Beneficiary and payment-routing network,actor_cluster,financial,no,yes,Atlas financial layer,bank_account_controller,money_mule,"Receiving/routing the complainant’s repeated transfers through multiple bank, UPI and wallet destinations.",no,bank_account_or_money_flow,documentary_record,limited,The complaint identifies payment destinations but the bail order does not develop account-holder knowledge/control for each destination or connect them to the original caller.,Some account-linked persons may have acted only as downstream recipients or intermediaries.,SRC-SEIAI-0031-01,Separated from victim-facing family impersonation.
SEIAI-0031-A03,SEIAI-0031,reviewed,0.2.0,Hamzah,2026-09-04,Petitioner linked through recovered devices/payment artefacts,identified,hybrid,no,uncertain,paper boundary: focal financial linkage incomplete,sim_or_device_user,intermediary,"Alleged downstream participation reflected by recovered phones, SIM cards and ATM cards and a co-accused disclosure.",unknown,device_possession_or_forensics,co_accused_link,limited,The source does not explain an incident-specific forensic link from the recovered artefacts to the complainant’s calls or prove operation of the family persona.,Recovered artefacts may support a narrower facilitation role.,SRC-SEIAI-0031-01,Conduct is deliberately narrower than “committed the scam”.
SEIAI-0032-A01,SEIAI-0032,reviewed,0.2.0,Hamzah,2026-09-04,KYC-update impersonation caller,unknown,victim_facing,yes,no,Atlas victim_facing layer,social_engineering_operator,victim_facing_operator,Posing as a bank/KYC representative and eliciting authentication/account information.,yes,witness_or_statement,,unclear,The consumer order establishes the interaction but does not identify the caller or link a number/device to a human operator.,,SRC-SEIAI-0032-01,
SEIAI-0032-A02,SEIAI-0032,reviewed,0.2.0,Hamzah,2026-09-04,Internet-banking authentication/session operator,unknown,technical,no,yes,paper functional override: financial conduct,platform_account_operator,technical_infrastructure_operator,"Using compromised authentication information to create/operate internet-banking access, register payees and execute transfers.",no,ip_or_login_record,documentary_record,unclear,"Detailed bank-side authentication records reconstruct the session, but the human operator/device/IP attribution is not resolved in the public judgment.",,SRC-SEIAI-0032-01,
SEIAI-0032-A03,SEIAI-0032,reviewed,0.2.0,Hamzah,2026-09-04,Recipient/payee account layer,actor_cluster,financial,no,yes,Atlas financial layer,bank_account_controller,intermediary,"Receiving the two major transfers of INR 200,000 and INR 198,000.",no,bank_account_or_money_flow,documentary_record,limited,"The recipient accounts are identified in the banking record, but the judgment does not establish who controlled them for the fraud or whether the holders operated the KYC call.",,SRC-SEIAI-0032-01,Financial association only.
SEIAI-0033-A01,SEIAI-0033,reviewed,0.2.0,Hamzah,2026-09-04,Fake Paytm support caller,unknown,victim_facing,yes,no,Atlas victim_facing layer,social_engineering_operator,victim_facing_operator,Calling back after the victim’s Google-sourced support attempt and impersonating Paytm customer support during the unauthorized-debit event.,yes,witness_or_statement,,unclear,No telecom/device evidence in the public order identifies the callback caller.,,SRC-SEIAI-0033-01,
SEIAI-0033-A02,SEIAI-0033,reviewed,0.2.0,Hamzah,2026-09-04,Proprietorship account recipient,identified,financial,no,yes,Atlas financial layer,bank_account_controller,intermediary,"Receiving the focal INR 50,000 cheated amount in a proprietorship account associated with the petitioner.",no,bank_account_or_money_flow,documentary_record,moderate,"The receipt/account association is directly documented and not disputed, but knowledge of the fraud and any role in the support call/mobile compromise are not established.",The petitioner said the credit occurred without his knowledge and was later returned.,SRC-SEIAI-0033-01,Financial role is separated from caller authorship.
SEIAI-0034-A01,SEIAI-0034,reviewed,0.2.0,Hamzah,2026-09-04,Fake Amazon support operator,unknown,victim_facing,yes,no,Atlas victim_facing layer,social_engineering_operator,victim_facing_operator,Operating the redirected customer-support interaction preceding the five unauthorized debits.,yes,witness_or_statement,,unclear,The consumer appeal does not identify the human support caller or the precise compromise step.,,SRC-SEIAI-0034-01,
SEIAI-0034-A02,SEIAI-0034,reviewed,0.2.0,Hamzah,2026-09-04,Unknown transaction/beneficiary operator,unknown,financial,no,yes,Atlas financial layer,bank_account_controller,unknown_role,"Causing or receiving five INR 20,000 transactions from the complainant’s SBI account.",no,bank_account_or_money_flow,,not_assessed,The appellate consumer decision does not provide offender-side beneficiary/account-control evidence sufficient to assess a human role.,,SRC-SEIAI-0034-01,Liability dispute is not offender attribution.
SEIAI-0035-A01,SEIAI-0035,reviewed,0.2.0,Hamzah,2026-09-04,Initial sexual-video lure operator,unknown,victim_facing,yes,no,Atlas victim_facing layer,social_engineering_operator,victim_facing_operator,Initiating and recording the private WhatsApp video interaction used to create coercive material.,yes,witness_or_statement,message_or_email_content,unclear,The unknown woman/persona is not human-attributed in the reviewed order.,,SRC-SEIAI-0035-01,
SEIAI-0035-A02,SEIAI-0035,reviewed,0.2.0,Hamzah,2026-09-04,Fake police/YouTube extortion caller cluster,actor_cluster,victim_facing,yes,no,Atlas victim_facing layer,social_engineering_operator,victim_facing_operator,"Impersonating police/YouTube personnel, threatening publication/false criminal consequences and demanding money.",yes,cdr_or_telecom_record,witness_or_statement,unclear,CDR/location evidence reconstructs a caller cluster but does not assign every persona/call to a specific human operator.,,SRC-SEIAI-0035-01,
SEIAI-0035-A03,SEIAI-0035,reviewed,0.2.0,Hamzah,2026-09-04,Soukin-linked SIM/device and receiving-account role,identified,hybrid,no,yes,paper functional override: financial conduct,sim_or_device_user,bank_account_controller,"Alleged use/association of a mobile number linked through IMEI/SIM analysis and to an account that received INR 400,000 from the complainant.",unknown,multiple_independent_sources,bank_account_or_money_flow,moderate,The bail-stage record provides corroborated device/subscriber/account linkage but does not prove that this actor performed each victim-facing extortion call.,,SRC-SEIAI-0035-01,Role-specific prima facie linkage only.
SEIAI-0035-A04,SEIAI-0035,reviewed,0.2.0,Hamzah,2026-09-04,Talim-linked contact-device and beneficiary role,identified,hybrid,yes,yes,paper functional override: victim-facing conduct; paper functional override: financial conduct,sim_or_device_user,bank_account_controller,"Alleged use of an IMEI-linked mobile number to contact victims and association with a number used to open an account receiving INR 200,000.",yes,multiple_independent_sources,cdr_or_telecom_record,moderate,The bail-stage material connects device/communication/account layers but does not resolve every persona or establish final guilt.,,SRC-SEIAI-0035-01,Victim-contact evidence is stronger here than mere account ownership.
SEIAI-0036-A01,SEIAI-0036,reviewed,0.2.0,Hamzah,2026-09-04,“Kim” Facebook relationship persona operator,partially_identified,victim_facing,yes,no,Atlas victim_facing layer,social_engineering_operator,platform_account_operator,Operating the Facebook relationship identity presented as an Emirates air hostess in Dubai.,yes,witness_or_statement,message_or_email_content,limited,"The prosecution identifies the persona with the petitioner, but the petitioner denies any connection to the social-media account and the order does not reproduce platform/device records establishing account control.",,SRC-SEIAI-0036-01,"Potentially same human as the financial recipient, but evidentiary support differs."
SEIAI-0036-A02,SEIAI-0036,reviewed,0.2.0,Hamzah,2026-09-04,Sexual/reputational extortion communicator(s),partially_identified,victim_facing,yes,no,Atlas victim_facing layer,social_engineering_operator,victim_facing_operator,Threatening dissemination of sexually explicit material to coerce repeated transfers.,yes,message_or_email_content,witness_or_statement,limited,The bail order describes the alleged sustained coercion but does not provide message-by-message authorship/device provenance for the petitioner.,,SRC-SEIAI-0036-01,Separated from relationship grooming because the conduct and proof threshold differ.
SEIAI-0036-A03,SEIAI-0036,reviewed,0.2.0,Hamzah,2026-09-04,Petitioner-linked direct financial recipient,identified,financial,no,yes,Atlas financial layer,bank_account_controller,intermediary,Receiving more than INR 40.8 million allegedly transferred by the complainant over the prolonged scheme.,no,bank_account_or_money_flow,documentary_record,moderate,"The prosecution’s bail-stage account strongly describes direct receipt, but final trial findings on knowledge, purpose and broader conspiracy remain outstanding.",The petitioner denied connection to the complainant/social account.,SRC-SEIAI-0036-01,Financial receipt is more strongly supported than persona authorship.
SEIAI-0037-A01,SEIAI-0037,reviewed,0.2.0,Hamzah,2026-09-04,Convicted bank-manager impersonation operator,identified,victim_facing,yes,no,Atlas victim_facing layer,social_engineering_operator,victim_facing_operator,"Participating in a group that posed as bank managers and induced victims to disclose ATM, OTP and CVV details.",yes,multiple_independent_sources,device_possession_or_forensics,strong,"The appellate conviction establishes participation in the cybercrime group beyond reasonable doubt, while individual speaker attribution for every victim call is not separately mapped.",,SRC-SEIAI-0037-01,Conviction-level role; not a claim that this appellant personally spoke to every victim.
SEIAI-0037-A02,SEIAI-0037,reviewed,0.2.0,Hamzah,2026-09-04,Appellant phone/e-wallet/account operation role,identified,hybrid,no,yes,paper functional override: financial conduct,sim_or_device_user,bank_account_controller,"Using/possessing phones, SIMs, multiple e-wallets and accounts through which fraud-linked funds were handled.",no,device_possession_or_forensics,bank_account_or_money_flow,strong,"The appellate court relied on recovered devices/e-wallets and certified transaction evidence, but not every account transaction is mapped to a particular victim-facing call.",,SRC-SEIAI-0037-01,Strong narrow technical/financial conduct assessment.
SEIAI-0037-A03,SEIAI-0037,reviewed,0.2.0,Hamzah,2026-09-04,Co-accused/commission-payment network,actor_cluster,financial,no,yes,Atlas financial layer,money_mule,cashout_actor,"Providing accounts/debit-card/cash-out capacity for the group in exchange for commission, as described in the prosecution evidence.",no,bank_account_or_money_flow,co_accused_link,moderate,The appeal primarily adjudicates Iqbal Rashid; role-specific guilt of every other network member is outside this source’s final holding.,,SRC-SEIAI-0037-01,Cluster retained rather than exporting the appellant’s conviction to others.
SEIAI-0038-A01,SEIAI-0038,reviewed,0.2.0,Hamzah,2026-09-04,Lookalike-domain and spoofed-email operator,unknown,hybrid,yes,yes,paper functional override: victim-facing conduct; paper functional override: financial conduct,platform_account_operator,social_engineering_operator,Operating lumlkai.com and impersonating Lumikai senior management to induce a limited partner to redirect funds.,yes,message_or_email_content,documentary_record,unclear,The interim order finds a prima facie scheme but registrant disclosure was still being ordered and the human operator was unresolved.,,SRC-SEIAI-0038-01,Attempted conduct is reconstructable even though identity is not.
SEIAI-0038-A02,SEIAI-0038,reviewed,0.2.0,Hamzah,2026-09-04,Deceptively named Wells Fargo beneficiary-account controller,unknown,financial,no,yes,Atlas financial layer,bank_account_controller,intermediary,Controlling the beneficiary account supplied to the targeted limited partner for the attempted transfer.,no,documentary_record,,not_assessed,The source describes the account/name used in the attempted scheme but provides no KYC/control evidence identifying its human controller.,,SRC-SEIAI-0038-01,No completed payment is established.
SEIAI-0039-A01,SEIAI-0039,reviewed,0.2.0,Hamzah,2026-09-04,Invoice-diversion email operator(s),unknown,hybrid,yes,yes,paper functional override: victim-facing conduct; paper functional override: financial conduct,social_engineering_operator,platform_account_operator,Diverting a live supplier email/payment thread using similar/reply-to addresses and forged authorization/invoice documents to substitute bank details.,yes,message_or_email_content,multiple_independent_sources,moderate,"The final civil judgment and expert evidence establish that unknown persons operated the fraudulent email chain, but the human identity of those operators remains unresolved.",,SRC-SEIAI-0039-01,Conduct attribution to the unknown operator layer is stronger than human identity resolution.
SEIAI-0039-A02,SEIAI-0039,reviewed,0.2.0,Hamzah,2026-09-04,Hong Kong beneficiary-account controller,unknown,financial,no,yes,Atlas financial layer,bank_account_controller,intermediary,"Receiving/controlling the substituted HSBC Hong Kong account to which USD 124,806 was transferred.",no,bank_account_or_money_flow,documentary_record,limited,The judgment establishes payment to the wrong beneficiary but does not provide KYC/control evidence identifying the fraudster behind that account.,,SRC-SEIAI-0039-01,Financial destination does not resolve the email operator.
SEIAI-0040-A01,SEIAI-0040,reviewed,0.2.0,Hamzah,2026-09-04,Fake SP Mandi Facebook profile operator,identified,hybrid,yes,no,paper functional override: victim-facing conduct,platform_account_operator,social_engineering_operator,Creating/operating a Facebook profile impersonating SP Mandi and using a child-cancer donation story to solicit money.,yes,multiple_independent_sources,platform_provider_record,moderate,"Facebook/Google/IP/TSP/subscriber evidence and investigation material provide substantial prima facie linkage, but this is a bail-stage source and reported disclosures are not final findings.",,SRC-SEIAI-0040-01,Profile operation is kept distinct from receiving-account control.
SEIAI-0040-A02,SEIAI-0040,reviewed,0.2.0,Hamzah,2026-09-04,Donation receiving/withdrawal role,partially_identified,financial,no,yes,Atlas financial layer,bank_account_controller,cashout_actor,Receiving or withdrawing donations generated by the fake SP profile.,no,bank_account_or_money_flow,witness_or_statement,limited,The source names a receiving account under a similar but not identical name and reports that the applicant withdrew/spent donations; full KYC/control/device corroboration for the financial account is not reproduced in the order.,,SRC-SEIAI-0040-01,Do not collapse similar names/account receipt into resolved identity without more proof.
SEIAI-0041-A01,SEIAI-0041,reviewed,0.2.0,Hamzah,2026-09-04,Managing-Director impersonation operator,unknown,victim_facing,yes,no,Atlas victim_facing layer,social_engineering_operator,victim_facing_operator,Operating the WhatsApp identity that impersonated the company Managing Director and issued transfer instructions.,yes,message_or_email_content,witness_or_statement,unclear,"The messages reconstruct the persona and instructions, but the reviewed source does not identify the human operator.",,SRC-SEIAI-0041-01,Central victim-facing role remains unresolved.
SEIAI-0041-A02,SEIAI-0041,reviewed,0.2.0,Hamzah,2026-09-04,Destination-account controller cluster,actor_cluster,financial,no,yes,Atlas financial layer,bank_account_controller,money_mule,Receiving and moving the INR 55 million sent to accounts furnished by the imposter.,no,bank_account_or_money_flow,documentary_record,limited,"The accounts are documented and one was frozen, but the source does not establish the knowledge or conduct of every controller/account holder.",Some receiving accounts may have been downstream mule/intermediary infrastructure.,SRC-SEIAI-0041-01,Financial layer only.
SEIAI-0041-A03,SEIAI-0041,reviewed,0.2.0,Hamzah,2026-09-04,Finance employee alleged insider/facilitator role,identified,organisational,no,no,no paper-specific evidence assigning either primary function,intermediary,unknown_role,Alleged deliberate facilitation/collusion in processing transfers requested by the imposter.,no,message_or_email_content,documentary_record,unclear,The High Court found no material connecting the employee to the imposter or destination accounts and said contemporaneous approvals supported a bona fide-belief explanation.,"The employee may have been a manipulated insider who failed to verify, rather than a participant in the fraud.",SRC-SEIAI-0041-01,Negative-attribution row retained because the prosecution theory itself was evaluated by the court.
SEIAI-0042-A01,SEIAI-0042,reviewed,0.2.0,Hamzah,2026-09-04,KYC-suspension SMS/call operator,unknown,victim_facing,yes,no,Atlas victim_facing layer,social_engineering_operator,victim_facing_operator,Sending the KYC-suspension message and directing the victim through a Paytm/UPI activation pretext.,yes,witness_or_statement,documentary_record,unclear,The consumer record reconstructs the communications but does not identify the sender/caller.,,SRC-SEIAI-0042-01,
SEIAI-0042-A02,SEIAI-0042,reviewed,0.2.0,Hamzah,2026-09-04,Paytm/transaction-session operator,unknown,technical,no,yes,paper functional override: financial conduct,platform_account_operator,technical_infrastructure_operator,Operating the transaction path that followed the nominal Paytm/UPI activation step.,no,unclear,,unclear,The record does not explain the technical mechanism or provide offender-side platform/device/session attribution.,,SRC-SEIAI-0042-01,
SEIAI-0042-A03,SEIAI-0042,reviewed,0.2.0,Hamzah,2026-09-04,Unauthorized-transfer beneficiary layer,unknown,financial,no,yes,Atlas financial layer,bank_account_controller,intermediary,Receiving or controlling the five unauthorized transfers.,no,bank_account_or_money_flow,,not_assessed,The appellate record does not expose beneficiary-account controller evidence sufficient for actor-level assessment.,,SRC-SEIAI-0042-01,Financial layer is known to exist but not attributable from the public source.
SEIAI-0043-A01,SEIAI-0043,reviewed,0.2.0,Hamzah,2026-09-04,Purported court-connected extortion operator,unknown,victim_facing,yes,no,Atlas victim_facing layer,social_engineering_operator,victim_facing_operator,"Sending/calling with claims of court influence, demanding INR 15–20 lakh and threatening harm.",yes,witness_or_statement,message_or_email_content,unclear,"The conduct is described by the complainant, but the final judgment did not identify the human operator beyond reasonable doubt.",,SRC-SEIAI-0043-01,
SEIAI-0043-A02,SEIAI-0043,reviewed,0.2.0,Hamzah,2026-09-04,Accused No.1 alleged SIM/message operator,identified,hybrid,yes,no,paper functional override: victim-facing conduct,sim_or_device_user,social_engineering_operator,Alleged use/control of the SIM/number associated with threatening and influence-peddling messages.,yes,sim_or_subscriber_record,cdr_or_telecom_record,unclear,"The court found conflicting SIM/CAF evidence, unexplained number differences, missing witnesses and inadmissible electronic records; the accused was acquitted.","The critical SIM may have been registered/used by another person, and subscriber evidence did not resolve actual use.",SRC-SEIAI-0043-01,
SEIAI-0043-A03,SEIAI-0043,reviewed,0.2.0,Hamzah,2026-09-04,Accused No.2 alleged evidence-destruction role,identified,technical,no,no,no paper-specific evidence assigning either primary function,sim_or_device_user,unknown_role,Alleged screening/destruction of a handset associated with the offence.,no,witness_or_statement,documentary_record,unclear,The final judgment described the allegation against accused No.2 as limited and acquitted the accused; the prosecution proof was insufficient.,,SRC-SEIAI-0043-01,
SEIAI-0044-A01,SEIAI-0044,reviewed,0.2.0,Hamzah,2026-09-04,Fake MakeMyTrip support caller,unknown,victim_facing,yes,no,Atlas victim_facing layer,social_engineering_operator,victim_facing_operator,Impersonating customer support and inducing installation/use of AnyDesk for a purported refund.,yes,witness_or_statement,,unclear,The support operator was not identified in the consumer proceeding.,,SRC-SEIAI-0044-01,
SEIAI-0044-A02,SEIAI-0044,reviewed,0.2.0,Hamzah,2026-09-04,AnyDesk remote-access operator,unknown,technical,no,uncertain,paper boundary: focal financial linkage incomplete,technical_infrastructure_operator,platform_account_operator,Using the shared AnyDesk session/access to obtain control relevant to the unauthorized transactions.,no,device_possession_or_forensics,documentary_record,unclear,The source establishes third-party access through AnyDesk but does not identify the remote endpoint or human controller.,,SRC-SEIAI-0044-01,
SEIAI-0044-A03,SEIAI-0044,reviewed,0.2.0,Hamzah,2026-09-04,Payment/beneficiary operator,unknown,financial,no,yes,Atlas financial layer,bank_account_controller,intermediary,Receiving or controlling the two completed fraudulent debits.,no,bank_account_or_money_flow,,not_assessed,Offender-side beneficiary/account ownership is not developed in the public consumer record.,,SRC-SEIAI-0044-01,
SEIAI-0045-A01,SEIAI-0045,reviewed,0.2.0,Hamzah,2026-09-04,Electricity-disconnection smishing/call operator,unknown,victim_facing,yes,no,Atlas victim_facing layer,social_engineering_operator,victim_facing_operator,Sending the disconnection warning and directing the victim to call/download a purported BESCOM application.,yes,witness_or_statement,documentary_record,unclear,The consumer adjudication does not identify the human sender/caller.,,SRC-SEIAI-0045-01,
SEIAI-0045-A02,SEIAI-0045,reviewed,0.2.0,Hamzah,2026-09-04,Fraudulent application/session operator,unknown,technical,no,yes,paper functional override: financial conduct,technical_infrastructure_operator,platform_account_operator,Controlling the online software/session through which unauthorized account transactions were effected.,no,documentary_record,,unclear,The Commission found third-party control of the online software but the application provenance and human operator were not established.,,SRC-SEIAI-0045-01,
SEIAI-0045-A03,SEIAI-0045,reviewed,0.2.0,Hamzah,2026-09-04,Transaction beneficiary layer,unknown,financial,no,yes,Atlas financial layer,bank_account_controller,intermediary,"Receiving/controlling the unauthorized INR 25,000 and INR 199,000 transaction flows.",no,bank_account_or_money_flow,,not_assessed,The NCDRC decision does not provide offender-side beneficiary-account attribution.,,SRC-SEIAI-0045-01,
SEIAI-0046-A01,SEIAI-0046,reviewed,0.2.0,Hamzah,2026-09-04,Fake Indus Towers executive-persona cluster,actor_cluster,victim_facing,yes,no,Atlas victim_facing layer,social_engineering_operator,victim_facing_operator,"Operating the Facebook, phone and WhatsApp personas presented as company legal/executive officials and sustaining the fee demands.",yes,witness_or_statement,message_or_email_content,unclear,The attack personas are richly reconstructed but the public bail order does not finally map every persona to a specific human operator.,,SRC-SEIAI-0046-01,
SEIAI-0046-A02,SEIAI-0046,reviewed,0.2.0,Hamzah,2026-09-04,Petitioner-linked legal-advisor/account role,identified,hybrid,yes,yes,paper functional override: victim-facing conduct; paper functional override: financial conduct,social_engineering_operator,bank_account_controller,Alleged participation as the named legal-advisor persona and through account/communication links identified in the status report.,yes,multiple_independent_sources,bank_account_or_money_flow,moderate,"The High Court described sufficient prima facie evidence, but guilt and the precise scope of the petitioner’s victim-facing role remained for trial.",The petitioner’s actual role may be narrower than the full multi-person executive-impersonation operation.,SRC-SEIAI-0046-01,
SEIAI-0046-A03,SEIAI-0046,reviewed,0.2.0,Hamzah,2026-09-04,Beneficiary-account network,actor_cluster,financial,no,yes,Atlas financial layer,bank_account_controller,money_mule,Receiving and routing successive tower-installation/fee payments.,no,bank_account_or_money_flow,cdr_or_telecom_record,limited,The source links accounts/numbers to the investigation but does not establish knowledge and role for every account-linked person.,Some accounts may have functioned as downstream mule infrastructure.,SRC-SEIAI-0046-01,
SEIAI-0047-A01,SEIAI-0047,reviewed,0.2.0,Hamzah,2026-09-04,Information-elicitation caller(s),actor_cluster,victim_facing,yes,no,Atlas victim_facing layer,social_engineering_operator,victim_facing_operator,Calling the victim with an incoming-payment pretext and eliciting the identity of the mobile subscriber linked to the bank account.,yes,witness_or_statement,documentary_record,unclear,The investigation reconstructs the elicitation step but the public order does not identify which arrested person made the call.,,SRC-SEIAI-0047-01,
SEIAI-0047-A02,SEIAI-0047,reviewed,0.2.0,Hamzah,2026-09-04,SIM-swap identity-impersonation actor(s),actor_cluster,technical,no,no,no paper-specific evidence assigning either primary function,sim_or_device_user,technical_infrastructure_operator,Using a fake electoral identity document in the daughter’s name to obtain a replacement SIM and enable account takeover.,no,multiple_independent_sources,documentary_record,moderate,"The court records the investigative SIM-swap chain and identity documents, but specialist further investigation was ordered and no final criminal finding had been made.",,SRC-SEIAI-0047-01;SRC-SEIAI-0047-02,Role can be materially supported even though individual operator mapping remains incomplete.
SEIAI-0047-A03,SEIAI-0047,reviewed,0.2.0,Hamzah,2026-09-04,Arrested financial-routing actor cluster,actor_cluster,financial,no,yes,Atlas financial layer,bank_account_controller,cashout_actor,Receiving/routing funds after internet/YONO takeover through accounts and downstream payment/gift-card channels.,no,bank_account_or_money_flow,multiple_independent_sources,moderate,The investigation describes routing to arrested accused but the court called the initial charge-sheet technically unsatisfactory and ordered further investigation.,,SRC-SEIAI-0047-01;SRC-SEIAI-0047-02,
SEIAI-0047-A04,SEIAI-0047,reviewed,0.2.0,Hamzah,2026-09-04,Unidentified gift-card/dark-net facilitator,unknown,financial,no,yes,Atlas financial layer,intermediary,cashout_actor,Allegedly retaining a 20% share in the gift-card/dark-net routing layer before remaining funds moved to arrested accused.,no,bank_account_or_money_flow,documentary_record,unclear,The role is described by the Investigating Officer but the actor was not apprehended and the technical/financial trail was incomplete.,,SRC-SEIAI-0047-01,
SEIAI-0048-A01,SEIAI-0048,reviewed,0.2.0,Hamzah,2026-09-04,Facebook/WhatsApp relationship persona operator,unknown,victim_facing,yes,no,Atlas victim_facing layer,social_engineering_operator,platform_account_operator,"Building the online relationship, eliciting family-problem disclosures and inducing initial transfers using an emotional abandonment/harassment narrative.",yes,witness_or_statement,message_or_email_content,unclear,The source describes the persona and later petitioners but does not provide platform/device evidence identifying which petitioner operated the initial account.,,SRC-SEIAI-0048-01,v0.2.0 identity-resolution correction: public record describes the Facebook/WhatsApp persona but does not map that persona to a specific real-world human; persona naming is not human resolution.
SEIAI-0048-A02,SEIAI-0048,reviewed,0.2.0,Hamzah,2026-09-04,False-suicide/police threat caller cluster,actor_cluster,victim_facing,yes,no,Atlas victim_facing layer,social_engineering_operator,victim_facing_operator,Calling as friends/associates and threatening false suicide/police implication and circulation of obscene material to coerce payments.,yes,witness_or_statement,message_or_email_content,unclear,"The threatening conduct is alleged in the complaint, but the compromise-based final order does not map each call/persona to a human operator.",,SRC-SEIAI-0048-01,
SEIAI-0048-A03,SEIAI-0048,reviewed,0.2.0,Hamzah,2026-09-04,Petitioners’ alleged scheme participation,identified,hybrid,no,uncertain,paper boundary: focal financial linkage incomplete,intermediary,unknown_role,Alleged participation in the charged cheating/extortion scheme that followed the online relationship.,unknown,documentary_record,co_accused_link,unclear,The proceedings were ultimately quashed by compromise; the High Court did not adjudicate actor-specific digital or financial evidence on merits.,The public source cannot distinguish each petitioner’s precise operational role from the existence of the prosecution case.,SRC-SEIAI-0048-01,
SEIAI-0049-A01,SEIAI-0049,reviewed,0.2.0,Hamzah,2026-09-04,FedEx narcotics-pretext caller cluster,actor_cluster,victim_facing,yes,no,Atlas victim_facing layer,social_engineering_operator,victim_facing_operator,Claiming a FedEx parcel to Taiwan contained narcotics and creating fear of criminal prosecution.,yes,witness_or_statement,,unclear,The callers are not identified in the reviewed bail order.,,SRC-SEIAI-0049-01,
SEIAI-0049-A02,SEIAI-0049,reviewed,0.2.0,Hamzah,2026-09-04,Fake Mumbai Cyber Crime operator cluster,actor_cluster,victim_facing,yes,no,Atlas victim_facing layer,social_engineering_operator,victim_facing_operator,Posing as police/cybercrime personnel and demanding payment to save the victim from prosecution.,yes,witness_or_statement,,unclear,The victim-facing police operators remain distinct from the account-linked accused described in the financial investigation.,,SRC-SEIAI-0049-01,
SEIAI-0049-A03,SEIAI-0049,reviewed,0.2.0,Hamzah,2026-09-04,Applicant bank-account control/routing role,identified,financial,no,yes,Atlas financial layer,bank_account_controller,intermediary,Opening/maintaining an account allegedly used for fraudulent transactions and routing a major portion of victim funds onward.,no,bank_account_or_money_flow,multiple_independent_sources,moderate,"The court described prima facie account/cash-flow evidence, but the investigation was preliminary and this conduct does not establish the applicant made the original calls.",The applicant may have occupied a financial-routing role distinct from the social-engineering operators.,SRC-SEIAI-0049-01,
SEIAI-0049-A04,SEIAI-0049,reviewed,0.2.0,Hamzah,2026-09-04,Accused cash-withdrawal actor,identified,financial,no,yes,Atlas financial layer,cashout_actor,intermediary,Withdrawing a substantial amount from a fraud-linked account and handing cash onward as alleged in the prosecution case.,no,financial_withdrawal_or_cashout,bank_account_or_money_flow,moderate,The bail order records the alleged withdrawal/hand-off but does not finally adjudicate the cash-out actor’s knowledge of the full fraud.,,SRC-SEIAI-0049-01,
SEIAI-0050-A01,SEIAI-0050,reviewed,0.2.0,Hamzah,2026-09-04,Spoofed senior-government-official operator cluster,actor_cluster,victim_facing,yes,no,Atlas victim_facing layer,social_engineering_operator,victim_facing_operator,Using spoofed official numbers and senior-government/CBI/MHA identities to present claimed influence over investigations and demand money.,yes,cdr_or_telecom_record,witness_or_statement,unclear,"Spoofed calls and witness material are described, but the revision order does not map every official persona/call to a specific human operator.",,SRC-SEIAI-0050-01,
SEIAI-0050-A02,SEIAI-0050,reviewed,0.2.0,Hamzah,2026-09-04,Petitioner alleged coordinator/intermediary role,identified,organisational,no,no,no paper-specific evidence assigning either primary function,coordinator,intermediary,"Allegedly coordinating with co-accused and participating knowingly in extortion-by-impersonation, including communications around large payment demands.",unknown,multiple_independent_sources,message_or_email_content,moderate,"The High Court found sufficient material to proceed at the discharge stage, not proof beyond reasonable doubt; the petitioner disputed knowledge and conspiracy involvement.",The petitioner argued that he was himself a victim and not part of the core conspiracy.,SRC-SEIAI-0050-01,
SEIAI-0050-A03,SEIAI-0050,reviewed,0.2.0,Hamzah,2026-09-04,Extortion-by-impersonation network,actor_cluster,organisational,no,no,no paper-specific evidence assigning either primary function,organiser,social_engineering_operator,"Coordinating spoofed calls, claimed official influence and large extortion demands directed at persons facing investigations.",yes,multiple_independent_sources,message_or_email_content,moderate,"The network-level prosecution theory was sufficient to survive discharge/revision, but individual roles remain trial-dependent.",,SRC-SEIAI-0050-01,
SEIAI-0051-A01,SEIAI-0051,reviewed,0.2.0,Hamzah,2026-09-04,Duplicate-SIM / telecom-impersonation operator(s),unknown,technical,no,no,no paper-specific evidence assigning either primary function,social_engineering_operator,sim_or_device_user,Obtaining or causing issuance/blocking/replacement of the registered SIM through false identity or false service representation and using the resulting number control.,no,documentary_record,sim_or_subscriber_record,moderate,The adjudicatory record strongly documents the SIM-control mechanism but does not fully identify the human requester/operator.,The person who obtained the SIM and the person who later used OTPs may have been different actors.,SRC-SEIAI-0051-01,"Victim-facing deception, if any, was directed primarily at telecom personnel rather than the bank-account holder."
SEIAI-0051-A02,SEIAI-0051,reviewed,0.2.0,Hamzah,2026-09-04,Online-banking / beneficiary-network operator(s),actor_cluster,financial,no,yes,Atlas financial layer,bank_account_controller,cashout_actor,"Using diverted authentication or compromised banking access to add beneficiaries, transfer funds and/or withdraw the proceeds.",no,bank_account_or_money_flow,ip_or_login_record,moderate,"Financial activity is documented, but the adjudicatory record does not necessarily establish that the beneficiary/cash-out actors also performed the SIM impersonation.",Some account holders or recipients may have had narrower downstream roles.,SRC-SEIAI-0051-01,Kept separate from the duplicate-SIM requester to avoid collapsing telecom association and financial conduct.
SEIAI-0052-A01,SEIAI-0052,reviewed,0.2.0,Hamzah,2026-09-04,Duplicate-SIM / telecom-impersonation operator(s),unknown,technical,no,no,no paper-specific evidence assigning either primary function,social_engineering_operator,sim_or_device_user,Obtaining or causing issuance/blocking/replacement of the registered SIM through false identity or false service representation and using the resulting number control.,no,documentary_record,sim_or_subscriber_record,moderate,The adjudicatory record strongly documents the SIM-control mechanism but does not fully identify the human requester/operator.,The person who obtained the SIM and the person who later used OTPs may have been different actors.,SRC-SEIAI-0052-01,"Victim-facing deception, if any, was directed primarily at telecom personnel rather than the bank-account holder."
SEIAI-0052-A02,SEIAI-0052,reviewed,0.2.0,Hamzah,2026-09-04,Online-banking / beneficiary-network operator(s),actor_cluster,financial,no,yes,Atlas financial layer,bank_account_controller,cashout_actor,"Using diverted authentication or compromised banking access to add beneficiaries, transfer funds and/or withdraw the proceeds.",no,bank_account_or_money_flow,ip_or_login_record,moderate,"Financial activity is documented, but the adjudicatory record does not necessarily establish that the beneficiary/cash-out actors also performed the SIM impersonation.",Some account holders or recipients may have had narrower downstream roles.,SRC-SEIAI-0052-01,Kept separate from the duplicate-SIM requester to avoid collapsing telecom association and financial conduct.
SEIAI-0053-A01,SEIAI-0053,reviewed,0.2.0,Hamzah,2026-09-04,Duplicate-SIM / telecom-impersonation operator(s),unknown,technical,no,no,no paper-specific evidence assigning either primary function,social_engineering_operator,sim_or_device_user,Obtaining or causing issuance/blocking/replacement of the registered SIM through false identity or false service representation and using the resulting number control.,no,documentary_record,sim_or_subscriber_record,limited,The adjudicatory record strongly documents the SIM-control mechanism but does not fully identify the human requester/operator.,The person who obtained the SIM and the person who later used OTPs may have been different actors.,SRC-SEIAI-0053-01,"Victim-facing deception, if any, was directed primarily at telecom personnel rather than the bank-account holder."
SEIAI-0053-A02,SEIAI-0053,reviewed,0.2.0,Hamzah,2026-09-04,Online-banking / beneficiary-network operator(s),actor_cluster,financial,no,yes,Atlas financial layer,bank_account_controller,cashout_actor,"Using diverted authentication or compromised banking access to add beneficiaries, transfer funds and/or withdraw the proceeds.",no,bank_account_or_money_flow,ip_or_login_record,moderate,"Financial activity is documented, but the adjudicatory record does not necessarily establish that the beneficiary/cash-out actors also performed the SIM impersonation.",Some account holders or recipients may have had narrower downstream roles.,SRC-SEIAI-0053-01,Kept separate from the duplicate-SIM requester to avoid collapsing telecom association and financial conduct.
SEIAI-0054-A01,SEIAI-0054,reviewed,0.2.0,Hamzah,2026-09-04,Duplicate-SIM / telecom-impersonation operator(s),unknown,technical,no,no,no paper-specific evidence assigning either primary function,social_engineering_operator,sim_or_device_user,Obtaining or causing issuance/blocking/replacement of the registered SIM through false identity or false service representation and using the resulting number control.,no,documentary_record,sim_or_subscriber_record,moderate,The adjudicatory record strongly documents the SIM-control mechanism but does not fully identify the human requester/operator.,The person who obtained the SIM and the person who later used OTPs may have been different actors.,SRC-SEIAI-0054-01,"Victim-facing deception, if any, was directed primarily at telecom personnel rather than the bank-account holder."
SEIAI-0054-A02,SEIAI-0054,reviewed,0.2.0,Hamzah,2026-09-04,Online-banking / beneficiary-network operator(s),actor_cluster,financial,no,yes,Atlas financial layer,bank_account_controller,cashout_actor,"Using diverted authentication or compromised banking access to add beneficiaries, transfer funds and/or withdraw the proceeds.",no,bank_account_or_money_flow,ip_or_login_record,moderate,"Financial activity is documented, but the adjudicatory record does not necessarily establish that the beneficiary/cash-out actors also performed the SIM impersonation.",Some account holders or recipients may have had narrower downstream roles.,SRC-SEIAI-0054-01,Kept separate from the duplicate-SIM requester to avoid collapsing telecom association and financial conduct.
SEIAI-0055-A01,SEIAI-0055,reviewed,0.2.0,Hamzah,2026-09-04,Duplicate-SIM / telecom-impersonation operator(s),unknown,technical,no,no,no paper-specific evidence assigning either primary function,social_engineering_operator,sim_or_device_user,Obtaining or causing issuance/blocking/replacement of the registered SIM through false identity or false service representation and using the resulting number control.,no,documentary_record,sim_or_subscriber_record,moderate,The adjudicatory record strongly documents the SIM-control mechanism but does not fully identify the human requester/operator.,The person who obtained the SIM and the person who later used OTPs may have been different actors.,SRC-SEIAI-0055-01,"Victim-facing deception, if any, was directed primarily at telecom personnel rather than the bank-account holder."
SEIAI-0055-A02,SEIAI-0055,reviewed,0.2.0,Hamzah,2026-09-04,Online-banking / beneficiary-network operator(s),actor_cluster,financial,no,yes,Atlas financial layer,bank_account_controller,cashout_actor,"Using diverted authentication or compromised banking access to add beneficiaries, transfer funds and/or withdraw the proceeds.",no,bank_account_or_money_flow,ip_or_login_record,moderate,"Financial activity is documented, but the adjudicatory record does not necessarily establish that the beneficiary/cash-out actors also performed the SIM impersonation.",Some account holders or recipients may have had narrower downstream roles.,SRC-SEIAI-0055-01,Kept separate from the duplicate-SIM requester to avoid collapsing telecom association and financial conduct.
SEIAI-0056-A01,SEIAI-0056,reviewed,0.2.0,Hamzah,2026-09-04,Duplicate-SIM / telecom-impersonation operator(s),unknown,technical,no,no,no paper-specific evidence assigning either primary function,social_engineering_operator,sim_or_device_user,Obtaining or causing issuance/blocking/replacement of the registered SIM through false identity or false service representation and using the resulting number control.,no,documentary_record,sim_or_subscriber_record,limited,The adjudicatory record strongly documents the SIM-control mechanism but does not fully identify the human requester/operator.,The person who obtained the SIM and the person who later used OTPs may have been different actors.,SRC-SEIAI-0056-01,"Victim-facing deception, if any, was directed primarily at telecom personnel rather than the bank-account holder."
SEIAI-0056-A02,SEIAI-0056,reviewed,0.2.0,Hamzah,2026-09-04,Online-banking / beneficiary-network operator(s),actor_cluster,financial,no,yes,Atlas financial layer,bank_account_controller,cashout_actor,"Using diverted authentication or compromised banking access to add beneficiaries, transfer funds and/or withdraw the proceeds.",no,bank_account_or_money_flow,ip_or_login_record,limited,"Financial activity is documented, but the adjudicatory record does not necessarily establish that the beneficiary/cash-out actors also performed the SIM impersonation.",Some account holders or recipients may have had narrower downstream roles.,SRC-SEIAI-0056-01,Kept separate from the duplicate-SIM requester to avoid collapsing telecom association and financial conduct.
SEIAI-0057-A01,SEIAI-0057,reviewed,0.2.0,Hamzah,2026-09-04,Duplicate-SIM / telecom-impersonation operator(s),unknown,technical,no,no,no paper-specific evidence assigning either primary function,social_engineering_operator,sim_or_device_user,Obtaining or causing issuance/blocking/replacement of the registered SIM through false identity or false service representation and using the resulting number control.,no,documentary_record,sim_or_subscriber_record,moderate,The adjudicatory record strongly documents the SIM-control mechanism but does not fully identify the human requester/operator.,The person who obtained the SIM and the person who later used OTPs may have been different actors.,SRC-SEIAI-0057-01,"Victim-facing deception, if any, was directed primarily at telecom personnel rather than the bank-account holder."
SEIAI-0057-A02,SEIAI-0057,reviewed,0.2.0,Hamzah,2026-09-04,Online-banking / beneficiary-network operator(s),actor_cluster,financial,no,yes,Atlas financial layer,bank_account_controller,cashout_actor,"Using diverted authentication or compromised banking access to add beneficiaries, transfer funds and/or withdraw the proceeds.",no,bank_account_or_money_flow,ip_or_login_record,moderate,"Financial activity is documented, but the adjudicatory record does not necessarily establish that the beneficiary/cash-out actors also performed the SIM impersonation.",Some account holders or recipients may have had narrower downstream roles.,SRC-SEIAI-0057-01,Kept separate from the duplicate-SIM requester to avoid collapsing telecom association and financial conduct.
SEIAI-0058-A01,SEIAI-0058,reviewed,0.2.0,Hamzah,2026-09-04,Unknown phishing sender/operator,unknown,victim_facing,yes,no,Atlas victim_facing layer,social_engineering_operator,technical_infrastructure_operator,Sending/operating the phishing communication that elicited banking credentials from the corporate complainant.,yes,message_or_email_content,unclear,unclear,The appellate record notes the phishing response but does not identify the sender or hosting/account controller.,,SRC-SEIAI-0058-01,
SEIAI-0058-A02,SEIAI-0058,reviewed,0.2.0,Hamzah,2026-09-04,Unknown online-banking intruder / beneficiary network,actor_cluster,financial,no,yes,Atlas financial layer,bank_account_controller,cashout_actor,Using compromised credentials to access the corporate bank account and transfer INR 8.01 million.,no,bank_account_or_money_flow,unclear,limited,"The unauthorized transfers are documented, but the human controller of the banking session and beneficiary accounts is not resolved.",,SRC-SEIAI-0058-01,Financial-layer attribution remains analytically separate from the unidentified phishing sender.
SEIAI-0059-A01,SEIAI-0059,reviewed,0.2.0,Hamzah,2026-09-04,Fake Prestige customer-care operator,unknown,victim_facing,yes,no,Atlas victim_facing layer,victim_facing_operator,social_engineering_operator,"Answering the customer-care call, impersonating Prestige support and directing the victim into the fraudulent link/application flow.",yes,witness_or_statement,message_or_email_content,unclear,The consumer appeal reconstructs the call but does not identify the caller.,,SRC-SEIAI-0059-01,
SEIAI-0059-A02,SEIAI-0059,reviewed,0.2.0,Hamzah,2026-09-04,UPI beneficiary / technical operator(s),actor_cluster,financial,no,yes,Atlas financial layer,bank_account_controller,technical_infrastructure_operator,Receiving or facilitating the nine unauthorized UPI transfers after the victim followed the fake support instructions.,no,bank_account_or_money_flow,unclear,unclear,The source does not provide developed beneficiary KYC or device attribution.,,SRC-SEIAI-0059-01,
SEIAI-0061-A01,SEIAI-0061,reviewed,0.2.0,Hamzah,2026-09-04,RBL reward-points caller / phishing-link operator,unknown,victim_facing,yes,no,Atlas victim_facing layer,social_engineering_operator,technical_infrastructure_operator,Calling the victim with a reward-points pretext and sending the phishing link used to collect card information.,yes,witness_or_statement,message_or_email_content,unclear,The compromise/quashing order gives no direct technical attribution of the caller or link.,,SRC-SEIAI-0061-01,
SEIAI-0061-A02,SEIAI-0061,reviewed,0.2.0,Hamzah,2026-09-04,Credit-card transaction recipient/operator,unknown,financial,no,yes,Atlas financial layer,bank_account_controller,technical_infrastructure_operator,"Executing or benefiting from the INR 24,311 card transaction after the phishing flow.",no,bank_account_or_money_flow,unclear,unclear,The public order does not identify the merchant/account operator.,,SRC-SEIAI-0061-01,
SEIAI-0062-A01,SEIAI-0062,reviewed,0.2.0,Hamzah,2026-09-04,Convicted CBI/NCRB impersonation operator,identified,hybrid,yes,no,paper functional override: victim-facing conduct,social_engineering_operator,platform_account_operator,"Impersonating a CBI officer, soliciting NCRB recruitment payments, circulating fake ID/offer letters and conducting communications with victims.",yes,multiple_independent_sources,message_or_email_content,strong,The final conviction strongly resolves the charged conduct; the limitation is mainly that aggregate conduct across every referred victim is broader than the focal normalized loss.,,SRC-SEIAI-0062-01,
SEIAI-0062-A02,SEIAI-0062,reviewed,0.2.0,Hamzah,2026-09-04,Accused-controlled recruitment email/phone/bank infrastructure,identified,technical,no,yes,paper functional override: financial conduct,technical_infrastructure_operator,bank_account_controller,Operating email/phone identities and banking channels used to send recruitment material and receive payments.,yes,ip_or_login_record,bank_account_or_money_flow,strong,"The final judgment links the infrastructure to the convicted accused through witness, bank, email access and phone evidence.",,SRC-SEIAI-0062-01,This row isolates infrastructure/account control from the interpersonal impersonation conduct.
SEIAI-0063-A01,SEIAI-0063,reviewed,0.2.0,Hamzah,2026-09-04,Fake Shine.com call-centre operators,actor_cluster,victim_facing,yes,no,Atlas victim_facing layer,social_engineering_operator,victim_facing_operator,Calling job seekers while impersonating Shine.com employees and directing them to the lookalike payment domain.,yes,witness_or_statement,documentary_record,moderate,"The operation is described in the status report, but individual victim calls are not mapped to each accused.",,SRC-SEIAI-0063-01,
SEIAI-0063-A02,SEIAI-0063,reviewed,0.2.0,Hamzah,2026-09-04,Bail applicant with alleged call-centre/account role,identified,organisational,no,yes,paper functional override: financial conduct,organiser,account_provider,Allegedly operating the illegal call centre and supplying accounts to receive cheated funds.,unknown,co_accused_link,device_possession_or_forensics,limited,The applicant contested the co-accused disclosure basis; the bail order is not a final guilt finding.,The applicant could have had a narrower association with accounts or premises than the prosecution alleged.,SRC-SEIAI-0063-01,
SEIAI-0064-A01,SEIAI-0064,reviewed,0.2.0,Hamzah,2026-09-04,Accused service-partner employee,identified,hybrid,yes,yes,paper functional override: victim-facing conduct; paper functional override: financial conduct,platform_account_operator,bank_account_controller,Allegedly creating/using the misleading boAt-related email and UPI identifiers to demand replacement courier charges.,yes,documentary_record,bank_account_or_money_flow,unclear,The final trial court acquitted the accused and held the prosecution had not proved control of the email/UPI identities beyond reasonable doubt.,The identifiers may have been controlled by another person or the provider linkage may have been insufficiently authenticated.,SRC-SEIAI-0064-01,
SEIAI-0064-A02,SEIAI-0064,reviewed,0.2.0,Hamzah,2026-09-04,Unknown misleading-email / UPI operator,unknown,victim_facing,yes,no,Atlas victim_facing layer,social_engineering_operator,technical_infrastructure_operator,Sending replacement-charge demands while impersonating boAt/Imagine Marketing and directing customers to UPI payments.,yes,message_or_email_content,documentary_record,unclear,"The fraudulent communications are documented, but the human operator remained unresolved after the acquittal.",,SRC-SEIAI-0064-01,
SEIAI-0065-A01,SEIAI-0065,reviewed,0.2.0,Hamzah,2026-09-04,KKR/individual impersonating social-media group operator(s),unknown,victim_facing,yes,no,Atlas victim_facing layer,platform_account_operator,social_engineering_operator,Operating WhatsApp/Telegram/social-media identities that used the plaintiff's name/image and represented investment advice as genuine.,yes,message_or_email_content,platform_provider_record,moderate,"The final civil decree resolved impersonation against the relevant defendant, but it does not forensically attribute every related account/group to a natural person.",,SRC-SEIAI-0065-01,"v0.2.0 identity-resolution correction: “Anurag Thakur” is an asserted impersonating name/defendant label, not independently established real-world identity; coded unknown under the tightened identity rule."
SEIAI-0065-A02,SEIAI-0065,reviewed,0.2.0,Hamzah,2026-09-04,Deepfake content producer/distributor,unknown,technical,no,no,no paper-specific evidence assigning either primary function,technical_infrastructure_operator,platform_account_operator,Creating or circulating a deepfake video falsely depicting the plaintiff giving investment advice.,no,documentary_record,platform_provider_record,unclear,The source proves circulation of the fabricated content but does not identify who generated the deepfake.,,SRC-SEIAI-0065-01,
SEIAI-0066-A01,SEIAI-0066,reviewed,0.2.0,Hamzah,2026-09-04,ChrysCapital WhatsApp impersonation operator cluster,actor_cluster,victim_facing,yes,no,Atlas victim_facing layer,social_engineering_operator,platform_account_operator,Using senior-personnel names/photos and WhatsApp groups to solicit investments under the ChrysCapital identity.,yes,message_or_email_content,platform_provider_record,moderate,The final civil record identifies accounts/phone defendants and their conduct but does not criminally resolve every natural-person operator.,,SRC-SEIAI-0066-01;SRC-SEIAI-0066-02,
SEIAI-0066-A02,SEIAI-0066,reviewed,0.2.0,Hamzah,2026-09-04,Fraudulent investment website / payment operator(s),actor_cluster,technical,no,yes,paper functional override: financial conduct,technical_infrastructure_operator,bank_account_controller,Operating the fake investment registration/website/payment layer used to convert impersonation into financial transfers.,no,documentary_record,bank_account_or_money_flow,limited,The judgment describes the website/forms and money solicitation but provides limited beneficiary-account attribution.,,SRC-SEIAI-0066-01;SRC-SEIAI-0066-02,
SEIAI-0067-A01,SEIAI-0067,reviewed,0.2.0,Hamzah,2026-09-04,Deepfake publisher / social-media operator(s),unknown,technical,yes,no,paper functional override: victim-facing conduct,platform_account_operator,technical_infrastructure_operator,Publishing AI/deepfake videos using Warikoo's face and voice and directing viewers to investment groups.,yes,documentary_record,platform_provider_record,unclear,John Doe operators were unidentified at the interim stage.,,SRC-SEIAI-0067-01,
SEIAI-0067-A02,SEIAI-0067,reviewed,0.2.0,Hamzah,2026-09-04,WhatsApp investment-group / payment operator(s),unknown,victim_facing,yes,yes,Atlas victim_facing layer; paper functional override: financial conduct,social_engineering_operator,bank_account_controller,Moving viewers from fake endorsements into WhatsApp groups and suspicious investment apps/accounts where money was solicited.,yes,witness_or_statement,message_or_email_content,unclear,The interim order describes reported investor losses but does not identify the group/payment controllers.,,SRC-SEIAI-0067-01,
SEIAI-0068-A01,SEIAI-0068,reviewed,0.2.0,Hamzah,2026-09-04,Bail applicant alleged government-job intermediary,identified,victim_facing,yes,yes,Atlas victim_facing layer; paper functional override: financial conduct,social_engineering_operator,intermediary,"Promising a government job, collecting staged payments and sending a fake joining letter to the complainant.",yes,witness_or_statement,message_or_email_content,moderate,The source is anticipatory-bail stage and the applicant claimed he was himself deceived by an upstream job-fraud operator.,,SRC-SEIAI-0068-01,
SEIAI-0068-A02,SEIAI-0068,reviewed,0.2.0,Hamzah,2026-09-04,Upstream job-fraud operator described by applicant,partially_identified,organisational,no,no,no paper-specific evidence assigning either primary function,organiser,social_engineering_operator,Allegedly posing as a well-connected recruitment facilitator and supplying the fake joining-letter pathway used by the applicant.,unknown,witness_or_statement,documentary_record,limited,This role is based on the applicant's defence narrative and was not finally adjudicated.,,SRC-SEIAI-0068-01,Retained to represent the alternative upstream-operator explanation rather than treating it as established fact.
SEIAI-0069-A01,SEIAI-0069,reviewed,0.2.0,Hamzah,2026-09-04,Reward-points SMS/link operator,unknown,victim_facing,yes,no,Atlas victim_facing layer,social_engineering_operator,technical_infrastructure_operator,Sending/operating the reward-points phishing message or link that led to fraudulent card transactions.,yes,message_or_email_content,unclear,unclear,The consumer appeal does not identify the external sender/link controller.,,SRC-SEIAI-0069-01,
SEIAI-0069-A02,SEIAI-0069,reviewed,0.2.0,Hamzah,2026-09-04,Merchant/payment recipient(s),unknown,financial,no,yes,Atlas financial layer,bank_account_controller,money_mule,"Receiving or facilitating the two successful fraudulent card payments totalling INR 248,000.",no,bank_account_or_money_flow,documentary_record,limited,Merchant/recipient records establish transaction destinations but not necessarily participation in the phishing deception.,,SRC-SEIAI-0069-01,
SEIAI-0070-A01,SEIAI-0070,reviewed,0.2.0,Hamzah,2026-09-04,Purported eKYC phishing-link operator,unknown,victim_facing,yes,no,Atlas victim_facing layer,technical_infrastructure_operator,social_engineering_operator,Presenting a bank-branded/eKYC link believed genuine and inducing the complainant to enter the verification flow.,yes,documentary_record,unclear,unclear,The commission expressly noted no material showing where the link originated or connecting it to the bank.,,SRC-SEIAI-0070-01,
SEIAI-0070-A02,SEIAI-0070,reviewed,0.2.0,Hamzah,2026-09-04,IMPS recipient / banking-session operator,unknown,financial,no,yes,Atlas financial layer,bank_account_controller,technical_infrastructure_operator,"Executing or benefiting from the INR 49,997 IMPS transfer following the phishing event.",no,bank_account_or_money_flow,unclear,unclear,The public decision does not identify the beneficiary operator or banking-session controller.,,SRC-SEIAI-0070-01,
SEIAI-0071-A01,SEIAI-0071,reviewed,0.2.0,Hamzah,2026-09-04,Shaurya persona operator,partially_identified,victim_facing,yes,no,Atlas victim_facing layer,social_engineering_operator,victim_facing_operator,"Using the Shaurya identity across WhatsApp to induce repeated payments under job, tender, investment and emergency pretexts.",yes,message_or_email_content,witness_or_statement,unclear,"The prosecution attributed the WhatsApp identity to the applicant through a phone-possession theory, but the applicant disputed the chats and the matter remained at bail stage.",,SRC-SEIAI-0071-01,"v0.2.0 identity-resolution correction: prosecution source actor-specifically links the named applicant to the “Shaurya” persona, but the link remains contested and non-final."
SEIAI-0071-A02,SEIAI-0071,reviewed,0.2.0,Hamzah,2026-09-04,Bail applicant with alleged cash/payment collection role,identified,financial,no,yes,Atlas financial layer,cashout_actor,intermediary,Allegedly receiving cash/payments connected with the Shaurya deception and using a phone said to have been supplied by another person.,unknown,bank_account_or_money_flow,device_possession_or_forensics,limited,Payment/phone association does not itself prove authorship of every Shaurya communication.,,SRC-SEIAI-0071-01,This row separates downstream receipt/device association from the victim-facing persona.
SEIAI-0072-A01,SEIAI-0072,reviewed,0.2.0,Hamzah,2026-09-04,FedEx and Mumbai Cyber Crime impersonating caller(s),actor_cluster,victim_facing,yes,no,Atlas victim_facing layer,social_engineering_operator,victim_facing_operator,Using courier/narcotics and police-investigation pretexts to frighten the victim and direct bank transfers for supposed verification.,yes,witness_or_statement,unclear,unclear,The final writ judgment transferred the investigation but did not identify the callers.,,SRC-SEIAI-0072-01,
SEIAI-0072-A02,SEIAI-0072,reviewed,0.2.0,Hamzah,2026-09-04,Three beneficiary-account / downstream operator(s),actor_cluster,financial,no,yes,Atlas financial layer,bank_account_controller,money_mule,Receiving the victim's INR 10.44 million across the three accounts supplied by the callers.,no,bank_account_or_money_flow,unclear,limited,The transaction accounts are documented but the public judgment does not establish who controlled each account or their relationship to the callers.,,SRC-SEIAI-0072-01,
SEIAI-0073-A01,SEIAI-0073,reviewed,0.2.0,Hamzah,2026-09-04,Relative-impersonating WhatsApp caller,unknown,victim_facing,yes,no,Atlas victim_facing layer,social_engineering_operator,victim_facing_operator,Impersonating the complainant's relative abroad and invoking a medical emergency to direct transfers.,yes,witness_or_statement,message_or_email_content,unclear,The caller is not identified in the bail order.,,SRC-SEIAI-0073-01,
SEIAI-0073-A02,SEIAI-0073,reviewed,0.2.0,Hamzah,2026-09-04,Bail applicant linked to beneficiary account,identified,financial,no,yes,Atlas financial layer,bank_account_controller,money_mule,Alleged connection to one account used to receive cheated funds.,no,bank_account_or_money_flow,ip_or_login_record,limited,The order explicitly leaves the extent of involvement for trial and records the defence that another person controlled the account/ATM.,The account may have been misused by another actor without the account holder operating the victim-facing scam.,SRC-SEIAI-0073-01,
SEIAI-0074-A01,SEIAI-0074,reviewed,0.2.0,Hamzah,2026-09-04,KYC smishing/link operator,unknown,victim_facing,yes,no,Atlas victim_facing layer,social_engineering_operator,technical_infrastructure_operator,Sending the KYC SMS/link that induced the senior citizen to click a purported verification flow.,yes,message_or_email_content,witness_or_statement,unclear,The consumer appeal does not identify the sender or link controller.,,SRC-SEIAI-0074-01,
SEIAI-0074-A02,SEIAI-0074,reviewed,0.2.0,Hamzah,2026-09-04,ATM/transfer recipient operator(s),unknown,financial,no,yes,Atlas financial layer,cashout_actor,bank_account_controller,"Executing or benefiting from the INR 20,000 ATM withdrawal and INR 25,000 transfer.",no,bank_account_or_money_flow,cctv_or_location,limited,The transaction/location evidence does not identify who conducted the ATM withdrawal or controlled the transfer recipient.,,SRC-SEIAI-0074-01,
SEIAI-0075-A01,SEIAI-0075,reviewed,0.2.0,Hamzah,2026-09-04,Bank-main-branch impersonating caller,unknown,victim_facing,yes,no,Atlas victim_facing layer,social_engineering_operator,victim_facing_operator,"Calling the complainant, invoking ATM blocking/Aadhaar linking and eliciting card details.",yes,witness_or_statement,unclear,unclear,The consumer appeal does not identify the caller or subscriber.,,SRC-SEIAI-0075-01,
SEIAI-0075-A02,SEIAI-0075,reviewed,0.2.0,Hamzah,2026-09-04,Online-purchase / payment operator(s),unknown,financial,no,yes,Atlas financial layer,bank_account_controller,technical_infrastructure_operator,"Using the compromised card information to conduct eight online purchases totalling INR 42,760.",no,bank_account_or_money_flow,documentary_record,limited,Transaction records show use of the card credentials but not the identity of the person who conducted the purchases.,,SRC-SEIAI-0075-01,
SEIAI-0076-A01,SEIAI-0076,reviewed,0.2.2,Hamzah,2026-09-06,Unknown HDFC phishing email/site operator(s),unknown,victim_facing,yes,no,"Source reconstructs the spoofed bank email and phishing page, but not the human sender/operator.",social_engineering_operator,technical_infrastructure_operator,Sending/operating the fake HDFC software-upgrade email and credential-capture page.,yes,message_or_email_content,ip_or_login_record,unclear,International IP/domain evidence reconstructs infrastructure but does not resolve the human operator.,,SRC-SEIAI-0076-01,"May overlap with later financial actors, but the record does not establish that overlap."
SEIAI-0076-A02,SEIAI-0076,reviewed,0.2.2,Hamzah,2026-09-06,Freeman Anosike Aluma,identified,hybrid,uncertain,yes,Witness evidence alleges he requested an HDFC account and later received most of the withdrawn funds; the appellate court set aside the conviction because the GEQD phone/SIM report was not considered.,coordinator,bank_account_controller,Alleged coordination of beneficiary-account use and receipt of cash from the fraudulent transfer.,no,witness_or_statement,bank_account_or_money_flow,moderate,The conviction was set aside and the missing GEQD report was treated as vital; the source does not establish that he sent the phishing email or ran the site.,He denied involvement and argued the actual beneficiaries were witnesses rather than accused.,SRC-SEIAI-0076-01,"Human identity is resolved, but conduct attribution remains non-final after remand."
SEIAI-0076-A03,SEIAI-0076,reviewed,0.2.2,Hamzah,2026-09-06,Downstream beneficiary/cash-out network,actor_cluster,financial,no,yes,"Bank and witness records describe beneficiary addition, ATM/cheque withdrawals and cash handover.",cashout_actor,money_mule,"Receiving, withdrawing and handing over proceeds from the compromised HDFC account.",no,bank_account_or_money_flow,financial_withdrawal_or_cashout,strong,"Strong evidence exists for the transaction/cash-out sequence, but individual knowledge of the phishing scheme and full role equivalence are not established.",,SRC-SEIAI-0076-01,Cluster avoids treating every account/cash-out participant as the phishing operator.
SEIAI-0077-A01,SEIAI-0077,reviewed,0.2.2,Hamzah,2026-09-06,Compromised-email impersonator(s),unknown,victim_facing,yes,uncertain,Unknown operators issued transfer instructions while impersonating the account holder through a compromised/imitated email identity.,social_engineering_operator,platform_account_operator,Impersonating the NRE customer in email instructions to bank personnel.,yes,message_or_email_content,documentary_record,unclear,"Consumer records do not resolve the sender, device, login origin or relationship to receiving accounts.",,SRC-SEIAI-0077-01;SRC-SEIAI-0077-02,Victim-facing function is toward bank employees who were induced to process instructions.
SEIAI-0077-A02,SEIAI-0077,reviewed,0.2.2,Hamzah,2026-09-06,Overseas beneficiary/controller network,unknown,financial,no,yes,The adjudicatory record documents transfers to banks abroad but does not identify the controlling humans.,bank_account_controller,unknown_role,Receiving/control of the overseas endpoints to which the NRE funds were transferred.,no,bank_account_or_money_flow,documentary_record,limited,"Transfer destinations are documented, but public material reviewed does not resolve the humans controlling them.",,SRC-SEIAI-0077-01;SRC-SEIAI-0077-02,
SEIAI-0078-A01,SEIAI-0078,reviewed,0.2.2,Hamzah,2026-09-06,Papendra Kumar,identified,hybrid,yes,yes,The appellate record identifies him as the fraudster/customer-care caller and describes a beneficiary account in his name receiving a substantial transfer.,victim_facing_operator,bank_account_controller,"Posing as Louis Philippe customer care, inducing app download and controlling/receiving a beneficiary endpoint.",yes,bank_account_or_money_flow,witness_or_statement,moderate,The proceeding adjudicated bank/customer liability rather than criminal guilt and does not independently prove every technical action through the app.,Criminal responsibility was not the issue finally determined in the writ appeal.,SRC-SEIAI-0078-01,Unusual case where a source resolves both victim-facing and financial functions to the same named human.
SEIAI-0078-A02,SEIAI-0078,reviewed,0.2.2,Hamzah,2026-09-06,Downstream transfer recipient(s),actor_cluster,financial,no,yes,The record states funds were moved from the first beneficiary account into other accounts.,bank_account_controller,money_mule,Receiving onward transfers after the initial unauthorized transaction.,no,bank_account_or_money_flow,,limited,The appellate record does not resolve the identities or knowledge of all downstream recipients.,,SRC-SEIAI-0078-01,
SEIAI-0079-A01,SEIAI-0079,reviewed,0.2.2,Hamzah,2026-09-06,SBI Debit Card Section impersonating caller,unknown,victim_facing,yes,uncertain,The consumer record reconstructs the call and card-verification pretext but says the caller could not be traced.,victim_facing_operator,social_engineering_operator,"Calling the senior citizen, stating the fresh PIN and eliciting card particulars under a verification pretext.",yes,witness_or_statement,,unclear,No subscriber/device evidence in the reviewed source resolves the caller; possession of the new PIN remains unexplained.,,SRC-SEIAI-0079-01,
SEIAI-0079-A02,SEIAI-0079,reviewed,0.2.2,Hamzah,2026-09-06,Unknown withdrawal operator(s),unknown,financial,no,yes,Bank records establish six unauthorized withdrawals but not the person who executed them.,cashout_actor,bank_account_controller,Executing or benefiting from the six withdrawals after the victim changed the PIN.,no,bank_account_or_money_flow,,limited,Transaction evidence establishes loss but not human identity or whether the caller and withdrawal operator were the same person.,,SRC-SEIAI-0079-01,
SEIAI-0080-A01,SEIAI-0080,reviewed,0.2.2,Hamzah,2026-09-06,Christina George/customs/Mr Philip persona cluster,actor_cluster,victim_facing,yes,no,"The victim-facing scheme used multiple coordinated personas across Facebook, WhatsApp and phone; real-world humans behind the personas remain unresolved.",social_engineering_operator,victim_facing_operator,"Operating layered investment, customs and release/embassy personas to induce repeated transfers.",yes,witness_or_statement,message_or_email_content,moderate,The record reconstructs the personas and interaction but does not map each persona to a specific real-world human.,,SRC-SEIAI-0080-01,Personas may have been operated by one or several humans.
SEIAI-0080-A02,SEIAI-0080,reviewed,0.2.2,Hamzah,2026-09-06,Rajesh Kumar Kashyap,identified,organisational,uncertain,yes,"The bail record alleges a coordinating/kingpin role through co-accused disclosure, false-document/account evidence and investigation of multiple accounts.",organiser,coordinator,Alleged organisation of fraudulent identity/account infrastructure and associated financial-fraud activity.,no,co_accused_link,documentary_record,moderate,Bail-stage allegations do not establish that he operated the focal victim-facing personas; guilt was not finally adjudicated.,He sought bail and the proceeding did not determine final criminal responsibility.,SRC-SEIAI-0080-01,Do not collapse alleged organisational role into the Christina/customs/Mr Philip victim-facing layer.
SEIAI-0080-A03,SEIAI-0080,reviewed,0.2.2,Hamzah,2026-09-06,False-identity bank/SIM infrastructure network,actor_cluster,financial,no,yes,The investigation described multiple accounts and SIMs opened using altered/fabricated identity documents.,account_provider,money_mule,Providing or controlling bank/SIM endpoints used to receive and route victim funds.,no,bank_account_or_money_flow,documentary_record,moderate,The public bail order does not establish equivalent knowledge or conduct for every person connected to the infrastructure.,,SRC-SEIAI-0080-01,
SEIAI-0081-A01,SEIAI-0081,reviewed,0.2.2,Hamzah,2026-09-06,Pramod Kumar Singh,identified,victim_facing,yes,no,"e-KYC/subscriber records, witness statements and CDRs prima facie linked his numbers to repeated PMO impersonation calls.",victim_facing_operator,social_engineering_operator,"Impersonating the Principal Secretary/PMO-linked authority and seeking official contacts, vehicle, accommodation and protocol assistance.",yes,cdr_or_telecom_record,witness_or_statement,moderate,The High Court assessed only charge-stage prima facie material; voice authorship and conspiracy remained for trial.,,SRC-SEIAI-0081-01,
SEIAI-0081-A02,SEIAI-0081,reviewed,0.2.2,Hamzah,2026-09-06,Vivek Keshavan,identified,hybrid,yes,no,Witnesses linked him to the PA identity/phone; CDRs showed contact with accused no.1 and the prosecution alleged he used a government vehicle obtained through the deception.,intermediary,victim_facing_operator,Confirming the PA identity during calls and allegedly availing transport obtained through PMO impersonation.,yes,witness_or_statement,cdr_or_telecom_record,moderate,The defence claimed his name/number were misused; the High Court left identity/intention issues for trial and did not finally determine guilt.,He argued he paid his own hotel costs and that accused no.1 misused his identity.,SRC-SEIAI-0081-01,
SEIAI-0082-A01,SEIAI-0082,reviewed,0.2.2,Hamzah,2026-09-06,Alliance Solution victim-facing operator cluster,actor_cluster,victim_facing,yes,no,The source names several asserted company personnel/personas but does not independently resolve those labels to specific real-world humans.,social_engineering_operator,platform_account_operator,"Operating the purported investment company through calls, WhatsApp, email, website, forged agreements and false office representations.",yes,message_or_email_content,documentary_record,moderate,Names may be personas or asserted company identities; the bail order does not establish human resolution for the victim-facing conduct.,,SRC-SEIAI-0082-01,
SEIAI-0082-A02,SEIAI-0082,reviewed,0.2.2,Hamzah,2026-09-06,Alliance Solution/downstream account network,actor_cluster,financial,no,yes,"Victim transfers and investigation of account-linked participants are documented, but the public bail order gives uneven actor-specific detail.",bank_account_controller,money_mule,Receiving/routing the victim's investment payments and making initial payout transfers.,no,bank_account_or_money_flow,documentary_record,limited,The source does not establish that each account-linked person knew or participated in the victim-facing scheme; petitioner-specific figures are themselves reported inconsistently.,The petitioner said deposits to her account came from her husband and she knew nothing of the scheme.,SRC-SEIAI-0082-01,
SEIAI-0083-A01,SEIAI-0083,reviewed,0.2.2,Hamzah,2026-09-06,Unknown digital-arrest caller(s),unknown,victim_facing,yes,no,The source states the victim was compelled by unknown phone callers to transfer funds but does not resolve their human identities.,victim_facing_operator,social_engineering_operator,Conducting the phone-based digital-arrest coercion and directing transfers.,yes,witness_or_statement,,unclear,The bail order provides no telecom/platform/device linkage identifying the caller(s).,,SRC-SEIAI-0083-01,
SEIAI-0083-A02,SEIAI-0083,reviewed,0.2.2,Hamzah,2026-09-06,Beneficiary-account holder network,actor_cluster,financial,no,yes,Three receiving accounts are documented; one account holder was apprehended and two were described as absconding.,bank_account_controller,money_mule,"Receiving the INR 1 crore loss through three accounts, including one account that received INR 20 lakh.",no,bank_account_or_money_flow,,moderate,The public order does not resolve all account holders or establish equivalent knowledge of the digital-arrest scheme.,,SRC-SEIAI-0083-01,
SEIAI-0083-A03,SEIAI-0083,reviewed,0.2.2,Hamzah,2026-09-06,Muliyasiya Anil Sarman,identified,organisational,no,uncertain,The prosecution called him the mastermind based on an arrested co-accused's statement; the High Court found no other apparent material linking him after substantial investigation.,organiser,coordinator,Alleged orchestration/mastermind role in the digital-arrest racket.,no,co_accused_link,,limited,The High Court expressly noted the apparent absence of independent supporting material beyond the co-accused statement.,He denied involvement and had cooperated with investigators before arrest.,SRC-SEIAI-0083-01,
SEIAI-0084-A01,SEIAI-0084,reviewed,0.2.2,Hamzah,2026-09-06,Police/ATS digital-arrest impersonator cluster,actor_cluster,victim_facing,yes,no,The source reconstructs multiple purported police/ATS personas but does not identify the humans operating those calls.,social_engineering_operator,victim_facing_operator,"Delivering the terrorism accusation, arrest-warrant threats, secrecy/hourly-reporting instructions and transfer demands.",yes,witness_or_statement,message_or_email_content,moderate,The victim-facing humans remain unresolved in the reviewed bail order.,,SRC-SEIAI-0084-01,
SEIAI-0084-A02,SEIAI-0084,reviewed,0.2.2,Hamzah,2026-09-06,Ritu Gupta,identified,financial,no,yes,"Her account received INR 40 lakh from the focal victim; prosecution alleged she retained INR 33 lakh, sent INR 7 lakh onward to 20 accounts and deleted WhatsApp content.",bank_account_controller,money_mule,Receiving and allegedly redistributing a major portion of the focal victim's transfer.,no,bank_account_or_money_flow,device_possession_or_forensics,moderate,She was not linked to the victim-facing calls and claimed her bank details/SIM had been misused by co-accused; the bail court rejected this only prima facie.,She claimed to be a fraud victim who had handed over banking credentials/SIM for proposed investment and later complained of misuse.,SRC-SEIAI-0084-01,Financial function is coded independently of the unresolved victim-facing layer.
SEIAI-0085-A01,SEIAI-0085,reviewed,0.2.2,Hamzah,2026-09-06,TRG Financial Academy / fake app operator(s),unknown,victim_facing,yes,no,"The WhatsApp group and fake branded application are well described, but the public bail order does not resolve the human operators behind them.",social_engineering_operator,platform_account_operator,"Operating the WhatsApp investment pretext and purported Axis Bank Securities app, escalating payment demands and account-freeze barriers.",yes,witness_or_statement,message_or_email_content,moderate,The source does not map the TRG/app identities to specific real-world humans.,,SRC-SEIAI-0085-01,
SEIAI-0085-A02,SEIAI-0085,reviewed,0.2.2,Hamzah,2026-09-06,Ahsan Khan,identified,financial,no,yes,The order records that he gave his bank account for trading/profit arrangements and that approximately INR 35 lakh was routed through it.,bank_account_controller,account_provider,Providing/control of a bank account used to route approximately INR 35 lakh associated with the fraud.,no,bank_account_or_money_flow,witness_or_statement,moderate,He was not identified as a victim-facing operator and said he only shared the account for promised profits before learning of the fraud.,"He described himself as an indirect victim and said he received INR 10,000 as promised profit.",SRC-SEIAI-0085-01,
SEIAI-0085-A03,SEIAI-0085,reviewed,0.2.2,Hamzah,2026-09-06,Mazhar/Farhan/Anand alleged coordination cluster,actor_cluster,organisational,uncertain,yes,The bail order attributes directions and use of the petitioner's account to named alleged participants but does not provide sufficient identity-resolution detail for each.,coordinator,organiser,Alleged direction/use of beneficiary accounts in the investment-fraud network.,no,co_accused_link,bank_account_or_money_flow,limited,The public bail order gives only a brief account of these alleged roles and does not establish victim-facing conduct or final guilt.,,SRC-SEIAI-0085-01,
SEIAI-0086-A01,SEIAI-0086,reviewed,0.2.2,Hamzah,2026-10-03,Hugo Loan victim-facing operator cluster,actor_cluster,victim_facing,yes,uncertain,"The source describes an operator group running the Hugo Loan app and repeated threats, but it does not map the focal SMS/app/WhatsApp identities to specific real-world humans or cleanly separate every operator from the payment network.",social_engineering_operator,platform_account_operator,Operating the quick-loan lure/data-harvesting workflow and delivering or operating the threatening victim-facing communications using harvested contacts and morphed images.,yes,witness_or_statement,documentary_record,moderate,"The order supports the existence and modus operandi of the operator cluster but does not resolve which human sent the focal SMS, controlled the app, or made each threatening call/message.",,SRC-SEIAI-0086-01,Victim-facing operator cluster is analytically distinct from Wan Chenghua's separately assessed downstream cash-handling role.
SEIAI-0086-A02,SEIAI-0086,reviewed,0.2.2,Hamzah,2026-10-03,Wan Chenghua,identified,financial,no,yes,"Police, according to the bail record, arrested Wan Chenghua after an intermediary identified him as the person from whom INR 1,131,000 was to be collected; that cash was recovered. The source does not identify him as the focal caller/app operator.",cashout_actor,intermediary,"Alleged possession/handling of INR 1,131,000 in the downstream payment/cash network associated with the loan-app scheme.",no,financial_withdrawal_or_cashout,co_accused_link,moderate,"The cash recovery and intermediary disclosure support a downstream financial role but do not establish that Wan Chenghua sent the SMS, operated Hugo Loan, made the threatening calls, or knew every detail of the focal victim interaction.",Cash possession/handling within a broader network can exist without authorship of the original social-engineering interaction.,SRC-SEIAI-0086-01,Keep separate from the unresolved victim-facing operator cluster; identity resolution does not transfer across functions.
SEIAI-0087-A01,SEIAI-0087,reviewed,0.2.2,Hamzah,2026-10-03,LOXAM investment-app operator cluster,actor_cluster,victim_facing,yes,uncertain,"The predicate complaint and charge-sheet narrative identify unknown persons as running the LOXAM investment app and inducing the focal investment, while the reviewed judgment does not resolve their real-world identities or individually map financial control.",social_engineering_operator,platform_account_operator,"Operating the LOXAM investment-app pretext, claiming affiliation with a reputed French MNC group and inducing the complainant to transfer funds on the promise of unrealistically high returns.",yes,documentary_record,bank_account_or_money_flow,moderate,The source establishes the app-based deception at incident level but does not identify the human operators or provide app/device logs tying particular individuals to the victim-facing conduct.,,SRC-SEIAI-0087-01,Operator cluster is kept separate from downstream virtual-account and money-conversion actors.
SEIAI-0087-A02,SEIAI-0087,reviewed,0.2.2,Hamzah,2026-10-03,Xindai virtual-account controller network,actor_cluster,financial,no,yes,The charge-sheet narrative traced the focal payment through Paytm/Razor into virtual accounts associated with Xindai Technologies and then through a larger physical-account network. The source does not establish that those financial actors operated the LOXAM deception.,bank_account_controller,intermediary,Receiving and routing proceeds through virtual and downstream physical accounts associated with the broader investment-fraud payment network.,no,bank_account_or_money_flow,documentary_record,moderate,"The financial path is developed at network level, but the judgment does not resolve each human controller, their knowledge of the focal deception, or the exact share of aggregate flows attributable to this victim.","Account/control associations and aggregate flow may include transactions unrelated to the focal INR 116,000 complaint.",SRC-SEIAI-0087-01,Financial network is analytically distinct from the unresolved LOXAM victim-facing operator cluster.
SEIAI-0087-A03,SEIAI-0087,reviewed,0.2.2,Hamzah,2026-10-03,Bhupesh Arora,identified,financial,no,uncertain,"ED alleged that Bhupesh Arora was a client/beneficiary connected to cash/forex conversion, but the Delhi High Court noted that he was not named or charge-sheeted in the predicate offence and found material gaps and delayed/contradictory witness attribution.",intermediary,,Alleged downstream facilitation/benefit in cash or foreign-exchange conversion of proceeds routed through the broader account network.,no,co_accused_link,witness_or_statement,limited,"No transaction from the focal complaint was shown as directly connected to Bhupesh Arora in the reviewed judgment; key witnesses did not initially name him, and the High Court identified a material gap in the chain at the bail stage.",The later statements relied upon by ED may reflect broader business/cash-conversion relationships rather than knowing involvement in the focal LOXAM fraud; this remained a matter for trial.,SRC-SEIAI-0087-01,Do not transfer Bhupesh Arora's identified human status to the unknown LOXAM operator function.
SEIAI-0088-A01,SEIAI-0088,reviewed,0.2.2,Hamzah,2026-10-03,A. Javith (A1),identified,victim_facing,yes,uncertain,"The bail order records the prosecution allegation and the Court's prima facie view that A1 participated in the WhatsApp digital-arrest threat and obtained money, but it does not provide a transaction/account-control map sufficient to assign a definite financial function.",victim_facing_operator,,Alleged participation in the WhatsApp terrorism-pretext digital-arrest interaction and threats that induced repeated online transfers.,yes,witness_or_statement,documentary_record,moderate,"The source is a bail order and does not reproduce independent WhatsApp provider, telecom, device or beneficiary-account evidence tying the victim-facing identity and payment endpoints to A1.",A1 denied participation and alleged false implication; those claims were not finally adjudicated.,SRC-SEIAI-0088-01,Victim-facing function is based on the bail-stage record and must not be read as a final finding of guilt.
SEIAI-0088-A02,SEIAI-0088,reviewed,0.2.2,Hamzah,2026-10-03,A2 / alleged main accused,actor_cluster,unknown,uncertain,uncertain,"The order says A1 acted with the help of A2 and later describes A2 as the main accused who was absconding, but it does not specify A2's exact victim-facing or payment-path conduct.",unknown_role,,Alleged assistance/main-accused role in the digital-arrest scheme.,unknown,co_accused_link,documentary_record,limited,"The source supplies no name for A2 in the reviewed text and does not detail the specific communications, account control or withdrawals attributable to A2.",The phrase main accused is a procedural/prosecution characterization and does not itself establish the function performed.,SRC-SEIAI-0088-01,A2 is kept as a numbered actor cluster rather than treated as an identified human.
SEIAI-0089-A01,SEIAI-0089,reviewed,0.2.2,Hamzah,2026-10-04,TimesJobs/AECOM recruitment operator cluster,actor_cluster,victim_facing,yes,uncertain,The complainant narrative records repeated calls/emails using purported TimesJobs and AECOM identities. The reviewed judgment does not resolve all those victim-facing identities to specific humans.,recruiter,social_engineering_operator,"Operating the staged recruitment pretext, interview/job-offer communications and escalating fee demands.",yes,message_or_email_content,witness_or_statement,moderate,"The communications and pretext are detailed, but authorship of each phone/email identity is not mapped to a specific real-world human in the judgment.",,SRC-SEIAI-0089-01,Keep separate from petitioners linked mainly through bank and subscriber infrastructure.
SEIAI-0089-A02,SEIAI-0089,reviewed,0.2.2,Hamzah,2026-10-04,Satish Kushwaha,identified,financial,no,yes,The order records multiple beneficiary accounts in Satish Kushwaha's name and traces the complainant's funds through those accounts; it does not identify him as the initial recruiter/caller.,bank_account_controller,intermediary,Alleged control of multiple bank accounts through which the job-fraud payments were routed.,no,bank_account_or_money_flow,documentary_record,moderate,"Bank-account linkage supports a financial role, while the source does not establish that he authored the TimesJobs/AECOM communications or every transaction in the broader network.",Account ownership/control can establish a financial endpoint without establishing authorship of the recruitment persona.,SRC-SEIAI-0089-01,Financial role is separate from the unresolved victim-facing recruiter cluster.
SEIAI-0089-A03,SEIAI-0089,reviewed,0.2.2,Hamzah,2026-10-04,Abhishek Tiwari,identified,financial,no,uncertain,"The investigation associated a mobile number registered to Abhishek Tiwari with two fraud-linked bank accounts, but the judgment does not establish his control of victim-facing recruitment identities or a complete account-control chain.",intermediary,account_provider,Alleged subscriber/account-infrastructure association within the job-fraud network.,no,sim_or_subscriber_record,bank_account_or_money_flow,limited,Subscriber registration and account association are meaningful links but do not substantially establish that he controlled the relevant accounts at the time or delivered the social-engineering interaction.,A registered subscriber/account association may reflect a narrower infrastructure role or disputed control.,SRC-SEIAI-0089-01,Do not transfer identified-human status to the unresolved TimesJobs/AECOM operator function.
SEIAI-0098-A01,SEIAI-0098,reviewed,0.2.2,Hamzah,2026-10-04,CBI/ED/judicial impersonator cluster,actor_cluster,victim_facing,yes,uncertain,"The Supreme Court order records a defined group of fraudsters impersonating CBI, ED and judicial authorities and displaying forged judicial orders, but it does not identify specific real-world humans or map the payment path.",victim_facing_operator,social_engineering_operator,"Delivering the digital-arrest communications, forged-order legitimacy theatre and threats that induced INR 10.55 million in transfers.",yes,witness_or_statement,documentary_record,moderate,"The focal incident and impersonation sequence are clearly recorded, but human identity and operator-specific telecom/device/payment evidence are absent from this procedural order.",,SRC-SEIAI-0098-01,Actor cluster is incident-level and should not be read as resolved human attribution.
SEIAI-0099-A01,SEIAI-0099,reviewed,0.2.2,Hamzah,2026-10-04,Replacement-SIM impersonator,unknown,technical,no,uncertain,The source states that an impostor using the name Kaustubh Das presented himself as Prashant Buradkar's authorized representative and obtained a replacement SIM; it does not resolve the impostor's actual human identity.,social_engineering_operator,sim_or_device_user,Using a false authorized-representative identity and documents to induce Vodafone to issue/activate a replacement SIM.,no,sim_or_subscriber_record,documentary_record,moderate,"The replacement request and false representation are documented, but the human behind the identity remains unresolved and the judgment does not map that person to every banking transaction.",,SRC-SEIAI-0099-01,Keep distinct from the downstream banking/beneficiary cluster.
SEIAI-0099-A02,SEIAI-0099,reviewed,0.2.2,Hamzah,2026-10-04,Downstream banking/beneficiary cluster,actor_cluster,financial,no,yes,The adjudicatory record links the SIM-swap episode to siphoning from the SBI account but does not fully identify or individually assess the humans controlling downstream financial endpoints.,bank_account_controller,cashout_actor,Receiving/routing the INR 1.05 million allegedly siphoned after the replacement-SIM event.,no,bank_account_or_money_flow,documentary_record,limited,"The financial consequence is documented for liability purposes, but actor-specific criminal attribution for the downstream recipients is not developed in the reviewed judgment.",A beneficiary endpoint need not be the same actor who performed the SIM impersonation.,SRC-SEIAI-0099-01,Financial cluster is analytically distinct from the unknown in-person impostor.
SEIAI-0104-A01,SEIAI-0104,reviewed,0.2.2,Hamzah,2026-10-04,UBS WhatsApp investment-group operator cluster,actor_cluster,victim_facing,yes,uncertain,The complainant reported joining a WhatsApp group styled as UBS Asset Management and being induced to invest; the judgment does not identify the humans operating that group.,victim_facing_operator,platform_account_operator,Operating the WhatsApp investment pretext and inducing continued payments under the purported UBS-branded trading scheme.,yes,witness_or_statement,documentary_record,moderate,"The complaint and court record establish the victim-facing pretext, but no provider/device evidence identifies the human operators.",,SRC-SEIAI-0104-01,Keep separate from layered beneficiary accounts and from V-Mart's remote-layer legitimate merchant account.
SEIAI-0104-A02,SEIAI-0104,reviewed,0.2.2,Hamzah,2026-10-04,Downstream beneficiary-account network,actor_cluster,financial,no,yes,Police preliminary investigation traced a specific INR 2.2 million subset through successive accounts. The source does not resolve all human controllers or establish knowing participation by every remote-layer account.,bank_account_controller,intermediary,Receiving and routing a traced subset of the complainant's investment-fraud payments through layered accounts.,no,bank_account_or_money_flow,documentary_record,moderate,"The payment path is concrete, but the source does not establish knowledge/intent for every account and does not map the full INR 14.8 million reported loss.","At remote layers, legitimate merchant/pass-through transactions are possible, as illustrated by V-Mart's account-freeze challenge.",SRC-SEIAI-0104-01,"Do not treat V-Mart itself as a fraud actor merely because INR 4,194 reached its collection account."
SEIAI-0090-A01,SEIAI-0090,reviewed,0.2.2,Hamzah,2026-10-04,Telecom/police digital-arrest operator cluster,actor_cluster,victim_facing,yes,uncertain,Victim account describes calls and WhatsApp video impersonating telecom/police authority; humans unresolved.,victim_facing_operator,,Operating the phone/WhatsApp digital-arrest pretext and directing victim transfers.,yes,witness_or_statement,message_or_email_content,moderate,No provider/device evidence in the bail order resolves the human operators.,,SRC-SEIAI-0090-01,
SEIAI-0090-A02,SEIAI-0090,reviewed,0.2.2,Hamzah,2026-10-04,Amresh Kumar Singh,identified,financial,no,uncertain,Applicant was alleged to facilitate account opening/money transfers in a wider network; he denied knowing fraud provenance.,intermediary,,Alleged onboarding/account-opening and money-transfer facilitation within downstream network.,no,witness_or_statement,co_accused_link,limited,Applicant-specific link is bail-stage and contested; source does not identify him as the caller or clearly map focal victim funds to him.,He described his Jan Seva Kendra work and business arrangement as legitimate and denied knowledge of fraud.,SRC-SEIAI-0090-01,
SEIAI-0091-A01,SEIAI-0091,reviewed,0.2.2,Hamzah,2026-10-04,Bank/police/CBI impersonator cluster,actor_cluster,victim_facing,yes,uncertain,"Victim narrative describes bank, Bandra Police and CBI personas using forged official material; individual humans unresolved.",victim_facing_operator,,Operating the layered bank/law-enforcement digital-arrest deception and directing payment.,yes,witness_or_statement,message_or_email_content,moderate,The source reconstructs the deception but does not independently resolve the operators.,,SRC-SEIAI-0091-01,
SEIAI-0091-A02,SEIAI-0091,reviewed,0.2.2,Hamzah,2026-10-04,Mool Chand,identified,organisational,no,uncertain,Co-accused disclosure statements alleged that he collected and passed account/ATM/SIM materials within an account-procurement network.,intermediary,,Alleged collection and forwarding of mule-account materials to downstream coordinators.,no,co_accused_link,witness_or_statement,limited,No focal victim payment entered his own account and he was not alleged to have made the victim-facing calls.,"He denied deception, beneficiary status and challenged reliance on co-accused disclosures.",SRC-SEIAI-0091-01,
SEIAI-0092-A01,SEIAI-0092,reviewed,0.2.2,Hamzah,2026-10-04,Replacement-SIM requester,unknown,technical,no,uncertain,Vodafone confirmed a SIM replacement occurred without PNP Polytex consent after a request by a fraudster.,sim_or_device_user,,Impersonating/posing as an authorized subscriber requester to obtain the replacement SIM.,no,sim_or_subscriber_record,documentary_record,moderate,Human identity of the requester is unresolved and the judgment is not a criminal attribution proceeding.,,SRC-SEIAI-0092-01,
SEIAI-0092-A02,SEIAI-0092,reviewed,0.2.2,Hamzah,2026-10-04,Downstream beneficiary-account network,actor_cluster,financial,no,yes,Bank records document 14 unauthorized transfers to seven initially added beneficiaries with broader routing thereafter.,bank_account_controller,,Receiving and routing proceeds from the corporate bank-account takeover.,no,bank_account_or_money_flow,documentary_record,moderate,The judgment does not individually determine knowledge or criminal guilt of each downstream account controller.,,SRC-SEIAI-0092-01,
SEIAI-0093-A01,SEIAI-0093,reviewed,0.2.2,Hamzah,2026-10-04,CBI/Mumbai Crime Branch impersonator cluster,actor_cluster,victim_facing,yes,uncertain,"Victim-facing operators used CBI/Mumbai Crime Branch identities, forged warrants and court material.",victim_facing_operator,,Operating the digital-arrest deception and directing RTGS transfers.,yes,witness_or_statement,message_or_email_content,moderate,Individual operators remain unresolved in the bail record.,,SRC-SEIAI-0093-01,
SEIAI-0093-A02,SEIAI-0093,reviewed,0.2.2,Hamzah,2026-10-04,Surajsinh Kuldeepsinh Chauhan,identified,financial,no,yes,"Investigation alleged that routed funds reached the applicant and were converted through crypto/USDT, with chats to co-accused found on his phone.",intermediary,,Alleged downstream receipt/conversion of cyber-fraud proceeds into cryptocurrency.,no,bank_account_or_money_flow,message_or_email_content,moderate,Applicant denied knowing involvement and described crypto activity as legitimate; FSL extraction and further investigation were ongoing.,Legitimate pre-existing USD/cryptocurrency conversion business.,SRC-SEIAI-0093-01,
SEIAI-0094-A01,SEIAI-0094,reviewed,0.2.2,Hamzah,2026-10-04,Bitcoin investment-group operator cluster,actor_cluster,victim_facing,yes,uncertain,WhatsApp/Telegram groups induced the complainant into the high-return Bitcoin scheme; humans unresolved.,victim_facing_operator,,Operating investment-group communications and directing repeated transfers.,yes,witness_or_statement,message_or_email_content,moderate,No independent provider/device attribution identifies the humans behind the groups.,,SRC-SEIAI-0094-01,
SEIAI-0094-A02,SEIAI-0094,reviewed,0.2.2,Hamzah,2026-10-04,Nirmal Kumar Mishra,identified,financial,no,yes,Investigation alleged control/use of a YES Bank account supplied by a co-accused and broader mule-account coordination.,bank_account_controller,,Alleged control/use and circulation of mule-account infrastructure receiving fraud proceeds.,no,bank_account_or_money_flow,witness_or_statement,moderate,Victim did not identify him as the inducer; knowledge/control allegations remained for investigation.,,SRC-SEIAI-0094-01,
SEIAI-0095-A01,SEIAI-0095,reviewed,0.2.2,Hamzah,2026-10-04,Maharashtra Police impersonator cluster,actor_cluster,victim_facing,yes,uncertain,Unknown WhatsApp callers impersonated Maharashtra Police and used a terrorist-funding/Aadhaar pretext.,victim_facing_operator,,Operating the digital-arrest threat and directing transfers.,yes,witness_or_statement,message_or_email_content,moderate,No provider/device evidence in the source resolves the callers.,,SRC-SEIAI-0095-01,
SEIAI-0095-A02,SEIAI-0095,reviewed,0.2.2,Hamzah,2026-10-04,Sanal Venugopal Menon,identified,financial,no,uncertain,"He was the authorized signatory of a first-layer company account that received INR 3,920,280; onward transfers were under investigation.",bank_account_controller,,Alleged control of a first-layer beneficiary account receiving a portion of victim funds.,no,account_control,bank_account_or_money_flow,moderate,Knowledge and authorization were contested and second-layer investigation remained incomplete.,He claimed his phone/account had been compromised and that he had independently reported/frozen it.,SRC-SEIAI-0095-01,
SEIAI-0096-A01,SEIAI-0096,reviewed,0.2.2,Hamzah,2026-10-04,DHL/police digital-arrest operator cluster,actor_cluster,victim_facing,yes,uncertain,Victim received DHL parcel pretext followed by police/Skype impersonation and safe-custody demands.,victim_facing_operator,,Operating the DHL-to-police deception and directing transfers.,yes,witness_or_statement,message_or_email_content,moderate,Human operators remain unresolved.,,SRC-SEIAI-0096-01,
SEIAI-0096-A02,SEIAI-0096,reviewed,0.2.2,Hamzah,2026-10-04,Krishan Kumar,identified,financial,no,yes,"Prosecution alleged he supplied a mule account and received INR 25,000 commission.",money_mule,,Allegedly providing a bank account for receipt/routing of fraud proceeds for commission.,no,bank_account_or_money_flow,witness_or_statement,limited,Bail-stage allegation; source does not link him to victim-facing contact and guilt remained for trial.,,SRC-SEIAI-0096-01,
SEIAI-0097-A01,SEIAI-0097,reviewed,0.2.2,Hamzah,2026-10-04,Digital-arrest operator cluster,actor_cluster,victim_facing,yes,uncertain,"Phone/WhatsApp video callers threatened criminal liability, imprisonment and family consequences while isolating the victim.",victim_facing_operator,,Operating the digital-arrest coercion and directing repeated transfers.,yes,witness_or_statement,message_or_email_content,moderate,Human operators and accounts are not fully resolved in the bail record.,,SRC-SEIAI-0097-01,
SEIAI-0097-A02,SEIAI-0097,reviewed,0.2.2,Hamzah,2026-10-04,Bapi Das,identified,financial,no,yes,A first-layer ICICI account of his proprietorship received INR 4.5 million from the victim; investigation records a disputed disclosure statement.,bank_account_controller,,Alleged control of a first-layer beneficiary account receiving part of the proceeds.,no,bank_account_or_money_flow,confession_or_admission,moderate,He denied knowing participation and claimed his account had itself been compromised.,Claimed to be a cyber-fraud victim and denied benefiting from the transfer.,SRC-SEIAI-0097-01,
SEIAI-0100-A01,SEIAI-0100,reviewed,0.2.2,Hamzah,2026-10-04,Google-rating task-scam operator cluster,actor_cluster,victim_facing,yes,uncertain,"WhatsApp/Telegram/portal operators offered rating work, seeded trust with small payout and escalated prepaid tasks.",victim_facing_operator,,"Operating the task-scam communications, portal and escalating deposit demands.",yes,witness_or_statement,message_or_email_content,moderate,Human identities behind the messaging and portal are unresolved.,,SRC-SEIAI-0100-01,
SEIAI-0100-A02,SEIAI-0100,reviewed,0.2.2,Hamzah,2026-10-04,Amit Sharma,identified,financial,no,yes,Bail order records transfer of alleged scam funds into an account linked to the applicant.,bank_account_controller,,Alleged downstream receipt/handling of victim funds.,no,bank_account_or_money_flow,documentary_record,moderate,The source does not establish that he originated the victim-facing WhatsApp/Telegram deception.,,SRC-SEIAI-0100-01,
SEIAI-0101-A01,SEIAI-0101,reviewed,0.2.2,Hamzah,2026-10-04,Sukanya/Nandini sextortion operator cluster,actor_cluster,victim_facing,yes,yes,Victim describes in-person honeytrap followed by WhatsApp/phone threats and repeated monetary demands.,social_engineering_operator,,Creating intimate material and using it in repeated reputational/sexual blackmail demands.,yes,witness_or_statement,message_or_email_content,moderate,Multiple aliases/callers are described and human-role mapping is incomplete.,,SRC-SEIAI-0101-01,
SEIAI-0101-A02,SEIAI-0101,reviewed,0.2.2,Hamzah,2026-10-04,Arun M,identified,organisational,uncertain,uncertain,Co-accused statement alleged the intimate video was sent to him and that he participated in conspiracy/demanding money.,organiser,,Alleged conspiracy/coordination role in the sextortion network.,unknown,co_accused_link,witness_or_statement,limited,Attribution in this bail order depends materially on co-accused statements and was not finally adjudicated.,,SRC-SEIAI-0101-01,
SEIAI-0102-A01,SEIAI-0102,reviewed,0.2.2,Hamzah,2026-10-04,Mumbai Police impersonator cluster,actor_cluster,victim_facing,yes,uncertain,Unknown persons impersonated IPS officers and placed the elderly complainant under digital arrest.,victim_facing_operator,,Operating the money-laundering digital-arrest deception and directing transfers.,yes,witness_or_statement,,moderate,The source does not identify the communication platform or resolve the human callers.,,SRC-SEIAI-0102-01,
SEIAI-0102-A02,SEIAI-0102,reviewed,0.2.2,Hamzah,2026-10-04,Rajendra Kumar,identified,financial,no,yes,"Prosecution alleged he handled/transferred INR 9,782,500 and was in contact with co-accused; mastermind allegation arose via co-accused statement.",coordinator,,Alleged downstream coordination and movement of a substantial part of the proceeds.,no,bank_account_or_money_flow,co_accused_link,limited,Mastermind attribution relies partly on co-accused statement and does not establish victim-facing conduct.,,SRC-SEIAI-0102-01,
SEIAI-0103-A01,SEIAI-0103,reviewed,0.2.2,Hamzah,2026-10-04,Part-time investment-task operator cluster,actor_cluster,victim_facing,yes,uncertain,WhatsApp/Telegram operators induced the complainant to perform investment-based tasks and make transfers.,victim_facing_operator,,Operating the task-scam communications and inducement.,yes,witness_or_statement,message_or_email_content,moderate,Human operators remain unresolved.,,SRC-SEIAI-0103-01,
SEIAI-0103-A02,SEIAI-0103,reviewed,0.2.2,Hamzah,2026-10-04,Shamikh Shahbaz Shaikh,identified,financial,no,yes,"Investigation linked him to Rapipay agent infrastructure, virtual-account complaints, IP logs, fund flows and co-accused.",intermediary,,Alleged facilitation/routing of proceeds through Rapipay/account infrastructure.,no,bank_account_or_money_flow,ip_or_login_record,moderate,The source does not establish that he authored the original WhatsApp/Telegram inducement and findings are bail-stage only.,He alleged misuse and denied knowing involvement.,SRC-SEIAI-0103-01,
SEIAI-0105-A01,SEIAI-0105,reviewed,0.2.2,Hamzah,2026-10-04,Unknown IGL phishing-call/link operator(s),unknown,victim_facing,yes,uncertain,Atlas victim_facing layer,victim_facing_operator,social_engineering_operator,"Initiating or sustaining the deceptive victim-facing contact, pretext, persuasion or coercion described in the focal incident.",yes,witness_or_statement,,limited,The source supports the victim-facing conduct and persona but does not necessarily resolve the online/telephone identity to a verified real-world human.,"A named online persona, phone identity, brand or group label may not correspond to the true human operator.",SRC-SEIAI-0105-01,"May overlap with downstream financial actors, but the reviewed public source does not establish that overlap unless separately stated."
SEIAI-0105-A02,SEIAI-0105,reviewed,0.2.2,Hamzah,2026-10-04,Unknown downstream merchant/payment recipient(s),actor_cluster,financial,no,yes,Atlas financial layer,bank_account_controller,money_mule,"Receiving, routing, controlling or cashing out funds associated with the focal incident, to the extent supported by the cited source.",no,bank_account_or_money_flow,,limited,"Receipt, routing, account control or telecom linkage does not by itself prove knowledge of the full social-engineering scheme or authorship of the original deception.",A downstream recipient or account holder may have a narrower facilitation role or may dispute knowing participation.,SRC-SEIAI-0105-01,Analytically separated from the victim-facing operator unless the source independently establishes role overlap.
SEIAI-0106-A01,SEIAI-0106,reviewed,0.2.2,Hamzah,2026-10-04,Express Loan victim-facing operator cluster,actor_cluster,victim_facing,yes,uncertain,Atlas victim_facing layer,victim_facing_operator,social_engineering_operator,"Initiating or sustaining the deceptive victim-facing contact, pretext, persuasion or coercion described in the focal incident.",yes,witness_or_statement,,moderate,The source supports the victim-facing conduct and persona but does not necessarily resolve the online/telephone identity to a verified real-world human.,"A named online persona, phone identity, brand or group label may not correspond to the true human operator.",SRC-SEIAI-0106-01,"May overlap with downstream financial actors, but the reviewed public source does not establish that overlap unless separately stated."
SEIAI-0106-A02,SEIAI-0106,reviewed,0.2.2,Hamzah,2026-10-04,Account-linked Express Loan financial network,actor_cluster,financial,no,yes,Atlas financial layer,bank_account_controller,money_mule,"Receiving, routing, controlling or cashing out funds associated with the focal incident, to the extent supported by the cited source.",no,bank_account_or_money_flow,,moderate,"Receipt, routing, account control or telecom linkage does not by itself prove knowledge of the full social-engineering scheme or authorship of the original deception.",A downstream recipient or account holder may have a narrower facilitation role or may dispute knowing participation.,SRC-SEIAI-0106-01,Analytically separated from the victim-facing operator unless the source independently establishes role overlap.
SEIAI-0107-A01,SEIAI-0107,reviewed,0.2.2,Hamzah,2026-10-04,Handy Loan threatening operator(s),unknown,victim_facing,yes,uncertain,Atlas victim_facing layer,victim_facing_operator,social_engineering_operator,"Initiating or sustaining the deceptive victim-facing contact, pretext, persuasion or coercion described in the focal incident.",yes,witness_or_statement,,moderate,The source supports the victim-facing conduct and persona but does not necessarily resolve the online/telephone identity to a verified real-world human.,"A named online persona, phone identity, brand or group label may not correspond to the true human operator.",SRC-SEIAI-0107-01,"May overlap with downstream financial actors, but the reviewed public source does not establish that overlap unless separately stated."
SEIAI-0107-A02,SEIAI-0107,reviewed,0.2.2,Hamzah,2026-10-04,Account/telecom-linked accused network,actor_cluster,financial,no,yes,Atlas financial layer,bank_account_controller,money_mule,"Receiving, routing, controlling or cashing out funds associated with the focal incident, to the extent supported by the cited source.",no,cdr_or_telecom_record,,moderate,"Receipt, routing, account control or telecom linkage does not by itself prove knowledge of the full social-engineering scheme or authorship of the original deception.",A downstream recipient or account holder may have a narrower facilitation role or may dispute knowing participation.,SRC-SEIAI-0107-01,Analytically separated from the victim-facing operator unless the source independently establishes role overlap.
SEIAI-0108-A01,SEIAI-0108,reviewed,0.2.2,Hamzah,2026-10-04,Loan-app / WhatsApp extortion operator(s),unknown,victim_facing,yes,uncertain,Atlas victim_facing layer,victim_facing_operator,social_engineering_operator,"Initiating or sustaining the deceptive victim-facing contact, pretext, persuasion or coercion described in the focal incident.",yes,witness_or_statement,,limited,The source supports the victim-facing conduct and persona but does not necessarily resolve the online/telephone identity to a verified real-world human.,"A named online persona, phone identity, brand or group label may not correspond to the true human operator.",SRC-SEIAI-0108-01,"May overlap with downstream financial actors, but the reviewed public source does not establish that overlap unless separately stated."
SEIAI-0108-A02,SEIAI-0108,reviewed,0.2.2,Hamzah,2026-10-04,Downstream digital-payment recipient network,actor_cluster,financial,no,yes,Atlas financial layer,bank_account_controller,money_mule,"Receiving, routing, controlling or cashing out funds associated with the focal incident, to the extent supported by the cited source.",no,bank_account_or_money_flow,,limited,"Receipt, routing, account control or telecom linkage does not by itself prove knowledge of the full social-engineering scheme or authorship of the original deception.",A downstream recipient or account holder may have a narrower facilitation role or may dispute knowing participation.,SRC-SEIAI-0108-01,Analytically separated from the victim-facing operator unless the source independently establishes role overlap.
SEIAI-0109-A01,SEIAI-0109,reviewed,0.2.2,Hamzah,2026-10-04,Suman / Telegram recruiter-task operator cluster,partially_identified,victim_facing,yes,uncertain,Atlas victim_facing layer,victim_facing_operator,social_engineering_operator,"Initiating or sustaining the deceptive victim-facing contact, pretext, persuasion or coercion described in the focal incident.",yes,message_or_email_content,,moderate,The source supports the victim-facing conduct and persona but does not necessarily resolve the online/telephone identity to a verified real-world human.,"A named online persona, phone identity, brand or group label may not correspond to the true human operator.",SRC-SEIAI-0109-01,"May overlap with downstream financial actors, but the reviewed public source does not establish that overlap unless separately stated."
SEIAI-0109-A02,SEIAI-0109,reviewed,0.2.2,Hamzah,2026-10-04,Downstream beneficiary and cash-out network,actor_cluster,financial,no,yes,Atlas financial layer,bank_account_controller,money_mule,"Receiving, routing, controlling or cashing out funds associated with the focal incident, to the extent supported by the cited source.",no,bank_account_or_money_flow,,moderate,"Receipt, routing, account control or telecom linkage does not by itself prove knowledge of the full social-engineering scheme or authorship of the original deception.",A downstream recipient or account holder may have a narrower facilitation role or may dispute knowing participation.,SRC-SEIAI-0109-01,Analytically separated from the victim-facing operator unless the source independently establishes role overlap.
SEIAI-0110-A01,SEIAI-0110,reviewed,0.2.2,Hamzah,2026-10-04,Telegram task-recruiter/operator cluster,partially_identified,victim_facing,yes,uncertain,Atlas victim_facing layer,victim_facing_operator,social_engineering_operator,"Initiating or sustaining the deceptive victim-facing contact, pretext, persuasion or coercion described in the focal incident.",yes,message_or_email_content,,moderate,The source supports the victim-facing conduct and persona but does not necessarily resolve the online/telephone identity to a verified real-world human.,"A named online persona, phone identity, brand or group label may not correspond to the true human operator.",SRC-SEIAI-0110-01,"May overlap with downstream financial actors, but the reviewed public source does not establish that overlap unless separately stated."
SEIAI-0110-A02,SEIAI-0110,reviewed,0.2.2,Hamzah,2026-10-04,Beneficiary-account network traced by police,actor_cluster,financial,no,yes,Atlas financial layer,bank_account_controller,money_mule,"Receiving, routing, controlling or cashing out funds associated with the focal incident, to the extent supported by the cited source.",no,bank_account_or_money_flow,,moderate,"Receipt, routing, account control or telecom linkage does not by itself prove knowledge of the full social-engineering scheme or authorship of the original deception.",A downstream recipient or account holder may have a narrower facilitation role or may dispute knowing participation.,SRC-SEIAI-0110-01,Analytically separated from the victim-facing operator unless the source independently establishes role overlap.
SEIAI-0111-A01,SEIAI-0111,reviewed,0.2.2,Hamzah,2026-10-04,@Riya1471 / Disney Star Agency task operator(s),partially_identified,victim_facing,yes,uncertain,Atlas victim_facing layer,victim_facing_operator,social_engineering_operator,"Initiating or sustaining the deceptive victim-facing contact, pretext, persuasion or coercion described in the focal incident.",yes,message_or_email_content,,moderate,The source supports the victim-facing conduct and persona but does not necessarily resolve the online/telephone identity to a verified real-world human.,"A named online persona, phone identity, brand or group label may not correspond to the true human operator.",SRC-SEIAI-0111-01,"May overlap with downstream financial actors, but the reviewed public source does not establish that overlap unless separately stated."
SEIAI-0111-A02,SEIAI-0111,reviewed,0.2.2,Hamzah,2026-10-04,Linked beneficiary-account and cash-flow network,actor_cluster,financial,no,yes,Atlas financial layer,bank_account_controller,money_mule,"Receiving, routing, controlling or cashing out funds associated with the focal incident, to the extent supported by the cited source.",no,bank_account_or_money_flow,,moderate,"Receipt, routing, account control or telecom linkage does not by itself prove knowledge of the full social-engineering scheme or authorship of the original deception.",A downstream recipient or account holder may have a narrower facilitation role or may dispute knowing participation.,SRC-SEIAI-0111-01,Analytically separated from the victim-facing operator unless the source independently establishes role overlap.
SEIAI-0112-A01,SEIAI-0112,reviewed,0.2.2,Hamzah,2026-10-04,ALB App / WhatsApp investment operator cluster,actor_cluster,victim_facing,yes,uncertain,Atlas victim_facing layer,victim_facing_operator,social_engineering_operator,"Initiating or sustaining the deceptive victim-facing contact, pretext, persuasion or coercion described in the focal incident.",yes,witness_or_statement,,moderate,The source supports the victim-facing conduct and persona but does not necessarily resolve the online/telephone identity to a verified real-world human.,"A named online persona, phone identity, brand or group label may not correspond to the true human operator.",SRC-SEIAI-0112-01,"May overlap with downstream financial actors, but the reviewed public source does not establish that overlap unless separately stated."
SEIAI-0112-A02,SEIAI-0112,reviewed,0.2.2,Hamzah,2026-10-04,SIM/device-linked downstream financial actors,actor_cluster,financial,no,yes,Atlas financial layer,bank_account_controller,money_mule,"Receiving, routing, controlling or cashing out funds associated with the focal incident, to the extent supported by the cited source.",no,cdr_or_telecom_record,,moderate,"Receipt, routing, account control or telecom linkage does not by itself prove knowledge of the full social-engineering scheme or authorship of the original deception.",A downstream recipient or account holder may have a narrower facilitation role or may dispute knowing participation.,SRC-SEIAI-0112-01,Analytically separated from the victim-facing operator unless the source independently establishes role overlap.
SEIAI-0113-A01,SEIAI-0113,reviewed,0.2.2,Hamzah,2026-10-04,KKR Stock Discussion Group operator(s),unknown,victim_facing,yes,uncertain,Atlas victim_facing layer,victim_facing_operator,social_engineering_operator,"Initiating or sustaining the deceptive victim-facing contact, pretext, persuasion or coercion described in the focal incident.",yes,witness_or_statement,,limited,The source supports the victim-facing conduct and persona but does not necessarily resolve the online/telephone identity to a verified real-world human.,"A named online persona, phone identity, brand or group label may not correspond to the true human operator.",SRC-SEIAI-0113-01,"May overlap with downstream financial actors, but the reviewed public source does not establish that overlap unless separately stated."
SEIAI-0113-A02,SEIAI-0113,reviewed,0.2.2,Hamzah,2026-10-04,Shell/beneficiary-account network,actor_cluster,financial,no,yes,Atlas financial layer,bank_account_controller,money_mule,"Receiving, routing, controlling or cashing out funds associated with the focal incident, to the extent supported by the cited source.",no,bank_account_or_money_flow,,limited,"Receipt, routing, account control or telecom linkage does not by itself prove knowledge of the full social-engineering scheme or authorship of the original deception.",A downstream recipient or account holder may have a narrower facilitation role or may dispute knowing participation.,SRC-SEIAI-0113-01,Analytically separated from the victim-facing operator unless the source independently establishes role overlap.
SEIAI-0114-A01,SEIAI-0114,reviewed,0.2.2,Hamzah,2026-10-04,Groww-impersonating investment operator(s),unknown,victim_facing,yes,uncertain,Atlas victim_facing layer,victim_facing_operator,social_engineering_operator,"Initiating or sustaining the deceptive victim-facing contact, pretext, persuasion or coercion described in the focal incident.",yes,witness_or_statement,,limited,The source supports the victim-facing conduct and persona but does not necessarily resolve the online/telephone identity to a verified real-world human.,"A named online persona, phone identity, brand or group label may not correspond to the true human operator.",SRC-SEIAI-0114-01,"May overlap with downstream financial actors, but the reviewed public source does not establish that overlap unless separately stated."
SEIAI-0114-A02,SEIAI-0114,reviewed,0.2.2,Hamzah,2026-10-04,E-TRADES beneficiary-account network,actor_cluster,financial,no,yes,Atlas financial layer,bank_account_controller,money_mule,"Receiving, routing, controlling or cashing out funds associated with the focal incident, to the extent supported by the cited source.",no,bank_account_or_money_flow,,limited,"Receipt, routing, account control or telecom linkage does not by itself prove knowledge of the full social-engineering scheme or authorship of the original deception.",A downstream recipient or account holder may have a narrower facilitation role or may dispute knowing participation.,SRC-SEIAI-0114-01,Analytically separated from the victim-facing operator unless the source independently establishes role overlap.
SEIAI-0115-A01,SEIAI-0115,reviewed,0.2.2,Hamzah,2026-10-04,NSS/SMC WhatsApp investment operator(s),unknown,victim_facing,yes,uncertain,Atlas victim_facing layer,victim_facing_operator,social_engineering_operator,"Initiating or sustaining the deceptive victim-facing contact, pretext, persuasion or coercion described in the focal incident.",yes,witness_or_statement,,limited,The source supports the victim-facing conduct and persona but does not necessarily resolve the online/telephone identity to a verified real-world human.,"A named online persona, phone identity, brand or group label may not correspond to the true human operator.",SRC-SEIAI-0115-01,"May overlap with downstream financial actors, but the reviewed public source does not establish that overlap unless separately stated."
SEIAI-0115-A02,SEIAI-0115,reviewed,0.2.2,Hamzah,2026-10-04,Beneficiary-account network including applicant-linked account,actor_cluster,financial,no,yes,Atlas financial layer,bank_account_controller,money_mule,"Receiving, routing, controlling or cashing out funds associated with the focal incident, to the extent supported by the cited source.",no,bank_account_or_money_flow,,limited,"Receipt, routing, account control or telecom linkage does not by itself prove knowledge of the full social-engineering scheme or authorship of the original deception.",A downstream recipient or account holder may have a narrower facilitation role or may dispute knowing participation.,SRC-SEIAI-0115-01,Analytically separated from the victim-facing operator unless the source independently establishes role overlap.
SEIAI-0116-A01,SEIAI-0116,reviewed,0.2.2,Hamzah,2026-10-04,Yumdishes / Telegram job-scam operator(s),unknown,victim_facing,yes,uncertain,Atlas victim_facing layer,victim_facing_operator,social_engineering_operator,"Initiating or sustaining the deceptive victim-facing contact, pretext, persuasion or coercion described in the focal incident.",yes,witness_or_statement,,limited,The source supports the victim-facing conduct and persona but does not necessarily resolve the online/telephone identity to a verified real-world human.,"A named online persona, phone identity, brand or group label may not correspond to the true human operator.",SRC-SEIAI-0116-01,"May overlap with downstream financial actors, but the reviewed public source does not establish that overlap unless separately stated."
SEIAI-0116-A02,SEIAI-0116,reviewed,0.2.2,Hamzah,2026-10-04,Unresolved beneficiary-account network,actor_cluster,financial,no,yes,Atlas financial layer,bank_account_controller,money_mule,"Receiving, routing, controlling or cashing out funds associated with the focal incident, to the extent supported by the cited source.",no,bank_account_or_money_flow,,unclear,"Receipt, routing, account control or telecom linkage does not by itself prove knowledge of the full social-engineering scheme or authorship of the original deception.",A downstream recipient or account holder may have a narrower facilitation role or may dispute knowing participation.,SRC-SEIAI-0116-01,Analytically separated from the victim-facing operator unless the source independently establishes role overlap.
SEIAI-0117-A01,SEIAI-0117,reviewed,0.2.2,Hamzah,2026-10-04,Fake Ajay Garg / A105 Progress Forum operator cluster,partially_identified,victim_facing,yes,uncertain,Atlas victim_facing layer,victim_facing_operator,social_engineering_operator,"Initiating or sustaining the deceptive victim-facing contact, pretext, persuasion or coercion described in the focal incident.",yes,witness_or_statement,,limited,The source supports the victim-facing conduct and persona but does not necessarily resolve the online/telephone identity to a verified real-world human.,"A named online persona, phone identity, brand or group label may not correspond to the true human operator.",SRC-SEIAI-0117-01,"May overlap with downstream financial actors, but the reviewed public source does not establish that overlap unless separately stated."
SEIAI-0117-A02,SEIAI-0117,reviewed,0.2.2,Hamzah,2026-10-04,Downstream recipient-account network including Shri Ram Travels,actor_cluster,financial,no,yes,Atlas financial layer,bank_account_controller,money_mule,"Receiving, routing, controlling or cashing out funds associated with the focal incident, to the extent supported by the cited source.",no,bank_account_or_money_flow,,limited,"Receipt, routing, account control or telecom linkage does not by itself prove knowledge of the full social-engineering scheme or authorship of the original deception.",A downstream recipient or account holder may have a narrower facilitation role or may dispute knowing participation.,SRC-SEIAI-0117-01,Analytically separated from the victim-facing operator unless the source independently establishes role overlap.
SEIAI-0118-A01,SEIAI-0118,reviewed,0.2.2,Hamzah,2026-10-04,SBI-impersonating caller,unknown,victim_facing,yes,uncertain,Atlas victim_facing layer,victim_facing_operator,social_engineering_operator,"Initiating or sustaining the deceptive victim-facing contact, pretext, persuasion or coercion described in the focal incident.",yes,witness_or_statement,,limited,The source supports the victim-facing conduct and persona but does not necessarily resolve the online/telephone identity to a verified real-world human.,"A named online persona, phone identity, brand or group label may not correspond to the true human operator.",SRC-SEIAI-0118-01,"May overlap with downstream financial actors, but the reviewed public source does not establish that overlap unless separately stated."
SEIAI-0118-A02,SEIAI-0118,reviewed,0.2.2,Hamzah,2026-10-04,Downstream withdrawal/account network,actor_cluster,financial,no,yes,Atlas financial layer,bank_account_controller,money_mule,"Receiving, routing, controlling or cashing out funds associated with the focal incident, to the extent supported by the cited source.",no,bank_account_or_money_flow,,limited,"Receipt, routing, account control or telecom linkage does not by itself prove knowledge of the full social-engineering scheme or authorship of the original deception.",A downstream recipient or account holder may have a narrower facilitation role or may dispute knowing participation.,SRC-SEIAI-0118-01,Analytically separated from the victim-facing operator unless the source independently establishes role overlap.
SEIAI-0119-A01,SEIAI-0119,reviewed,0.2.2,Hamzah,2026-10-04,Nykaa-impersonating franchise operator cluster,actor_cluster,victim_facing,yes,uncertain,Atlas victim_facing layer,victim_facing_operator,social_engineering_operator,"Initiating or sustaining the deceptive victim-facing contact, pretext, persuasion or coercion described in the focal incident.",yes,witness_or_statement,,moderate,The source supports the victim-facing conduct and persona but does not necessarily resolve the online/telephone identity to a verified real-world human.,"A named online persona, phone identity, brand or group label may not correspond to the true human operator.",SRC-SEIAI-0119-01,"May overlap with downstream financial actors, but the reviewed public source does not establish that overlap unless separately stated."
SEIAI-0119-A02,SEIAI-0119,reviewed,0.2.2,Hamzah,2026-10-04,Beneficiary-account network linked in investigation,actor_cluster,financial,no,yes,Atlas financial layer,bank_account_controller,money_mule,"Receiving, routing, controlling or cashing out funds associated with the focal incident, to the extent supported by the cited source.",no,bank_account_or_money_flow,,moderate,"Receipt, routing, account control or telecom linkage does not by itself prove knowledge of the full social-engineering scheme or authorship of the original deception.",A downstream recipient or account holder may have a narrower facilitation role or may dispute knowing participation.,SRC-SEIAI-0119-01,Analytically separated from the victim-facing operator unless the source independently establishes role overlap.
SEIAI-0120-A01,SEIAI-0120,reviewed,0.2.2,Hamzah,2026-10-04,Parcel/police/CBI impersonator cluster,actor_cluster,victim_facing,yes,uncertain,Atlas victim_facing layer,victim_facing_operator,social_engineering_operator,"Initiating or sustaining the deceptive victim-facing contact, pretext, persuasion or coercion described in the focal incident.",yes,witness_or_statement,,moderate,The source supports the victim-facing conduct and persona but does not necessarily resolve the online/telephone identity to a verified real-world human.,"A named online persona, phone identity, brand or group label may not correspond to the true human operator.",SRC-SEIAI-0120-01,"May overlap with downstream financial actors, but the reviewed public source does not establish that overlap unless separately stated."
SEIAI-0120-A02,SEIAI-0120,reviewed,0.2.2,Hamzah,2026-10-04,Chaudhary Construction / downstream account network,actor_cluster,financial,no,yes,Atlas financial layer,bank_account_controller,money_mule,"Receiving, routing, controlling or cashing out funds associated with the focal incident, to the extent supported by the cited source.",no,bank_account_or_money_flow,,moderate,"Receipt, routing, account control or telecom linkage does not by itself prove knowledge of the full social-engineering scheme or authorship of the original deception.",A downstream recipient or account holder may have a narrower facilitation role or may dispute knowing participation.,SRC-SEIAI-0120-01,Analytically separated from the victim-facing operator unless the source independently establishes role overlap.
SEIAI-0121-A01,SEIAI-0121,reviewed,0.2.2,Hamzah,2026-10-04,TRAI/Mumbai Police/virtual-court impersonator cluster,actor_cluster,victim_facing,yes,uncertain,Atlas victim_facing layer,victim_facing_operator,social_engineering_operator,"Initiating or sustaining the deceptive victim-facing contact, pretext, persuasion or coercion described in the focal incident.",yes,witness_or_statement,,limited,The source supports the victim-facing conduct and persona but does not necessarily resolve the online/telephone identity to a verified real-world human.,"A named online persona, phone identity, brand or group label may not correspond to the true human operator.",SRC-SEIAI-0121-01,"May overlap with downstream financial actors, but the reviewed public source does not establish that overlap unless separately stated."
SEIAI-0121-A02,SEIAI-0121,reviewed,0.2.2,Hamzah,2026-10-04,Downstream beneficiary-account network,actor_cluster,financial,no,yes,Atlas financial layer,bank_account_controller,money_mule,"Receiving, routing, controlling or cashing out funds associated with the focal incident, to the extent supported by the cited source.",no,bank_account_or_money_flow,,limited,"Receipt, routing, account control or telecom linkage does not by itself prove knowledge of the full social-engineering scheme or authorship of the original deception.",A downstream recipient or account holder may have a narrower facilitation role or may dispute knowing participation.,SRC-SEIAI-0121-01,Analytically separated from the victim-facing operator unless the source independently establishes role overlap.
SEIAI-0122-A01,SEIAI-0122,reviewed,0.2.2,Hamzah,2026-10-04,TRAI/Mumbai Police/CBI impersonator cluster,actor_cluster,victim_facing,yes,uncertain,Atlas victim_facing layer,victim_facing_operator,social_engineering_operator,"Initiating or sustaining the deceptive victim-facing contact, pretext, persuasion or coercion described in the focal incident.",yes,witness_or_statement,,limited,The source supports the victim-facing conduct and persona but does not necessarily resolve the online/telephone identity to a verified real-world human.,"A named online persona, phone identity, brand or group label may not correspond to the true human operator.",SRC-SEIAI-0122-01,"May overlap with downstream financial actors, but the reviewed public source does not establish that overlap unless separately stated."
SEIAI-0122-A02,SEIAI-0122,reviewed,0.2.2,Hamzah,2026-10-04,Asif Enterprises / Waveland and downstream financial network,actor_cluster,financial,no,yes,Atlas financial layer,bank_account_controller,money_mule,"Receiving, routing, controlling or cashing out funds associated with the focal incident, to the extent supported by the cited source.",no,bank_account_or_money_flow,,moderate,"Receipt, routing, account control or telecom linkage does not by itself prove knowledge of the full social-engineering scheme or authorship of the original deception.",A downstream recipient or account holder may have a narrower facilitation role or may dispute knowing participation.,SRC-SEIAI-0122-01,Analytically separated from the victim-facing operator unless the source independently establishes role overlap.
SEIAI-0123-A01,SEIAI-0123,reviewed,0.2.2,Hamzah,2026-10-04,TRAI/Colaba Police/CBI/Supreme Court impersonator cluster,actor_cluster,victim_facing,yes,uncertain,Atlas victim_facing layer,victim_facing_operator,social_engineering_operator,"Initiating or sustaining the deceptive victim-facing contact, pretext, persuasion or coercion described in the focal incident.",yes,witness_or_statement,,limited,The source supports the victim-facing conduct and persona but does not necessarily resolve the online/telephone identity to a verified real-world human.,"A named online persona, phone identity, brand or group label may not correspond to the true human operator.",SRC-SEIAI-0123-01,"May overlap with downstream financial actors, but the reviewed public source does not establish that overlap unless separately stated."
SEIAI-0123-A02,SEIAI-0123,reviewed,0.2.2,Hamzah,2026-10-04,Downstream AU/DBS beneficiary-account network,actor_cluster,financial,no,yes,Atlas financial layer,bank_account_controller,money_mule,"Receiving, routing, controlling or cashing out funds associated with the focal incident, to the extent supported by the cited source.",no,bank_account_or_money_flow,,limited,"Receipt, routing, account control or telecom linkage does not by itself prove knowledge of the full social-engineering scheme or authorship of the original deception.",A downstream recipient or account holder may have a narrower facilitation role or may dispute knowing participation.,SRC-SEIAI-0123-01,Analytically separated from the victim-facing operator unless the source independently establishes role overlap.
SEIAI-0124-A01,SEIAI-0124,reviewed,0.2.2,Hamzah,2026-10-04,Ishani Mehta / RBL-impersonating WhatsApp operator cluster,partially_identified,victim_facing,yes,uncertain,Atlas victim_facing layer,victim_facing_operator,social_engineering_operator,"Initiating or sustaining the deceptive victim-facing contact, pretext, persuasion or coercion described in the focal incident.",yes,message_or_email_content,,moderate,The source supports the victim-facing conduct and persona but does not necessarily resolve the online/telephone identity to a verified real-world human.,"A named online persona, phone identity, brand or group label may not correspond to the true human operator.",SRC-SEIAI-0124-01,"May overlap with downstream financial actors, but the reviewed public source does not establish that overlap unless separately stated."
SEIAI-0124-A02,SEIAI-0124,reviewed,0.2.2,Hamzah,2026-10-04,Downstream beneficiary and technical-infrastructure network,actor_cluster,financial,no,yes,Atlas financial layer,bank_account_controller,money_mule,"Receiving, routing, controlling or cashing out funds associated with the focal incident, to the extent supported by the cited source.",no,bank_account_or_money_flow,,moderate,"Receipt, routing, account control or telecom linkage does not by itself prove knowledge of the full social-engineering scheme or authorship of the original deception.",A downstream recipient or account holder may have a narrower facilitation role or may dispute knowing participation.,SRC-SEIAI-0124-01,Analytically separated from the victim-facing operator unless the source independently establishes role overlap.
SEIAI-0125-A01,SEIAI-0125,reviewed,0.2.2,Hamzah,2026-10-04,WhatsApp/Telegram part-time job operator(s),unknown,victim_facing,yes,uncertain,Atlas victim_facing layer,victim_facing_operator,social_engineering_operator,"Initiating or sustaining the deceptive victim-facing contact, pretext, persuasion or coercion described in the focal incident.",yes,witness_or_statement,,limited,The source supports the victim-facing conduct and persona but does not necessarily resolve the online/telephone identity to a verified real-world human.,"A named online persona, phone identity, brand or group label may not correspond to the true human operator.",SRC-SEIAI-0125-01,"May overlap with downstream financial actors, but the reviewed public source does not establish that overlap unless separately stated."
SEIAI-0125-A02,SEIAI-0125,reviewed,0.2.2,Hamzah,2026-10-04,Downstream beneficiary-account network,actor_cluster,financial,no,yes,Atlas financial layer,bank_account_controller,money_mule,"Receiving, routing, controlling or cashing out funds associated with the focal incident, to the extent supported by the cited source.",no,bank_account_or_money_flow,,limited,"Receipt, routing, account control or telecom linkage does not by itself prove knowledge of the full social-engineering scheme or authorship of the original deception.",A downstream recipient or account holder may have a narrower facilitation role or may dispute knowing participation.,SRC-SEIAI-0125-01,Analytically separated from the victim-facing operator unless the source independently establishes role overlap.
SEIAI-0126-A01,SEIAI-0126,reviewed,0.2.2,Hamzah,2026-10-04,Ex-bureaucrat / World Bank procurement impersonator cluster,actor_cluster,victim_facing,yes,uncertain,Atlas victim_facing layer,victim_facing_operator,social_engineering_operator,"Initiating or sustaining the deceptive victim-facing contact, pretext, persuasion or coercion described in the focal incident.",yes,message_or_email_content,,moderate,The source supports the victim-facing conduct and persona but does not necessarily resolve the online/telephone identity to a verified real-world human.,"A named online persona, phone identity, brand or group label may not correspond to the true human operator.",SRC-SEIAI-0126-01,"May overlap with downstream financial actors, but the reviewed public source does not establish that overlap unless separately stated."
SEIAI-0126-A02,SEIAI-0126,reviewed,0.2.2,Hamzah,2026-10-04,Alleged account-selling and cash-out network,actor_cluster,financial,no,yes,Atlas financial layer,bank_account_controller,money_mule,"Receiving, routing, controlling or cashing out funds associated with the focal incident, to the extent supported by the cited source.",no,financial_withdrawal_or_cashout,,moderate,"Receipt, routing, account control or telecom linkage does not by itself prove knowledge of the full social-engineering scheme or authorship of the original deception.",A downstream recipient or account holder may have a narrower facilitation role or may dispute knowing participation.,SRC-SEIAI-0126-01,Analytically separated from the victim-facing operator unless the source independently establishes role overlap.
SEIAI-0127-A01,SEIAI-0127,reviewed,0.2.2,Hamzah,2026-10-04,VIP 125-BCF / Schonfeld investment operator cluster,actor_cluster,victim_facing,yes,uncertain,Atlas victim_facing layer,victim_facing_operator,social_engineering_operator,"Initiating or sustaining the deceptive victim-facing contact, pretext, persuasion or coercion described in the focal incident.",yes,message_or_email_content,,moderate,The source supports the victim-facing conduct and persona but does not necessarily resolve the online/telephone identity to a verified real-world human.,"A named online persona, phone identity, brand or group label may not correspond to the true human operator.",SRC-SEIAI-0127-01,"May overlap with downstream financial actors, but the reviewed public source does not establish that overlap unless separately stated."
SEIAI-0127-A02,SEIAI-0127,reviewed,0.2.2,Hamzah,2026-10-04,Bank-account-opening and mule infrastructure network,actor_cluster,financial,no,yes,Atlas financial layer,bank_account_controller,money_mule,"Receiving, routing, controlling or cashing out funds associated with the focal incident, to the extent supported by the cited source.",no,bank_account_or_money_flow,,moderate,"Receipt, routing, account control or telecom linkage does not by itself prove knowledge of the full social-engineering scheme or authorship of the original deception.",A downstream recipient or account holder may have a narrower facilitation role or may dispute knowing participation.,SRC-SEIAI-0127-01,Analytically separated from the victim-facing operator unless the source independently establishes role overlap.
SEIAI-0128-A01,SEIAI-0128,reviewed,0.2.2,Hamzah,2026-10-04,Bablu Kumar / purported Army-office caller cluster,partially_identified,victim_facing,yes,uncertain,Atlas victim_facing layer,victim_facing_operator,social_engineering_operator,"Initiating or sustaining the deceptive victim-facing contact, pretext, persuasion or coercion described in the focal incident.",yes,witness_or_statement,,limited,The source supports the victim-facing conduct and persona but does not necessarily resolve the online/telephone identity to a verified real-world human.,"A named online persona, phone identity, brand or group label may not correspond to the true human operator.",SRC-SEIAI-0128-01,"May overlap with downstream financial actors, but the reviewed public source does not establish that overlap unless separately stated."
SEIAI-0128-A02,SEIAI-0128,reviewed,0.2.2,Hamzah,2026-10-04,Federal Bank recipient-account network,actor_cluster,financial,no,yes,Atlas financial layer,bank_account_controller,money_mule,"Receiving, routing, controlling or cashing out funds associated with the focal incident, to the extent supported by the cited source.",no,bank_account_or_money_flow,,limited,"Receipt, routing, account control or telecom linkage does not by itself prove knowledge of the full social-engineering scheme or authorship of the original deception.",A downstream recipient or account holder may have a narrower facilitation role or may dispute knowing participation.,SRC-SEIAI-0128-01,Analytically separated from the victim-facing operator unless the source independently establishes role overlap.
SEIAI-0129-A01,SEIAI-0129,reviewed,0.2.2,Hamzah,2026-10-04,Dadel Technologies-impersonating WhatsApp operator(s),unknown,victim_facing,yes,uncertain,Atlas victim_facing layer,victim_facing_operator,social_engineering_operator,"Initiating or sustaining the deceptive victim-facing contact, pretext, persuasion or coercion described in the focal incident.",yes,witness_or_statement,,limited,The source supports the victim-facing conduct and persona but does not necessarily resolve the online/telephone identity to a verified real-world human.,"A named online persona, phone identity, brand or group label may not correspond to the true human operator.",SRC-SEIAI-0129-01,"May overlap with downstream financial actors, but the reviewed public source does not establish that overlap unless separately stated."
SEIAI-0129-A02,SEIAI-0129,reviewed,0.2.2,Hamzah,2026-10-04,Downstream recipient/account network,actor_cluster,financial,no,yes,Atlas financial layer,bank_account_controller,money_mule,"Receiving, routing, controlling or cashing out funds associated with the focal incident, to the extent supported by the cited source.",no,bank_account_or_money_flow,,limited,"Receipt, routing, account control or telecom linkage does not by itself prove knowledge of the full social-engineering scheme or authorship of the original deception.",A downstream recipient or account holder may have a narrower facilitation role or may dispute knowing participation.,SRC-SEIAI-0129-01,Analytically separated from the victim-facing operator unless the source independently establishes role overlap.
SEIAI-0130-A01,SEIAI-0130,reviewed,0.2.2,Hamzah,2026-10-04,Facebook/WhatsApp fake-trading operator(s),unknown,victim_facing,yes,uncertain,Atlas victim_facing layer,victim_facing_operator,social_engineering_operator,"Initiating or sustaining the deceptive victim-facing contact, pretext, persuasion or coercion described in the focal incident.",yes,witness_or_statement,,limited,The source supports the victim-facing conduct and persona but does not necessarily resolve the online/telephone identity to a verified real-world human.,"A named online persona, phone identity, brand or group label may not correspond to the true human operator.",SRC-SEIAI-0130-01,"May overlap with downstream financial actors, but the reviewed public source does not establish that overlap unless separately stated."
SEIAI-0130-A02,SEIAI-0130,reviewed,0.2.2,Hamzah,2026-10-04,Beneficiary-account network including petitioner-linked subset,actor_cluster,financial,no,yes,Atlas financial layer,bank_account_controller,money_mule,"Receiving, routing, controlling or cashing out funds associated with the focal incident, to the extent supported by the cited source.",no,bank_account_or_money_flow,,limited,"Receipt, routing, account control or telecom linkage does not by itself prove knowledge of the full social-engineering scheme or authorship of the original deception.",A downstream recipient or account holder may have a narrower facilitation role or may dispute knowing participation.,SRC-SEIAI-0130-01,Analytically separated from the victim-facing operator unless the source independently establishes role overlap.
SEIAI-0131-A01,SEIAI-0131,reviewed,0.2.2,Hamzah,2026-10-04,Riya Rawat / ASK-IATOP-HNW Capital operator cluster,partially_identified,victim_facing,yes,uncertain,Atlas victim_facing layer,victim_facing_operator,social_engineering_operator,"Initiating or sustaining the deceptive victim-facing contact, pretext, persuasion or coercion described in the focal incident.",yes,message_or_email_content,,limited,The source supports the victim-facing conduct and persona but does not necessarily resolve the online/telephone identity to a verified real-world human.,"A named online persona, phone identity, brand or group label may not correspond to the true human operator.",SRC-SEIAI-0131-01,"May overlap with downstream financial actors, but the reviewed public source does not establish that overlap unless separately stated."
SEIAI-0131-A02,SEIAI-0131,reviewed,0.2.2,Hamzah,2026-10-04,Downstream beneficiary-account network,actor_cluster,financial,no,yes,Atlas financial layer,bank_account_controller,money_mule,"Receiving, routing, controlling or cashing out funds associated with the focal incident, to the extent supported by the cited source.",no,bank_account_or_money_flow,,limited,"Receipt, routing, account control or telecom linkage does not by itself prove knowledge of the full social-engineering scheme or authorship of the original deception.",A downstream recipient or account holder may have a narrower facilitation role or may dispute knowing participation.,SRC-SEIAI-0131-01,Analytically separated from the victim-facing operator unless the source independently establishes role overlap.
SEIAI-0132-A01,SEIAI-0132,reviewed,0.2.2,Hamzah,2026-10-04,KOTAK Investment Club / Evelyn Smith operator cluster,actor_cluster,victim_facing,yes,uncertain,Atlas victim_facing layer,victim_facing_operator,social_engineering_operator,"Initiating or sustaining the deceptive victim-facing contact, pretext, persuasion or coercion described in the focal incident.",yes,message_or_email_content,,moderate,The source supports the victim-facing conduct and persona but does not necessarily resolve the online/telephone identity to a verified real-world human.,"A named online persona, phone identity, brand or group label may not correspond to the true human operator.",SRC-SEIAI-0132-01,"May overlap with downstream financial actors, but the reviewed public source does not establish that overlap unless separately stated."
SEIAI-0132-A02,SEIAI-0132,reviewed,0.2.2,Hamzah,2026-10-04,Mule-account and fund-routing network,actor_cluster,financial,no,yes,Atlas financial layer,bank_account_controller,money_mule,"Receiving, routing, controlling or cashing out funds associated with the focal incident, to the extent supported by the cited source.",no,bank_account_or_money_flow,,moderate,"Receipt, routing, account control or telecom linkage does not by itself prove knowledge of the full social-engineering scheme or authorship of the original deception.",A downstream recipient or account holder may have a narrower facilitation role or may dispute knowing participation.,SRC-SEIAI-0132-01,Analytically separated from the victim-facing operator unless the source independently establishes role overlap.
SEIAI-0133-A01,SEIAI-0133,reviewed,0.2.2,Hamzah,2026-10-04,Fake transport e-challan phishing operator(s),unknown,victim_facing,yes,uncertain,Atlas victim_facing layer,victim_facing_operator,social_engineering_operator,"Initiating or sustaining the deceptive victim-facing contact, pretext, persuasion or coercion described in the focal incident.",yes,witness_or_statement,,moderate,The source supports the victim-facing conduct and persona but does not necessarily resolve the online/telephone identity to a verified real-world human.,"A named online persona, phone identity, brand or group label may not correspond to the true human operator.",SRC-SEIAI-0133-01,"May overlap with downstream financial actors, but the reviewed public source does not establish that overlap unless separately stated."
SEIAI-0133-A02,SEIAI-0133,reviewed,0.2.2,Hamzah,2026-10-04,Mobile-number-linked accused/transaction network,actor_cluster,financial,no,yes,Atlas financial layer,bank_account_controller,money_mule,"Receiving, routing, controlling or cashing out funds associated with the focal incident, to the extent supported by the cited source.",no,sim_or_subscriber_record,,moderate,"Receipt, routing, account control or telecom linkage does not by itself prove knowledge of the full social-engineering scheme or authorship of the original deception.",A downstream recipient or account holder may have a narrower facilitation role or may dispute knowing participation.,SRC-SEIAI-0133-01,Analytically separated from the victim-facing operator unless the source independently establishes role overlap.
SEIAI-0134-A01,SEIAI-0134,reviewed,0.2.2,Hamzah,2026-10-04,Mindstay victim-facing representative/WhatsApp operator cluster,actor_cluster,victim_facing,yes,uncertain,Atlas victim_facing layer,victim_facing_operator,social_engineering_operator,"Initiating or sustaining the deceptive victim-facing contact, pretext, persuasion or coercion described in the focal incident.",yes,message_or_email_content,,moderate,The source supports the victim-facing conduct and persona but does not necessarily resolve the online/telephone identity to a verified real-world human.,"A named online persona, phone identity, brand or group label may not correspond to the true human operator.",SRC-SEIAI-0134-01,"May overlap with downstream financial actors, but the reviewed public source does not establish that overlap unless separately stated."
SEIAI-0134-A02,SEIAI-0134,reviewed,0.2.2,Hamzah,2026-10-04,Mindstay organisational/financial infrastructure,actor_cluster,financial,no,yes,Atlas financial layer,bank_account_controller,money_mule,"Receiving, routing, controlling or cashing out funds associated with the focal incident, to the extent supported by the cited source.",no,documentary_record,,moderate,"Receipt, routing, account control or telecom linkage does not by itself prove knowledge of the full social-engineering scheme or authorship of the original deception.",A downstream recipient or account holder may have a narrower facilitation role or may dispute knowing participation.,SRC-SEIAI-0134-01,Analytically separated from the victim-facing operator unless the source independently establishes role overlap.
SEIAI-0135-A01,SEIAI-0135,reviewed,0.2.2,Hamzah,2026-10-04,Fake Paytm customer-care operator(s),actor_cluster,victim_facing,yes,uncertain,Atlas victim_facing layer,victim_facing_operator,,"Operating the fraudulent customer-care numbers, presenting as Paytm support and eliciting bank details.",yes,witness_or_statement,,unclear,The order identifies phone numbers and the victim narrative but not the humans controlling the customer-care operation.,The same human may have operated more than one number.,SRC-SEIAI-0135-01,
SEIAI-0135-A02,SEIAI-0135,reviewed,0.2.2,Hamzah,2026-10-04,Investigation-linked petitioner,identified,unknown,not_assessed,not_assessed,paper boundary: petitioner role not specified,unknown_role,,"The petitioner's name surfaced during investigation, but the reviewed order does not specify focal conduct.",unknown,documentary_record,,unclear,"The order does not provide actor-specific telecom, device or money-flow evidence tying the petitioner to the focal incident.",The petitioner may have a narrower or unrelated role within a wider cybercrime investigation.,SRC-SEIAI-0135-01,
SEIAI-0136-A01,SEIAI-0136,reviewed,0.2.2,Hamzah,2026-10-04,Jitendra Kumar @ Jitu Sah,identified,hybrid,yes,yes,paper-specific allegations and payment records,recruiter,organiser,"Projecting himself as TCS JOB management, sending identity/document/web materials, making recruitment assurances and allegedly receiving repeated payments.",yes,bank_account_or_money_flow,message_or_email_content,moderate,The conduct is described at anticipatory-bail stage and remains unadjudicated.,The petitioner said the transfers concerned business investment rather than recruitment.,SRC-SEIAI-0136-01,
SEIAI-0136-A02,SEIAI-0136,reviewed,0.2.2,Hamzah,2026-10-04,Wider TCS JOB recruitment cluster,actor_cluster,hybrid,yes,yes,Atlas victim-facing and financial layers,social_engineering_operator,coordinator,"Coordinating fake outsourcing/recruitment representations, documents, websites, fees and applicant processing.",yes,documentary_record,witness_or_statement,moderate,"The source describes multiple co-accused and a structured racket but does not resolve every persona, website or payment to a specific human.",,SRC-SEIAI-0136-01,
SEIAI-0137-A01,SEIAI-0137,reviewed,0.2.2,Hamzah,2026-10-04,“Stephanie” Eircom support persona,unknown,victim_facing,yes,no,Atlas victim_facing layer,victim_facing_operator,,Calling the Irish victim as purported Eircom technical support and eliciting bank details through a refund pretext.,yes,witness_or_statement,,unclear,The public source reconstructs the call but does not identify the human operator.,The persona name may be fictitious and does not establish human identity.,SRC-SEIAI-0137-01,
SEIAI-0137-A02,SEIAI-0137,reviewed,0.2.2,Hamzah,2026-10-04,Alleged Kolkata/Bolpur call-centre and financial network,actor_cluster,hybrid,uncertain,yes,paper functional override: network and proceeds evidence,organiser,bank_account_controller,Operating or managing alleged fake-call-centre activity and receiving/routing proceeds associated with cyber fraud against foreign nationals.,unknown,bank_account_or_money_flow,device_possession_or_forensics,moderate,Network and money-flow evidence does not establish which human delivered the focal Eircom call.,Some persons may have had narrower financial or employment roles.,SRC-SEIAI-0137-01,
SEIAI-0138-A01,SEIAI-0138,reviewed,0.2.2,Hamzah,2026-10-04,Public-servant impersonation operator cluster,actor_cluster,victim_facing,yes,uncertain,Atlas victim_facing layer,social_engineering_operator,,"Impersonating public servants and using purported government authority, seals and documents to validate the contract pretext.",yes,documentary_record,,moderate,"The cluster conduct is described by the FIR/charge-sheet recital, but specific personas are not mapped to resolved humans.","Multiple accused may have divided impersonation, document and financial functions.",SRC-SEIAI-0138-01,
SEIAI-0138-A02,SEIAI-0138,reviewed,0.2.2,Hamzah,2026-10-04,Harish Bansal,identified,organisational,uncertain,uncertain,paper-specific WhatsApp allegation,intermediary,,Allegedly participating in communications concerning delivery status and payments within the purported contracting scheme.,unknown,message_or_email_content,,limited,The source does not establish that the petitioner operated a public-servant persona or controlled the focal financial endpoint.,The messages may support a narrower logistical role than authorship of the deception.,SRC-SEIAI-0138-01,
SEIAI-0139-A01,SEIAI-0139,reviewed,0.2.2,Hamzah,2026-10-04,Momentum Stock WhatsApp operator cluster,actor_cluster,victim_facing,yes,uncertain,Atlas victim_facing layer,social_engineering_operator,,"Adding the victim to the investment group, presenting the trading opportunity and sustaining the investment pretext.",yes,witness_or_statement,,unclear,The writ record does not identify the humans behind the WhatsApp group.,The group may have been operated by multiple persons.,SRC-SEIAI-0139-01,
SEIAI-0139-A02,SEIAI-0139,reviewed,0.2.2,Hamzah,2026-10-04,Purported institutional-account/payment operator(s),actor_cluster,financial,uncertain,yes,Atlas financial layer,platform_account_operator,,Operating the purported institutional trading account and payment pathway through which the victim's funds and displayed balance were managed.,unknown,bank_account_or_money_flow,,limited,The source documents the payment and account display but does not resolve the controller or beneficiary chain.,The institutional account may have been a front-end display separate from downstream beneficiary accounts.,SRC-SEIAI-0139-01,
SEIAI-0140-A01,SEIAI-0140,reviewed,0.2.2,Hamzah,2026-10-04,Shanay Navin recruiter/task persona,unknown,victim_facing,yes,uncertain,Atlas victim_facing layer,recruiter,,Offering work-from-home YouTube tasks and moving the victim into the Telegram payment/task flow.,yes,witness_or_statement,,unclear,The persona is named but not resolved to a real-world human.,Shanay Navin may be an alias.,SRC-SEIAI-0140-01,
SEIAI-0140-A02,SEIAI-0140,reviewed,0.2.2,Hamzah,2026-10-04,Jitendra Kumar beneficiary-account actor,identified,financial,no,yes,Atlas financial layer,bank_account_controller,,Allegedly receiving INR 1.16 million of fraud-linked funds in an account that was later frozen.,no,bank_account_or_money_flow,,moderate,Direct receipt supports a financial role but does not establish that the petitioner operated the recruiter persona or knew the full scheme.,The petitioner denied involvement and may have had a narrower account role.,SRC-SEIAI-0140-01,
SEIAI-0141-A01,SEIAI-0141,reviewed,0.2.2,Hamzah,2026-10-04,Bank-loan pretext caller,unknown,victim_facing,yes,uncertain,Atlas victim_facing layer,victim_facing_operator,,"Calling the victim under a loan pretext and eliciting account, ATM and OTP information.",yes,witness_or_statement,,unclear,The caller is not identified in the reviewed order.,The caller may be a different person from downstream account or juvenile accused actors.,SRC-SEIAI-0141-01,
SEIAI-0141-A02,SEIAI-0141,reviewed,0.2.2,Hamzah,2026-10-04,Dalchand Mandal / calling-number-linked co-accused,partially_identified,unknown,uncertain,not_assessed,paper boundary: subscriber claim is indirect,sim_or_device_user,,"Defence material associated the calling mobile number with a co-accused, but the source does not establish who physically made the focal call.",unknown,sim_or_subscriber_record,,limited,The source does not reproduce certified subscriber/device evidence proving caller operation.,Subscriber association may not equal physical use at the time of the fraud.,SRC-SEIAI-0141-01,
SEIAI-0142-A01,SEIAI-0142,reviewed,0.2.2,Hamzah,2026-10-04,Fraudulent Google customer-care operator,unknown,victim_facing,yes,uncertain,Atlas victim_facing layer,victim_facing_operator,,Operating the purported customer-care interaction used when the victim sought credit-card activation.,yes,witness_or_statement,,unclear,The public order does not identify the speaker separately from the seized number.,A number can be controlled or used by more than one person.,SRC-SEIAI-0142-01,
SEIAI-0142-A02,SEIAI-0142,reviewed,0.2.2,Hamzah,2026-10-04,Khalid Ansari / seized-number actor,identified,technical,uncertain,not_assessed,paper functional override: device-number linkage,sim_or_device_user,,Possessing the mobile/number that the case diary said was fraudulently displayed as customer care on Google.,unknown,device_possession_or_forensics,,limited,"The source does not reproduce call-session, platform or bank-endpoint evidence proving that the petitioner personally answered the focal call.",Possession of the phone may reflect control of infrastructure without proving each victim-facing act.,SRC-SEIAI-0142-01,
SEIAI-0143-A01,SEIAI-0143,reviewed,0.2.2,Hamzah,2026-10-04,Lucky-draw WhatsApp caller(s),actor_cluster,victim_facing,yes,uncertain,Atlas victim_facing layer,social_engineering_operator,,Claiming the victim had won INR 25 lakh and repeatedly directing advance payments.,yes,witness_or_statement,,unclear,The caller identity is unresolved.,One or multiple callers may have operated the number.,SRC-SEIAI-0143-01,
SEIAI-0143-A02,SEIAI-0143,reviewed,0.2.2,Hamzah,2026-10-04,Dipti Das named beneficiary-account layer,partially_identified,financial,no,yes,Atlas financial layer,bank_account_controller,,"Receiving the initial INR 15,000 and INR 30,000 payments in the SBI account named in the FIR recital.",no,bank_account_or_money_flow,,limited,The account name does not establish who controlled the account or knew the wider scheme.,The named holder may have had a narrower mule or intermediary role.,SRC-SEIAI-0143-01,
SEIAI-0143-A03,SEIAI-0143,reviewed,0.2.2,Hamzah,2026-10-04,Sawitry Devi @ Savitri Devi,identified,organisational,no,no,paper-specific courier allegation,intermediary,,Allegedly delivering envelopes to addressees; no victim-facing call or focal fund receipt is established in the reviewed order.,no,witness_or_statement,,limited,The petitioner's alleged conduct is peripheral to the focal manipulation and her involvement remained under investigation.,She said she only delivered envelopes to the named addressees.,SRC-SEIAI-0143-01,
SEIAI-0144-A01,SEIAI-0144,reviewed,0.2.2,Hamzah,2026-10-04,55 Shoonya Growth Club operator(s),actor_cluster,victim_facing,yes,uncertain,Atlas victim_facing layer,social_engineering_operator,,Operating the WhatsApp investment group and supplied trading flow used to solicit stock/IPO deposits.,yes,witness_or_statement,,unclear,The human operators are not resolved in the bail order.,The group and application may have been operated by multiple people.,SRC-SEIAI-0144-01,
SEIAI-0144-A02,SEIAI-0144,reviewed,0.2.2,Hamzah,2026-10-04,Sanju Kumar Shah / applicant-linked firm account,identified,financial,no,yes,Atlas financial layer,bank_account_controller,,Applicant-associated firm account allegedly received INR 1.4 million of the complainant's funds.,no,bank_account_or_money_flow,,moderate,"The court noted the final report did not directly link the applicant to the WhatsApp group, so financial receipt is not converted into caller authorship.",The applicant may have had only a recipient/account role.,SRC-SEIAI-0144-01,
SEIAI-0145-A01,SEIAI-0145,reviewed,0.2.2,Hamzah,2026-10-04,Ajeet Kumar Shukla,identified,hybrid,yes,yes,paper-specific prosecution allegation,social_engineering_operator,bank_account_controller,"Allegedly luring the complainant into the profit trading plan, inducing the web-app download, messaging through WhatsApp and receiving a substantial portion of funds.",yes,bank_account_or_money_flow,message_or_email_content,moderate,The source is a bail judgment and the underlying communications/app control are not reproduced in the public order.,The applicant denied guilt; allegation remains for trial.,SRC-SEIAI-0145-01,
SEIAI-0145-A02,SEIAI-0145,reviewed,0.2.2,Hamzah,2026-10-04,Web-app / WhatsApp scheme co-operator(s),actor_cluster,technical,uncertain,uncertain,paper boundary: shared infrastructure may involve additional operators,technical_infrastructure_operator,,"Operating or supporting the web trading application and messaging infrastructure used in the scheme, to the extent separate from the applicant.",unknown,documentary_record,,unclear,The public order does not resolve whether other persons operated the application or messaging identities.,The applicant may have operated some or all of this infrastructure himself.,SRC-SEIAI-0145-01,
SEIAI-0146-A01,SEIAI-0146,reviewed,0.2.2,Hamzah,2026-10-04,FedEx / Mumbai Cyber Police digital-arrest operator cluster,actor_cluster,victim_facing,yes,no,Atlas victim_facing layer,social_engineering_operator,,"Delivering the courier contraband, police investigation, money-laundering and monitoring pretexts and instructing the focal transfer.",yes,witness_or_statement,,unclear,The public bail order does not identify the humans behind the victim-facing personas.,Multiple personas may have been controlled by one or several operators.,SRC-SEIAI-0146-01,
SEIAI-0146-A02,SEIAI-0146,reviewed,0.2.2,Hamzah,2026-10-04,Kulveer / Veer Sona beneficiary-account actor,identified,financial,no,yes,Atlas financial layer,bank_account_controller,sim_or_device_user,Opening/controlling the Veer Sona account that received the entire INR 2 million focal transfer and routing funds onward; linked telecom numbers were registered to him.,no,bank_account_or_money_flow,ip_or_login_record,moderate,Direct financial and telecom linkage does not establish that Kulveer made the original FedEx/police calls.,The applicant may have been a downstream financial/technical actor.,SRC-SEIAI-0146-01,
SEIAI-0147-A01,SEIAI-0147,reviewed,0.2.2,Hamzah,2026-10-04,Vishal Anand impersonating caller,unknown,victim_facing,yes,no,Atlas victim_facing layer,victim_facing_operator,,Impersonating the real Toyota executive/premium customer and instructing the bank manager to make transfers.,yes,witness_or_statement,,unclear,The focal caller is not resolved to a named human in the public order.,The caller may be one member of the wider alleged network.,SRC-SEIAI-0147-01,
SEIAI-0147-A02,SEIAI-0147,reviewed,0.2.2,Hamzah,2026-10-04,Arun Kumar,identified,hybrid,uncertain,yes,paper functional override: alleged network and proceeds role,organiser,bank_account_controller,"Alleged participation with Prajwal/Kunal in cyber frauds using bank accounts and fake-ID phone numbers; INR 290,000 was reportedly recovered.",unknown,co_accused_link,bank_account_or_money_flow,moderate,The source supports alleged network involvement but does not directly tie the focal Vishal Anand call/session to Arun Kumar.,The petitioner may have participated in related infrastructure without making this particular call.,SRC-SEIAI-0147-01,
SEIAI-0147-A03,SEIAI-0147,reviewed,0.2.2,Hamzah,2026-10-04,Kunwar Singh / downstream beneficiary-account layer,partially_identified,financial,no,yes,Atlas financial layer,money_mule,,Providing/holding the account that received the focal INR 1.274 million before funds were routed through further accounts and cash withdrawals.,no,bank_account_or_money_flow,,moderate,Account receipt and onward flow do not establish authorship of the executive impersonation.,The account holder said another person controlled the account.,SRC-SEIAI-0147-01,
SEIAI-0148-A01,SEIAI-0148,reviewed,0.2.2,Hamzah,2026-10-04,Anmol Rattan,identified,hybrid,yes,yes,paper-specific prosecution allegations and payment material,social_engineering_operator,recruiter,"Allegedly masquerading as an IPS/police officer, promising police jobs and receiving or directing payments.",yes,multiple_independent_sources,bank_account_or_money_flow,moderate,The source is an anticipatory-bail ruling; the petitioner disputed both identity and payment narrative.,The petitioner said the matter arose from a separate financial dispute.,SRC-SEIAI-0148-01,
SEIAI-0148-A02,SEIAI-0148,reviewed,0.2.2,Hamzah,2026-10-04,Purported CBI/ASP co-actor,partially_identified,victim_facing,uncertain,uncertain,paper-specific alleged supporting persona,social_engineering_operator,,Allegedly reinforcing the scheme through a claimed ASP/CBI identity and related legitimacy signals.,unknown,witness_or_statement,,limited,The public bail order provides less actor-specific detail for this co-actor than for the petitioner.,The supporting persona or documents may not establish direct victim contact.,SRC-SEIAI-0148-01,
SEIAI-0149-A01,SEIAI-0149,reviewed,0.2.2,Hamzah,2026-10-04,TRAI / police digital-arrest operator cluster,actor_cluster,victim_facing,yes,no,Atlas victim_facing layer,social_engineering_operator,,"Using TRAI, Colaba Police and forged government/court communications to place the couple under digital arrest and induce transfers.",yes,witness_or_statement,,unclear,The human operators of the victim-facing personas are not identified in the reviewed order.,Several personas may have been controlled by multiple operators.,SRC-SEIAI-0149-01,
SEIAI-0149-A02,SEIAI-0149,reviewed,0.2.2,Hamzah,2026-10-04,Mohammad Altamash Qadeer,identified,financial,no,yes,Atlas financial layer,bank_account_controller,sim_or_device_user,Allegedly exercising operational control over a beneficiary account and routing part of the fraud proceeds using SIMs/mobile phones of different persons.,no,bank_account_or_money_flow,co_accused_link,moderate,The alleged account-control role is supported by investigation/co-accused material but does not establish victim-facing authorship.,The petitioner disputed receiving or benefiting from the focal funds.,SRC-SEIAI-0149-01,
SEIAI-0149-A03,SEIAI-0149,reviewed,0.2.2,Hamzah,2026-10-04,Mohd. Tauseef / Fashion Traders account actor,identified,financial,no,yes,Atlas financial layer,bank_account_controller,,"Controlling a Fashion Traders account that directly received INR 3.8 million from the cheated amount before onward transfer, according to the investigation.",no,bank_account_or_money_flow,,moderate,Receipt/control evidence does not show that Tauseef delivered the TRAI/police deception.,The role may be limited to beneficiary-account facilitation.,SRC-SEIAI-0149-01,
SEIAI-0150-A01,SEIAI-0150,reviewed,0.2.2,Hamzah,2026-10-04,Manba WhatsApp/app operator cluster,actor_cluster,victim_facing,yes,uncertain,Atlas victim_facing layer,social_engineering_operator,,"Presenting the IPO opportunity, directing app installation/KYC and supplying deposit accounts.",yes,witness_or_statement,,unclear,The public order does not resolve the humans behind the WhatsApp/app identities.,Several operators may have shared victim-facing and technical functions.,SRC-SEIAI-0150-01,
SEIAI-0150-A02,SEIAI-0150,reviewed,0.2.2,Hamzah,2026-10-04,Beneficiary-account / instrument cluster,actor_cluster,financial,no,yes,Atlas financial layer,bank_account_controller,money_mule,Providing or controlling changing accounts and banking instruments used to receive and route investment deposits.,no,bank_account_or_money_flow,device_possession_or_forensics,moderate,Financial/account evidence does not identify the original WhatsApp/app operator.,Some account holders may have acted as mules or intermediaries.,SRC-SEIAI-0150-01,
SEIAI-0150-A03,SEIAI-0150,reviewed,0.2.2,Hamzah,2026-10-04,Ashvini Pal,identified,unknown,no,uncertain,paper boundary: applicant-specific role incomplete,unknown_role,,Alleged participation arising during investigation; the reviewed bail order gives limited focal conduct detail beyond network association.,no,co_accused_link,,limited,No direct focal fund receipt or victim-facing communication by the applicant is established in the reviewed source.,The applicant may have had a narrower network role than alleged.,SRC-SEIAI-0150-01,
SEIAI-0151-A01,SEIAI-0151,reviewed,0.2.2,Hamzah,2026-10-04,Fake railway Finance and Accounts Officer caller,unknown,victim_facing,yes,no,Atlas victim_facing layer,victim_facing_operator,,Impersonating a railway finance official and eliciting the OTP through a PF-interest credit pretext.,yes,witness_or_statement,,unclear,The judgment does not identify the caller.,The caller and later transaction operator may be the same or different humans.,SRC-SEIAI-0151-01,
SEIAI-0151-A02,SEIAI-0151,reviewed,0.2.2,Hamzah,2026-10-04,Unauthorized transaction operator(s),unknown,financial,no,yes,Atlas financial layer,bank_account_controller,,Using compromised authentication to execute unauthorized withdrawals/debits across the three-day period.,no,bank_account_or_money_flow,,not_assessed,The judgment documents the transactions but not the human/controller identity or beneficiary path.,"Later losses were facilitated by bank inaction after notice, without resolving offender identity.",SRC-SEIAI-0151-01,
SEIAI-0152-A01,SEIAI-0152,reviewed,0.2.2,Hamzah,2026-10-04,Krisha / Sita / Shyla online-job persona cluster,actor_cluster,victim_facing,yes,yes,Atlas victim-facing plus payment-direction functions,recruiter,social_engineering_operator,"Offering the job, providing task incentives and directing the petitioner to receive and forward funds to supplied accounts.",yes,message_or_email_content,witness_or_statement,unclear,The personas and claimed UNOCOIN identities are not resolved to real-world humans.,The names may be aliases controlled by one or multiple operators.,SRC-SEIAI-0152-01,
SEIAI-0152-A02,SEIAI-0152,reviewed,0.2.2,Hamzah,2026-10-04,Tapas Ranjan Moharana,identified,financial,no,yes,"paper functional override: receiving/forwarding conduct established, knowledge disputed",money_mule,intermediary,Receiving fraud-linked funds in personal accounts and forwarding money as instructed while receiving commissions.,no,bank_account_or_money_flow,documentary_record,moderate,"The financial conduct is documented, but knowledge and criminal intent are unresolved; he claimed he was himself deceived by the job operators.",He may have been an unwitting/socially engineered mule rather than a knowing conspirator.,SRC-SEIAI-0152-01,
SEIAI-0153-A01,SEIAI-0153,reviewed,0.2.2,Hamzah,2026-10-04,Mohammed Hakim,identified,victim_facing,yes,uncertain,paper-specific prosecution allegation,social_engineering_operator,victim_facing_operator,"Allegedly impersonating a Vigilance and Anti-Corruption Officer, placing the complainant under digital arrest and inducing the transfer.",yes,witness_or_statement,documentary_record,moderate,The source is a bail-stage prosecution recital and the principal accused was absconding; no final guilt finding exists.,Victim-facing authorship remains an allegation pending investigation/trial.,SRC-SEIAI-0153-01,
SEIAI-0153-A02,SEIAI-0153,reviewed,0.2.2,Hamzah,2026-10-04,First-layer beneficiary-account holders A1/A2,actor_cluster,financial,no,yes,Atlas financial layer,bank_account_controller,money_mule,Receiving the defrauded amount through first-layer accounts before onward siphoning.,no,bank_account_or_money_flow,documentary_record,moderate,Account receipt does not establish operation of the anti-corruption persona.,Account holders may have had narrower financial roles.,SRC-SEIAI-0153-01,
SEIAI-0153-A03,SEIAI-0153,reviewed,0.2.2,Hamzah,2026-10-04,Anandu (A5),identified,organisational,no,uncertain,paper-specific alleged credential facilitation,intermediary,,Allegedly handing complainant credentials to the principal accused or otherwise assisting friends; substantial financial benefit was disputed.,no,witness_or_statement,,limited,The source does not show victim-facing contact or direct receipt of the focal funds by Anandu.,He claimed he assisted without knowing the consequences.,SRC-SEIAI-0153-01,
SEIAI-0154-A01,SEIAI-0154,reviewed,0.2.2,Hamzah,2026-10-04,Fake Toyota dealership operator cluster,actor_cluster,victim_facing,yes,uncertain,Atlas victim_facing layer,social_engineering_operator,,"Publishing/operating the dealership application process, following up by phone/Zoom and inducing dealership deposits.",yes,witness_or_statement,,unclear,"The humans behind the newspaper/link, calls and Zoom interaction are not resolved in the bail order.","Different operators may have handled publication, calls and video meeting.",SRC-SEIAI-0154-01,
SEIAI-0154-A02,SEIAI-0154,reviewed,0.2.2,Hamzah,2026-10-04,Dharminder Kumar @ Dharu,identified,financial,no,yes,Atlas financial layer,account_provider,bank_account_controller,"Allegedly procuring/arranging beneficiary accounts and participating in layering/concealment; multiple passbooks, ATM cards, SIMs and phones were recovered.",no,device_possession_or_forensics,bank_account_or_money_flow,moderate,Infrastructure and financial-role evidence does not establish that the petitioner personally delivered the Toyota dealership pretext.,The petitioner may have had a downstream account/logistics role.,SRC-SEIAI-0154-01,
SEIAI-0155-A01,SEIAI-0155,reviewed,0.2.2,Hamzah,2026-10-05,Unresolved victim-facing investment operator(s),actor_cluster,victim_facing,yes,uncertain,Function coded from the cited public source under the ATLAS v0.2 actor protocol.,victim_facing_operator,social_engineering_operator,Delivering the deceptive or coercive victim-facing pretext and payment/investment instructions described in the focal incident.,yes,message_or_email_content,witness_or_statement,unclear,The public source reconstructs the victim-facing conduct but does not fully resolve the operator identity to a verified real-world human.,"The apparent persona, group, brand or contact identity may not correspond to the true human operator.",SRC-SEIAI-0155-01,Victim-facing and financial functions are coded independently; identity resolution does not imply guilt.
SEIAI-0155-A02,SEIAI-0155,reviewed,0.2.2,Hamzah,2026-10-05,Jagdish Kumar Malviya,identified,financial,no,yes,Function coded from the cited public source under the ATLAS v0.2 actor protocol.,bank_account_controller,intermediary,Alleged downstream beneficiary-account involvement in movement of part of the fraud proceeds.,no,bank_account_or_money_flow,documentary_record,limited,The source does not establish that he authored the WhatsApp investment pitch or controlled the USTD trading platform.,A downstream account/controller role can be distinct from the victim-facing social-engineering operator.,SRC-SEIAI-0155-01,Victim-facing and financial functions are coded independently; identity resolution does not imply guilt.
SEIAI-0156-A01,SEIAI-0156,reviewed,0.2.2,Hamzah,2026-10-05,Unresolved victim-facing investment operator(s),actor_cluster,victim_facing,yes,uncertain,Function coded from the cited public source under the ATLAS v0.2 actor protocol.,victim_facing_operator,social_engineering_operator,Delivering the deceptive or coercive victim-facing pretext and payment/investment instructions described in the focal incident.,yes,message_or_email_content,witness_or_statement,unclear,The public source reconstructs the victim-facing conduct but does not fully resolve the operator identity to a verified real-world human.,"The apparent persona, group, brand or contact identity may not correspond to the true human operator.",SRC-SEIAI-0156-01,Victim-facing and financial functions are coded independently; identity resolution does not imply guilt.
SEIAI-0156-A02,SEIAI-0156,reviewed,0.2.2,Hamzah,2026-10-05,Haridas Sandu Tupe,identified,hybrid,no,uncertain,Function coded from the cited public source under the ATLAS v0.2 actor protocol.,sim_or_device_user,bank_account_controller,Alleged connection to SIM and banking infrastructure used in the investment-fraud network.,no,sim_or_subscriber_record,bank_account_or_money_flow,limited,The record does not prove he made the original WhatsApp representations.,He said the SIM had been handed to an acquaintance and disputed knowing participation.,SRC-SEIAI-0156-01,Victim-facing and financial functions are coded independently; identity resolution does not imply guilt.
SEIAI-0157-A01,SEIAI-0157,reviewed,0.2.2,Hamzah,2026-10-05,Unresolved job/task recruitment operator(s),actor_cluster,victim_facing,yes,uncertain,Function coded from the cited public source under the ATLAS v0.2 actor protocol.,victim_facing_operator,social_engineering_operator,Delivering the deceptive or coercive victim-facing pretext and payment/investment instructions described in the focal incident.,yes,message_or_email_content,witness_or_statement,unclear,The public source reconstructs the victim-facing conduct but does not fully resolve the operator identity to a verified real-world human.,"The apparent persona, group, brand or contact identity may not correspond to the true human operator.",SRC-SEIAI-0157-01,Victim-facing and financial functions are coded independently; identity resolution does not imply guilt.
SEIAI-0157-A02,SEIAI-0157,reviewed,0.2.2,Hamzah,2026-10-05,Gautam Godara,identified,financial,no,yes,Function coded from the cited public source under the ATLAS v0.2 actor protocol.,bank_account_controller,,Alleged downstream beneficiary-account role in the task-to-crypto fraud.,no,bank_account_or_money_flow,co_accused_link,limited,The bail record does not link him directly to the WhatsApp or Telegram persona.,He may have had a narrower financial role or disputed knowledge of the wider scheme.,SRC-SEIAI-0157-01,Victim-facing and financial functions are coded independently; identity resolution does not imply guilt.
SEIAI-0158-A01,SEIAI-0158,reviewed,0.2.2,Hamzah,2026-10-05,Unresolved digital-arrest impersonation operator(s),unknown,victim_facing,yes,uncertain,Function coded from the cited public source under the ATLAS v0.2 actor protocol.,victim_facing_operator,social_engineering_operator,Delivering the deceptive or coercive victim-facing pretext and payment/investment instructions described in the focal incident.,yes,witness_or_statement,,unclear,The public source reconstructs the victim-facing conduct but does not fully resolve the operator identity to a verified real-world human.,"The apparent persona, group, brand or contact identity may not correspond to the true human operator.",SRC-SEIAI-0158-01,Victim-facing and financial functions are coded independently; identity resolution does not imply guilt.
SEIAI-0158-A02,SEIAI-0158,reviewed,0.2.2,Hamzah,2026-10-05,Ankit Verma,identified,unknown,not_assessed,not_assessed,Function coded from the cited public source under the ATLAS v0.2 actor protocol.,unknown_role,,Named accused/petitioner in proceedings concerning the focal digital-arrest case.,unknown,documentary_record,,unclear,The reviewed quashing order does not provide sufficient actor-specific evidence to code a precise function.,His role may have been narrower than the original victim-facing impersonation.,SRC-SEIAI-0158-01,Victim-facing and financial functions are coded independently; identity resolution does not imply guilt.
SEIAI-0159-A01,SEIAI-0159,reviewed,0.2.2,Hamzah,2026-10-05,Unresolved digital-arrest impersonation operator(s),unknown,victim_facing,yes,uncertain,Function coded from the cited public source under the ATLAS v0.2 actor protocol.,victim_facing_operator,social_engineering_operator,Delivering the deceptive or coercive victim-facing pretext and payment/investment instructions described in the focal incident.,yes,witness_or_statement,,unclear,The public source reconstructs the victim-facing conduct but does not fully resolve the operator identity to a verified real-world human.,"The apparent persona, group, brand or contact identity may not correspond to the true human operator.",SRC-SEIAI-0159-01,Victim-facing and financial functions are coded independently; identity resolution does not imply guilt.
SEIAI-0159-A02,SEIAI-0159,reviewed,0.2.2,Hamzah,2026-10-05,Bhavin Giri,identified,unknown,no,uncertain,Function coded from the cited public source under the ATLAS v0.2 actor protocol.,intermediary,,Investigation-linked role arising from co-accused and financial material.,no,co_accused_link,bank_account_or_money_flow,limited,No direct evidence in the reviewed order establishes that he impersonated police or CBI officers.,He may have had a downstream or peripheral role.,SRC-SEIAI-0159-01,Victim-facing and financial functions are coded independently; identity resolution does not imply guilt.
SEIAI-0160-A01,SEIAI-0160,reviewed,0.2.2,Hamzah,2026-10-05,Unresolved bank-impersonation operator(s),unknown,victim_facing,yes,uncertain,Function coded from the cited public source under the ATLAS v0.2 actor protocol.,victim_facing_operator,social_engineering_operator,Delivering the deceptive or coercive victim-facing pretext and payment/investment instructions described in the focal incident.,yes,message_or_email_content,witness_or_statement,unclear,The public source reconstructs the victim-facing conduct but does not fully resolve the operator identity to a verified real-world human.,"The apparent persona, group, brand or contact identity may not correspond to the true human operator.",SRC-SEIAI-0160-01,Victim-facing and financial functions are coded independently; identity resolution does not imply guilt.
SEIAI-0160-A02,SEIAI-0160,reviewed,0.2.2,Hamzah,2026-10-05,Pappu Yadav,identified,financial,no,yes,Function coded from the cited public source under the ATLAS v0.2 actor protocol.,bank_account_controller,,Control/association with an account that received part of the focal fraud proceeds.,no,bank_account_or_money_flow,documentary_record,moderate,Receipt of funds does not establish operation of the ICICI Bank victim-facing persona.,The account may have been used for a downstream financial function.,SRC-SEIAI-0160-01,Victim-facing and financial functions are coded independently; identity resolution does not imply guilt.
SEIAI-0161-A01,SEIAI-0161,reviewed,0.2.2,Hamzah,2026-10-05,Unresolved digital-arrest impersonation operator(s),unknown,victim_facing,yes,uncertain,Function coded from the cited public source under the ATLAS v0.2 actor protocol.,victim_facing_operator,social_engineering_operator,Delivering the deceptive or coercive victim-facing pretext and payment/investment instructions described in the focal incident.,yes,witness_or_statement,,unclear,The public source reconstructs the victim-facing conduct but does not fully resolve the operator identity to a verified real-world human.,"The apparent persona, group, brand or contact identity may not correspond to the true human operator.",SRC-SEIAI-0161-01,Victim-facing and financial functions are coded independently; identity resolution does not imply guilt.
SEIAI-0161-A02,SEIAI-0161,reviewed,0.2.2,Hamzah,2026-10-05,Krishnakant,identified,technical,uncertain,uncertain,Function coded from the cited public source under the ATLAS v0.2 actor protocol.,technical_infrastructure_operator,,Investigation-linked role concerning the fake-warrant/payment infrastructure.,unknown,documentary_record,device_possession_or_forensics,limited,The public source does not conclusively establish that he authored or sent the warrant to the victim.,He may have supplied technical/document infrastructure rather than conducting the victim-facing contact.,SRC-SEIAI-0161-01,Victim-facing and financial functions are coded independently; identity resolution does not imply guilt.
SEIAI-0162-A01,SEIAI-0162,reviewed,0.2.2,Hamzah,2026-10-05,Unresolved victim-facing investment operator(s),actor_cluster,victim_facing,yes,uncertain,Function coded from the cited public source under the ATLAS v0.2 actor protocol.,victim_facing_operator,social_engineering_operator,Delivering the deceptive or coercive victim-facing pretext and payment/investment instructions described in the focal incident.,yes,message_or_email_content,witness_or_statement,unclear,The public source reconstructs the victim-facing conduct but does not fully resolve the operator identity to a verified real-world human.,"The apparent persona, group, brand or contact identity may not correspond to the true human operator.",SRC-SEIAI-0162-01,Victim-facing and financial functions are coded independently; identity resolution does not imply guilt.
SEIAI-0162-A02,SEIAI-0162,reviewed,0.2.2,Hamzah,2026-10-05,Boda Srikanth,identified,financial,no,yes,Function coded from the cited public source under the ATLAS v0.2 actor protocol.,bank_account_controller,,Alleged control/association with a beneficiary account receiving victim funds.,no,bank_account_or_money_flow,documentary_record,limited,The source does not establish that he operated the SMC-branded WhatsApp persona.,A beneficiary-account role may be distinct from the victim-facing investment operator.,SRC-SEIAI-0162-01,Victim-facing and financial functions are coded independently; identity resolution does not imply guilt.
SEIAI-0163-A01,SEIAI-0163,reviewed,0.2.2,Hamzah,2026-10-05,Mumbai Cyber Crime impersonation operator(s),unknown,victim_facing,yes,uncertain,Function coded from the cited public source under the ATLAS v0.2 actor protocol.,victim_facing_operator,social_engineering_operator,Delivering the deceptive or coercive victim-facing pretext and payment/investment instructions described in the focal incident.,yes,message_or_email_content,witness_or_statement,unclear,The public source reconstructs the victim-facing conduct but does not fully resolve the operator identity to a verified real-world human.,"The apparent persona, group, brand or contact identity may not correspond to the true human operator.",SRC-SEIAI-0163-01,Victim-facing and financial functions are coded independently; identity resolution does not imply guilt.
SEIAI-0163-A02,SEIAI-0163,reviewed,0.2.2,Hamzah,2026-10-05,Shaik Meera Hussain,identified,financial,no,yes,Function coded from the cited public source under the ATLAS v0.2 actor protocol.,bank_account_controller,,Association with an account in the focal digital-arrest money trail.,no,bank_account_or_money_flow,,moderate,The public record does not establish that she made the threatening Mumbai Cyber Crime call.,Financial receipt may reflect a downstream role only.,SRC-SEIAI-0163-01,Victim-facing and financial functions are coded independently; identity resolution does not imply guilt.
SEIAI-0164-A01,SEIAI-0164,reviewed,0.2.2,Hamzah,2026-10-05,Data Protection Board / Colaba Police impersonation operator(s),unknown,victim_facing,yes,uncertain,Function coded from the cited public source under the ATLAS v0.2 actor protocol.,victim_facing_operator,social_engineering_operator,Delivering the deceptive or coercive victim-facing pretext and payment/investment instructions described in the focal incident.,yes,message_or_email_content,witness_or_statement,unclear,The public source reconstructs the victim-facing conduct but does not fully resolve the operator identity to a verified real-world human.,"The apparent persona, group, brand or contact identity may not correspond to the true human operator.",SRC-SEIAI-0164-01,Victim-facing and financial functions are coded independently; identity resolution does not imply guilt.
SEIAI-0164-A02,SEIAI-0164,reviewed,0.2.2,Hamzah,2026-10-05,Banoth Sudheer Singh,identified,financial,no,yes,Function coded from the cited public source under the ATLAS v0.2 actor protocol.,bank_account_controller,intermediary,Alleged association with Digital Bevy Pvt. Ltd. and receipt of part of the victim's funds.,no,bank_account_or_money_flow,documentary_record,moderate,The source does not establish that he operated the Data Protection Board or police impersonation.,A beneficiary-company role may be separate from the victim-facing digital-arrest operation.,SRC-SEIAI-0164-01,Victim-facing and financial functions are coded independently; identity resolution does not imply guilt.
SEIAI-0165-A01,SEIAI-0165,reviewed,0.2.2,Hamzah,2026-10-05,Unresolved job/task recruitment operator(s),actor_cluster,victim_facing,yes,uncertain,Function coded from the cited public source under the ATLAS v0.2 actor protocol.,victim_facing_operator,social_engineering_operator,Delivering the deceptive or coercive victim-facing pretext and payment/investment instructions described in the focal incident.,yes,message_or_email_content,witness_or_statement,unclear,The public source reconstructs the victim-facing conduct but does not fully resolve the operator identity to a verified real-world human.,"The apparent persona, group, brand or contact identity may not correspond to the true human operator.",SRC-SEIAI-0165-01,Victim-facing and financial functions are coded independently; identity resolution does not imply guilt.
SEIAI-0165-A02,SEIAI-0165,reviewed,0.2.2,Hamzah,2026-10-05,Prem Bhalla / investigation-linked account holder,identified,financial,no,uncertain,Function coded from the cited public source under the ATLAS v0.2 actor protocol.,intermediary,,Account-holder/writ-petitioner role connected to the freeze/investigation arising from the focal cyber fraud.,no,bank_account_or_money_flow,documentary_record,limited,The writ record does not establish knowing participation in the Aarushi Jaina recruitment or Telegram investment deception.,The account may have received disputed funds without proof of victim-facing involvement.,SRC-SEIAI-0165-01,Victim-facing and financial functions are coded independently; identity resolution does not imply guilt.
SEIAI-0166-A01,SEIAI-0166,reviewed,0.2.2,Hamzah,2026-10-05,Unresolved victim-facing investment operator(s),actor_cluster,victim_facing,yes,uncertain,Function coded from the cited public source under the ATLAS v0.2 actor protocol.,victim_facing_operator,social_engineering_operator,Delivering the deceptive or coercive victim-facing pretext and payment/investment instructions described in the focal incident.,yes,message_or_email_content,witness_or_statement,unclear,The public source reconstructs the victim-facing conduct but does not fully resolve the operator identity to a verified real-world human.,"The apparent persona, group, brand or contact identity may not correspond to the true human operator.",SRC-SEIAI-0166-01,Victim-facing and financial functions are coded independently; identity resolution does not imply guilt.
SEIAI-0166-A02,SEIAI-0166,reviewed,0.2.2,Hamzah,2026-10-05,Bhumireddi Avinash,identified,hybrid,no,yes,Function coded from the cited public source under the ATLAS v0.2 actor protocol.,technical_infrastructure_operator,bank_account_controller,Prosecution alleged development/support of the fraudulent website and receipt of funds.,no,documentary_record,bank_account_or_money_flow,moderate,The source is a quashing proceeding and the petitioner's knowledge and intent remained for trial.,He said he was a freelance web designer and did not know the site was fraudulent.,SRC-SEIAI-0166-01,Victim-facing and financial functions are coded independently; identity resolution does not imply guilt.
SEIAI-0167-A01,SEIAI-0167,reviewed,0.2.2,Hamzah,2026-10-05,Unresolved victim-facing investment operator(s),actor_cluster,victim_facing,yes,uncertain,Function coded from the cited public source under the ATLAS v0.2 actor protocol.,victim_facing_operator,social_engineering_operator,Delivering the deceptive or coercive victim-facing pretext and payment/investment instructions described in the focal incident.,yes,message_or_email_content,witness_or_statement,unclear,The public source reconstructs the victim-facing conduct but does not fully resolve the operator identity to a verified real-world human.,"The apparent persona, group, brand or contact identity may not correspond to the true human operator.",SRC-SEIAI-0167-01,Victim-facing and financial functions are coded independently; identity resolution does not imply guilt.
SEIAI-0167-A02,SEIAI-0167,reviewed,0.2.2,Hamzah,2026-10-05,Jangam Ravi Kumar,identified,financial,no,yes,Function coded from the cited public source under the ATLAS v0.2 actor protocol.,bank_account_controller,,Alleged association with a business/current account used in the investment-fraud money trail.,no,bank_account_or_money_flow,documentary_record,limited,The record does not establish operation of the WhatsApp/Telegram investment groups.,He alleged misuse of his business account.,SRC-SEIAI-0167-01,Victim-facing and financial functions are coded independently; identity resolution does not imply guilt.
SEIAI-0168-A01,SEIAI-0168,reviewed,0.2.2,Hamzah,2026-10-05,Fake BOODMO customer-care operator(s),actor_cluster,victim_facing,yes,uncertain,Function coded from the cited public source under the ATLAS v0.2 actor protocol.,victim_facing_operator,social_engineering_operator,Delivering the deceptive or coercive victim-facing pretext and payment/investment instructions described in the focal incident.,yes,witness_or_statement,,unclear,The public source reconstructs the victim-facing conduct but does not fully resolve the operator identity to a verified real-world human.,"The apparent persona, group, brand or contact identity may not correspond to the true human operator.",SRC-SEIAI-0168-01,Victim-facing and financial functions are coded independently; identity resolution does not imply guilt.
SEIAI-0168-A02,SEIAI-0168,reviewed,0.2.2,Hamzah,2026-10-05,Mohammad Mukhtar Ansari,identified,hybrid,uncertain,uncertain,Function coded from the cited public source under the ATLAS v0.2 actor protocol.,intermediary,sim_or_device_user,"Investigation-linked telecom, IP and financial role in the fake-customer-care network.",unknown,cdr_or_telecom_record,bank_account_or_money_flow,moderate,The source does not conclusively state that he personally made the BOODMO support call.,He may have supplied infrastructure rather than conducting the victim-facing refund conversation.,SRC-SEIAI-0168-01,Victim-facing and financial functions are coded independently; identity resolution does not imply guilt.
SEIAI-0169-A01,SEIAI-0169,reviewed,0.2.2,Hamzah,2026-10-05,Unresolved victim-facing investment operator(s),actor_cluster,victim_facing,yes,uncertain,Function coded from the cited public source under the ATLAS v0.2 actor protocol.,victim_facing_operator,social_engineering_operator,Delivering the deceptive or coercive victim-facing pretext and payment/investment instructions described in the focal incident.,yes,message_or_email_content,witness_or_statement,unclear,The public source reconstructs the victim-facing conduct but does not fully resolve the operator identity to a verified real-world human.,"The apparent persona, group, brand or contact identity may not correspond to the true human operator.",SRC-SEIAI-0169-01,Victim-facing and financial functions are coded independently; identity resolution does not imply guilt.
SEIAI-0169-A02,SEIAI-0169,reviewed,0.2.2,Hamzah,2026-10-05,Dontamala Kishore Kumar,identified,financial,no,yes,Function coded from the cited public source under the ATLAS v0.2 actor protocol.,bank_account_controller,,"Account associated with receipt of INR 610,000 from the focal fraud trail.",no,bank_account_or_money_flow,documentary_record,moderate,The source does not prove that he operated the Facebook or WhatsApp investment accounts.,He claimed the business account had been hacked or misused.,SRC-SEIAI-0169-01,Victim-facing and financial functions are coded independently; identity resolution does not imply guilt.
SEIAI-0170-A01,SEIAI-0170,reviewed,0.2.2,Hamzah,2026-10-05,Unresolved victim-facing investment operator(s),actor_cluster,victim_facing,yes,uncertain,Function coded from the cited public source under the ATLAS v0.2 actor protocol.,victim_facing_operator,social_engineering_operator,Delivering the deceptive or coercive victim-facing pretext and payment/investment instructions described in the focal incident.,yes,message_or_email_content,witness_or_statement,unclear,The public source reconstructs the victim-facing conduct but does not fully resolve the operator identity to a verified real-world human.,"The apparent persona, group, brand or contact identity may not correspond to the true human operator.",SRC-SEIAI-0170-01,Victim-facing and financial functions are coded independently; identity resolution does not imply guilt.
SEIAI-0170-A02,SEIAI-0170,reviewed,0.2.2,Hamzah,2026-10-05,Jayant Ahirwar,identified,technical,no,no,Function coded from the cited public source under the ATLAS v0.2 actor protocol.,sim_or_device_user,account_provider,Alleged registration/supply of the SIM used in the online investment operation.,no,sim_or_subscriber_record,witness_or_statement,moderate,SIM association does not itself prove operation of the IEF WhatsApp group.,He may have supplied a SIM without personally delivering the investment pretext.,SRC-SEIAI-0170-01,Victim-facing and financial functions are coded independently; identity resolution does not imply guilt.
SEIAI-0171-A01,SEIAI-0171,reviewed,0.2.2,Hamzah,2026-10-05,Unresolved victim-facing investment operator(s),actor_cluster,victim_facing,yes,uncertain,Function coded from the cited public source under the ATLAS v0.2 actor protocol.,victim_facing_operator,social_engineering_operator,Delivering the deceptive or coercive victim-facing pretext and payment/investment instructions described in the focal incident.,yes,message_or_email_content,witness_or_statement,unclear,The public source reconstructs the victim-facing conduct but does not fully resolve the operator identity to a verified real-world human.,"The apparent persona, group, brand or contact identity may not correspond to the true human operator.",SRC-SEIAI-0171-01,Victim-facing and financial functions are coded independently; identity resolution does not imply guilt.
SEIAI-0171-A02,SEIAI-0171,reviewed,0.2.2,Hamzah,2026-10-05,P. Satyanagamurti,identified,technical,no,uncertain,Function coded from the cited public source under the ATLAS v0.2 actor protocol.,sim_or_device_user,intermediary,Alleged role in the SIM-supply chain supporting the investment-fraud communications.,no,sim_or_subscriber_record,message_or_email_content,moderate,The source does not establish that he authored the victim-facing trading messages.,Technical facilitation may be separate from the social-engineering operator.,SRC-SEIAI-0171-01,Victim-facing and financial functions are coded independently; identity resolution does not imply guilt.
SEIAI-0172-A01,SEIAI-0172,reviewed,0.2.2,Hamzah,2026-10-05,Unresolved victim-facing investment operator(s),actor_cluster,victim_facing,yes,uncertain,Function coded from the cited public source under the ATLAS v0.2 actor protocol.,victim_facing_operator,social_engineering_operator,Delivering the deceptive or coercive victim-facing pretext and payment/investment instructions described in the focal incident.,yes,message_or_email_content,witness_or_statement,unclear,The public source reconstructs the victim-facing conduct but does not fully resolve the operator identity to a verified real-world human.,"The apparent persona, group, brand or contact identity may not correspond to the true human operator.",SRC-SEIAI-0172-01,Victim-facing and financial functions are coded independently; identity resolution does not imply guilt.
SEIAI-0172-A02,SEIAI-0172,reviewed,0.2.2,Hamzah,2026-10-05,Pradeep Jain,identified,financial,no,yes,Function coded from the cited public source under the ATLAS v0.2 actor protocol.,account_provider,bank_account_controller,Alleged provision/control of an account used to receive investment-fraud proceeds.,no,bank_account_or_money_flow,documentary_record,moderate,The record does not establish that he operated the Avendus/Asamtop WhatsApp persona.,He may have occupied a narrower account-facilitation role.,SRC-SEIAI-0172-01,Victim-facing and financial functions are coded independently; identity resolution does not imply guilt.
SEIAI-0173-A01,SEIAI-0173,reviewed,0.2.2,Hamzah,2026-10-05,Unresolved victim-facing investment operator(s),actor_cluster,victim_facing,yes,uncertain,Function coded from the cited public source under the ATLAS v0.2 actor protocol.,victim_facing_operator,social_engineering_operator,Delivering the deceptive or coercive victim-facing pretext and payment/investment instructions described in the focal incident.,yes,message_or_email_content,witness_or_statement,unclear,The public source reconstructs the victim-facing conduct but does not fully resolve the operator identity to a verified real-world human.,"The apparent persona, group, brand or contact identity may not correspond to the true human operator.",SRC-SEIAI-0173-01,Victim-facing and financial functions are coded independently; identity resolution does not imply guilt.
SEIAI-0173-A02,SEIAI-0173,reviewed,0.2.2,Hamzah,2026-10-05,Shrikant Arvind Kulkarni and connected petitioner,actor_cluster,financial,no,yes,Function coded from the cited public source under the ATLAS v0.2 actor protocol.,account_provider,coordinator,Alleged arrangement or supply of mule accounts and coordination in the downstream financial network.,no,bank_account_or_money_flow,cdr_or_telecom_record,moderate,The bail source does not establish that the petitioners delivered the original investment solicitations.,The victim-facing and account-supply layers may have been handled by different people.,SRC-SEIAI-0173-01,Victim-facing and financial functions are coded independently; identity resolution does not imply guilt.
SEIAI-0174-A01,SEIAI-0174,reviewed,0.2.2,Hamzah,2026-10-05,Unresolved victim-facing investment operator(s),actor_cluster,victim_facing,yes,uncertain,Function coded from the cited public source under the ATLAS v0.2 actor protocol.,victim_facing_operator,social_engineering_operator,Delivering the deceptive or coercive victim-facing pretext and payment/investment instructions described in the focal incident.,yes,message_or_email_content,witness_or_statement,unclear,The public source reconstructs the victim-facing conduct but does not fully resolve the operator identity to a verified real-world human.,"The apparent persona, group, brand or contact identity may not correspond to the true human operator.",SRC-SEIAI-0174-01,Victim-facing and financial functions are coded independently; identity resolution does not imply guilt.
SEIAI-0174-A02,SEIAI-0174,reviewed,0.2.2,Hamzah,2026-10-05,Raju Singh,identified,financial,no,yes,Function coded from the cited public source under the ATLAS v0.2 actor protocol.,bank_account_controller,,Alleged association with an account used to siphon part of the investment-fraud proceeds.,no,bank_account_or_money_flow,,limited,No direct victim-contact role is established in the bail source.,The applicant said banking documents were misused.,SRC-SEIAI-0174-01,Victim-facing and financial functions are coded independently; identity resolution does not imply guilt.
SEIAI-0175-A01,SEIAI-0175,reviewed,0.2.2,Hamzah,2026-10-05,‘ASI Vijay Khanna’ CBI impersonation operator(s),unknown,victim_facing,yes,uncertain,Function coded from the cited public source under the ATLAS v0.2 actor protocol.,victim_facing_operator,social_engineering_operator,Delivering the deceptive or coercive victim-facing pretext and payment/investment instructions described in the focal incident.,yes,message_or_email_content,witness_or_statement,unclear,The public source reconstructs the victim-facing conduct but does not fully resolve the operator identity to a verified real-world human.,"The apparent persona, group, brand or contact identity may not correspond to the true human operator.",SRC-SEIAI-0175-01,Victim-facing and financial functions are coded independently; identity resolution does not imply guilt.
SEIAI-0175-A02,SEIAI-0175,reviewed,0.2.2,Hamzah,2026-10-05,Varkha @ Verkha,identified,financial,no,yes,Function coded from the cited public source under the ATLAS v0.2 actor protocol.,cashout_actor,,Alleged cash withdrawal/cash-out role supported by ATM/CCTV and financial evidence.,no,cctv_or_location,financial_withdrawal_or_cashout,moderate,The source does not establish that she used the CBI persona or communicated with the victim.,Cash-out participation is distinct from victim-facing impersonation.,SRC-SEIAI-0175-01,Victim-facing and financial functions are coded independently; identity resolution does not imply guilt.
SEIAI-0176-A01,SEIAI-0176,reviewed,0.2.2,Hamzah,2026-10-05,‘Vijay Khanna’ ED / forged-warrant impersonation operator(s),unknown,victim_facing,yes,uncertain,Function coded from the cited public source under the ATLAS v0.2 actor protocol.,victim_facing_operator,social_engineering_operator,Delivering the deceptive or coercive victim-facing pretext and payment/investment instructions described in the focal incident.,yes,message_or_email_content,witness_or_statement,unclear,The public source reconstructs the victim-facing conduct but does not fully resolve the operator identity to a verified real-world human.,"The apparent persona, group, brand or contact identity may not correspond to the true human operator.",SRC-SEIAI-0176-01,Victim-facing and financial functions are coded independently; identity resolution does not imply guilt.
SEIAI-0176-A02,SEIAI-0176,reviewed,0.2.2,Hamzah,2026-10-05,Dafda Jignesh Jethbhai,identified,financial,no,yes,Function coded from the cited public source under the ATLAS v0.2 actor protocol.,bank_account_controller,intermediary,Alleged association with a business account reached through the beneficiary trail.,no,bank_account_or_money_flow,documentary_record,moderate,The record does not establish that he made the ED call or sent the forged Supreme Court warrant.,The account may have served a downstream payment function.,SRC-SEIAI-0176-01,Victim-facing and financial functions are coded independently; identity resolution does not imply guilt.
SEIAI-0177-A01,SEIAI-0177,reviewed,0.2.2,Hamzah,2026-10-05,Unresolved victim-facing investment operator(s),actor_cluster,victim_facing,yes,uncertain,Function coded from the cited public source under the ATLAS v0.2 actor protocol.,victim_facing_operator,social_engineering_operator,Delivering the deceptive or coercive victim-facing pretext and payment/investment instructions described in the focal incident.,yes,message_or_email_content,witness_or_statement,moderate,The public source reconstructs the victim-facing conduct but does not fully resolve the operator identity to a verified real-world human.,"The apparent persona, group, brand or contact identity may not correspond to the true human operator.",SRC-SEIAI-0177-01,Victim-facing and financial functions are coded independently; identity resolution does not imply guilt.
SEIAI-0177-A02,SEIAI-0177,reviewed,0.2.2,Hamzah,2026-10-05,Subharun Das,identified,hybrid,yes,uncertain,Function coded from the cited public source under the ATLAS v0.2 actor protocol.,organiser,platform_account_operator,Prosecution alleged participation in creating/guiding the TECHSTARS PRO and Ram Investment Academy victim-facing operation.,yes,message_or_email_content,bank_account_or_money_flow,moderate,The allegations are recorded at bail stage and are not final findings of guilt.,The precise division of group administration and financial control among co-accused remains unresolved.,SRC-SEIAI-0177-01,Victim-facing and financial functions are coded independently; identity resolution does not imply guilt.
SEIAI-0178-A01,SEIAI-0178,reviewed,0.2.2,Hamzah,2026-10-05,Unresolved victim-facing investment operator(s),actor_cluster,victim_facing,yes,uncertain,Function coded from the cited public source under the ATLAS v0.2 actor protocol.,victim_facing_operator,social_engineering_operator,Delivering the deceptive or coercive victim-facing pretext and payment/investment instructions described in the focal incident.,yes,message_or_email_content,witness_or_statement,unclear,The public source reconstructs the victim-facing conduct but does not fully resolve the operator identity to a verified real-world human.,"The apparent persona, group, brand or contact identity may not correspond to the true human operator.",SRC-SEIAI-0178-01,Victim-facing and financial functions are coded independently; identity resolution does not imply guilt.
SEIAI-0178-A02,SEIAI-0178,reviewed,0.2.2,Hamzah,2026-10-05,Manas Kumar Sahu and connected petitioners,actor_cluster,financial,no,yes,Function coded from the cited public source under the ATLAS v0.2 actor protocol.,account_provider,money_mule,Alleged opening/provision of mule accounts and banking credentials for commission.,no,bank_account_or_money_flow,documentary_record,moderate,The source does not establish direct operation of the BOBCAPS/Chola WhatsApp groups by the petitioners.,Account suppliers may not be the persons who delivered the victim-facing brand impersonation.,SRC-SEIAI-0178-01,Victim-facing and financial functions are coded independently; identity resolution does not imply guilt.
SEIAI-0179-A01,SEIAI-0179,reviewed,0.2.2,Hamzah,2026-10-05,Unresolved victim-facing investment operator(s),actor_cluster,victim_facing,yes,uncertain,Function coded from the cited public source under the ATLAS v0.2 actor protocol.,victim_facing_operator,social_engineering_operator,Delivering the deceptive or coercive victim-facing pretext and payment/investment instructions described in the focal incident.,yes,message_or_email_content,witness_or_statement,unclear,The public source reconstructs the victim-facing conduct but does not fully resolve the operator identity to a verified real-world human.,"The apparent persona, group, brand or contact identity may not correspond to the true human operator.",SRC-SEIAI-0179-01,Victim-facing and financial functions are coded independently; identity resolution does not imply guilt.
SEIAI-0179-A02,SEIAI-0179,reviewed,0.2.2,Hamzah,2026-10-05,Deepak Kumar Dash and connected petitioners,actor_cluster,financial,no,yes,Function coded from the cited public source under the ATLAS v0.2 actor protocol.,bank_account_controller,intermediary,Alleged downstream financial roles in the Jef CP fraud network.,no,bank_account_or_money_flow,documentary_record,limited,The reviewed bail material is stronger on banking linkage than on victim-facing account control.,The original Facebook advertisement and WhatsApp persuasion may have been handled by different operators.,SRC-SEIAI-0179-01,Victim-facing and financial functions are coded independently; identity resolution does not imply guilt.
SEIAI-0180-A01,SEIAI-0180,reviewed,0.2.2,Hamzah,2026-10-05,Frank Young and supporting fake-official persona cluster,unknown,victim_facing,yes,uncertain,Function coded from the cited public source under the ATLAS v0.2 actor protocol.,victim_facing_operator,social_engineering_operator,Delivering the deceptive or coercive victim-facing pretext and payment/investment instructions described in the focal incident.,yes,witness_or_statement,,unclear,The public source reconstructs the victim-facing conduct but does not fully resolve the operator identity to a verified real-world human.,"The apparent persona, group, brand or contact identity may not correspond to the true human operator.",SRC-SEIAI-0180-01,Victim-facing and financial functions are coded independently; identity resolution does not imply guilt.
SEIAI-0180-A02,SEIAI-0180,reviewed,0.2.2,Hamzah,2026-10-05,Obinna Nicodemus Enweka @ Obina,identified,hybrid,yes,yes,Function coded from the cited public source under the ATLAS v0.2 actor protocol.,social_engineering_operator,cashout_actor,Prima facie alleged participation in inducing the victim and moving fraud proceeds within the fake-friend/official-persona scheme.,yes,multiple_independent_sources,device_possession_or_forensics,moderate,The court's observations were made at bail stage rather than after final trial.,Specific personas and messages may have been shared among several participants.,SRC-SEIAI-0180-01,Victim-facing and financial functions are coded independently; identity resolution does not imply guilt.
SEIAI-0181-A01,SEIAI-0181,reviewed,0.2.2,Hamzah,2026-10-05,Unresolved victim-facing investment operator(s),actor_cluster,victim_facing,yes,uncertain,Function coded from the cited public source under the ATLAS v0.2 actor protocol.,victim_facing_operator,social_engineering_operator,Delivering the deceptive or coercive victim-facing pretext and payment/investment instructions described in the focal incident.,yes,message_or_email_content,witness_or_statement,unclear,The public source reconstructs the victim-facing conduct but does not fully resolve the operator identity to a verified real-world human.,"The apparent persona, group, brand or contact identity may not correspond to the true human operator.",SRC-SEIAI-0181-01,Victim-facing and financial functions are coded independently; identity resolution does not imply guilt.
SEIAI-0181-A02,SEIAI-0181,reviewed,0.2.2,Hamzah,2026-10-05,Sermadurai,identified,financial,no,yes,Function coded from the cited public source under the ATLAS v0.2 actor protocol.,account_provider,intermediary,Alleged collection/provision of bank-account kits for commission to support cyber-fraud transactions.,no,bank_account_or_money_flow,co_accused_link,moderate,The source does not establish that he delivered the WhatsApp high-return trading pitch.,The financial-infrastructure layer may have been organisationally separate from the victim-facing operators.,SRC-SEIAI-0181-01,Victim-facing and financial functions are coded independently; identity resolution does not imply guilt.
SEIAI-0182-A01,SEIAI-0182,reviewed,0.2.2,Hamzah,2026-10-05,Unresolved victim-facing investment operator(s),actor_cluster,victim_facing,yes,uncertain,Function coded from the cited public source under the ATLAS v0.2 actor protocol.,victim_facing_operator,social_engineering_operator,Delivering the deceptive or coercive victim-facing pretext and payment/investment instructions described in the focal incident.,yes,message_or_email_content,witness_or_statement,unclear,The public source reconstructs the victim-facing conduct but does not fully resolve the operator identity to a verified real-world human.,"The apparent persona, group, brand or contact identity may not correspond to the true human operator.",SRC-SEIAI-0182-01,Victim-facing and financial functions are coded independently; identity resolution does not imply guilt.
SEIAI-0182-A02,SEIAI-0182,reviewed,0.2.2,Hamzah,2026-10-05,Aditya Pratap Shahi @ Daksh,identified,technical,uncertain,no,Function coded from the cited public source under the ATLAS v0.2 actor protocol.,sim_or_device_user,,Disputed technical/device linkage based on data allegedly found on a second-hand phone.,unknown,device_possession_or_forensics,documentary_record,limited,The source does not establish that he controlled the H-10 Nuvama WhatsApp group or fraudulent web platform.,He said the phone was second-hand and disputed responsibility for the data.,SRC-SEIAI-0182-01,Victim-facing and financial functions are coded independently; identity resolution does not imply guilt.
SEIAI-0183-A01,SEIAI-0183,reviewed,0.2.2,Hamzah,2026-10-05,Unresolved digital-arrest impersonation operator(s),unknown,victim_facing,yes,uncertain,Function coded from the cited public source under the ATLAS v0.2 actor protocol.,victim_facing_operator,social_engineering_operator,Delivering the deceptive or coercive victim-facing pretext and payment/investment instructions described in the focal incident.,yes,witness_or_statement,,unclear,The public source reconstructs the victim-facing conduct but does not fully resolve the operator identity to a verified real-world human.,"The apparent persona, group, brand or contact identity may not correspond to the true human operator.",SRC-SEIAI-0183-01,Victim-facing and financial functions are coded independently; identity resolution does not imply guilt.
SEIAI-0183-A02,SEIAI-0183,reviewed,0.2.2,Hamzah,2026-10-05,Unresolved downstream investigation network,actor_cluster,unknown,no,uncertain,Function coded from the cited public source under the ATLAS v0.2 actor protocol.,unknown_role,,Unresolved network investigated in connection with the senior-citizen digital-arrest fraud.,no,documentary_record,bank_account_or_money_flow,unclear,The writ judgment does not identify individual downstream actors or functions with sufficient precision.,The public source is procedural and does not resolve offender identity.,SRC-SEIAI-0183-01,Victim-facing and financial functions are coded independently; identity resolution does not imply guilt.
SEIAI-0184-A01,SEIAI-0184,reviewed,0.2.2,Hamzah,2026-10-05,Unresolved digital-arrest impersonation operator(s),unknown,victim_facing,yes,uncertain,Function coded from the cited public source under the ATLAS v0.2 actor protocol.,victim_facing_operator,social_engineering_operator,Delivering the deceptive or coercive victim-facing pretext and payment/investment instructions described in the focal incident.,yes,witness_or_statement,,unclear,The public source reconstructs the victim-facing conduct but does not fully resolve the operator identity to a verified real-world human.,"The apparent persona, group, brand or contact identity may not correspond to the true human operator.",SRC-SEIAI-0184-01,Victim-facing and financial functions are coded independently; identity resolution does not imply guilt.
SEIAI-0184-A02,SEIAI-0184,reviewed,0.2.2,Hamzah,2026-10-05,Naveen Temani,identified,financial,uncertain,yes,Function coded from the cited public source under the ATLAS v0.2 actor protocol.,intermediary,bank_account_controller,Alleged participation in the financial/organisational layer of the digital-arrest network.,unknown,bank_account_or_money_flow,documentary_record,limited,The source does not fully establish that he personally intimidated or contacted the elderly victim.,He may have occupied a downstream role within a larger cybercrime network.,SRC-SEIAI-0184-01,Victim-facing and financial functions are coded independently; identity resolution does not imply guilt.
