case_id,record_status,coding_version,coder,date_coded,case_title,incident_start_date,incident_end_date,incident_year,state,city,cross_border_dimension,primary_source_id,primary_source_tier,source_stage,court_or_authority,case_number,case_status,attack_category_primary,attack_category_secondary,contact_channel_primary,contact_channels_other,platform_primary,impersonated_identity_category,impersonated_identity_detail,target_type,target_sector,target_selection_known,reconnaissance_present,reconnaissance_description,initial_contact_summary,pretext_summary,authority_mechanism,fear_mechanism,urgency_mechanism,trust_mechanism,scarcity_mechanism,reciprocity_mechanism,isolation_mechanism,repeated_contact_mechanism,other_psychological_mechanism,requested_action,victim_action,credential_compromise,device_compromise,remote_access_tool,financial_loss_inr,payment_method,money_mule_reported,known_account_count,phone_or_sim_evidence,cdr_evidence,bank_evidence,ip_or_login_evidence,device_evidence,chat_message_evidence,email_evidence,social_media_evidence,cctv_evidence,platform_provider_records,forensic_examination_reported,other_evidence,electronic_evidence_authentication_discussed,chain_of_custody_discussed,evidence_integrity_issue_reported,attribution_target,attribution_basis_primary,attribution_basis_secondary,attribution_strength,attribution_limitations,alternative_explanation,primary_evidentiary_gap,legal_provisions,accused_count,arrest_reported,charge_sheet_reported,conviction_status,disposition,case_summary,research_notes
SEIAI-0001,reviewed,0.2.0,Hamzah,2026-09-04,Ramakrishna Mission Gwalior digital arrest fraud,2025-03-17,2025-04-15,2025,Madhya Pradesh,Gwalior,not_reported,SRC-SEIAI-0001-01,T1,bail_order,"High Court of Madhya Pradesh, Gwalior Bench",Crime No.10/2025,trial,digital_arrest,police_impersonation,whatsapp,video_call,WhatsApp,police,Inspector / police official from Nashik Police,individual,religious and charitable institution,not_reported,unknown,"The caller used the complainant's name and claimed that a Canara Bank account had been opened using his Aadhaar details, but the public court record does not establish how those details were obtained.","On 17 March 2025 the Secretary of Ramakrishna Mission Ashram, Thatipur, Gwalior received a WhatsApp call from a person claiming to be an Inspector from Nashik Police.","The caller claimed that an FIR for money laundering had been registered, presented details of a purported Canara Bank account in the complainant's name with about INR 20 crore in transactions, sent a PDF bank statement via WhatsApp, and said the complainant had to cooperate with an investigation to avoid arrest.",yes,yes,yes,yes,no,no,yes,yes,"Legitimacy theatre using police uniform, a police-office visual setting, purported official financial documents, secrecy instructions, and coercive compliance.","Cooperate with the purported investigation, disclose personal/family and Ashram financial information, remain available and isolated from outside verification, and transfer Ashram funds to accounts specified by the caller.","The complainant continued communicating, disclosed information, followed secrecy/isolation instructions, and transferred a total of INR 25,299,000 to multiple accounts between 17 March and 11 April 2025.",no,no,,25299000,bank_transfer,yes,12,yes,yes,yes,not_reported,yes,yes,not_reported,not_reported,not_reported,not_reported,not_reported,Purported bank-statement PDF; memorandum statements; cheque/withdrawal records; mobile phone and SIM seizure; later court order recounts CDR relationships among several accused.,not_reported,not_reported,not_reported,Identified downstream accused network associated with communications and movement of funds; the original impersonating caller(s) remain unresolved in the public material reviewed.,bank_account_or_money_flow,cdr_or_telecom_record,moderate,"The public court material links several accused to beneficiary accounts, withdrawals, bank facilitation, devices, or communications with other accused, but does not conclusively identify the person who made the original WhatsApp impersonation call or prove that every downstream account holder knew the full social-engineering scheme.","For some accused, the documented link may be limited to account provision, withdrawal, transaction facilitation, device/SIM association, or communication with co-accused rather than direct participation in the initial impersonation. Knowledge and intent remain matters for trial.","Direct digital attribution of the original WhatsApp caller(s), ideally through platform/provider records, device-level account artefacts, telecom correlation, and authenticated communication records tying the impersonation account to an operator.",BNS 61(2); BNS 111(3) (in some orders); BNS 238; BNS 319(2); BNS 318(4); BNS 308(2); BNS 336(2); BNS 337; BNS 338; BNS 336(3); BNS 340(2); Information Technology Act Section 66-D,,yes,yes,not_yet_adjudicated,"Trial remains pending in the public court material reviewed. Multiple accused have pursued bail or quashing applications. The latest direct order located for this coding pass, dated 6 May 2026, dismissed Ravi Kumar Sahani's second bail application.","According to repeated Madhya Pradesh High Court recitals of the prosecution case, the Secretary of Ramakrishna Mission Ashram in Gwalior was contacted on WhatsApp on 17 March 2025 by a person claiming to be a Nashik Police Inspector. The caller alleged that a money-laundering FIR concerned a Canara Bank account purportedly opened in the complainant's name, sent a PDF account statement, threatened arrest, and later used a video call showing a police-uniformed person in a police-office-like setting. The complainant was instructed not to disclose the interaction and was induced to provide financial information and transfer Ashram funds. Between 17 March and 11 April 2025, INR 25,299,000 was transferred to multiple accounts. Later court orders describe bank-account trails, withdrawals, seized phones/SIMs, and CDR links among several accused. The reviewed public material supports meaningful attribution to parts of the downstream transaction and communications network, but it does not conclusively identify the original impersonating caller.","Primary coding privileges repeated High Court recitals over early press reports where details conflict. An NDTV report states that funds went to 12 accounts and describes a 26-day episode; this supports known_account_count=12. Early press reporting contains some inconsistent details about the first contact and impersonated agency, so those details were not used where they conflicted with the judicial record. Pre-publication source audit completed 2026-08-16; structured coding rechecked against the registered public source(s). v0.2.0 full-corpus source-to-code re-audit completed 2026-09-04."
SEIAI-0002,reviewed,0.2.0,Hamzah,2026-09-04,VIP Profit Makers fake investment app fraud,,,2025,Haryana,Gurugram,not_reported,SRC-SEIAI-0002-01,T1,bail_order,High Court of Punjab and Haryana,FIR No.378 dated 18.10.2025,trial,investment_fraud,,whatsapp,website,WhatsApp,investment_advisor,"Person claiming to be Karan Subhash Arora, Assistant to Manager at MUNOTH CAPITAL LTD",individual,retail investor,not_reported,not_reported,,"In August 2025, the complainant received a WhatsApp call from a person claiming association with MUNOTH CAPITAL LTD and offering investment plans.","The caller claimed membership in a SEBI-listed investment company, added the complainant to a WhatsApp group named VIP PROFIT MAKERS with about 100 members, showed apparent examples of money doubling, and induced him to install an ALFA NAVIGATOR app and transfer funds to accounts supplied through the app.",yes,no,no,yes,no,no,no,yes,Social proof through a large WhatsApp group and apparent examples of profitable investments; legitimacy borrowing from a claimed SEBI-listed company and an app-store link.,"Join the investment group, install/register on ALFA NAVIGATOR, and transfer investment funds to designated bank accounts.",The complainant transferred multiple amounts to several bank accounts and later attempted to withdraw his funds.,no,no,,8248021,bank_transfer,yes,7,not_reported,not_reported,yes,not_reported,not_reported,yes,not_reported,not_reported,not_reported,not_reported,not_reported,"FIR reproduces the WhatsApp contact, app URL, named group, and detailed beneficiary bank accounts and transfer amounts.",not_reported,not_reported,not_reported,Petitioner Shivam Goyal and any operators of the WhatsApp group / app infrastructure.,,,unclear,"The bail order reproduces a detailed victim narrative but gives little detail explaining how the petitioner was technically or financially linked to the original inducement, beyond the fact that he was arrested and prosecuted in the FIR.",The petitioner claimed that he had himself been duped by another person and was falsely implicated.,"Specific digital or financial evidence connecting the petitioner to operation of the WhatsApp identity, ALFA NAVIGATOR infrastructure, or beneficiary accounts.",BNS 318(4); BNS 61(2),,yes,yes,not_yet_adjudicated,Regular bail granted on 27 February 2026; trial pending and merits left open.,"A Gurugram complainant was approached on WhatsApp by a purported representative of an investment company, added to a large group displaying apparent investment success, and induced to install a fake investment app. He transferred INR 8,248,021 to multiple bank accounts. When withdrawal was attempted, further money was demanded. The public bail order provides a rich social-engineering reconstruction but limited accused-specific attribution evidence.","Useful example of social proof and legitimacy engineering in fake-investment fraud. Known account count is seven distinct beneficiary accounts; the source lists nine transfers, with two account numbers reused. Pre-publication source audit completed 2026-08-16; structured coding rechecked against the registered public source(s). v0.2.0 full-corpus source-to-code re-audit completed 2026-09-04."
SEIAI-0003,reviewed,0.2.0,Hamzah,2026-09-04,Fake HR work-from-home task scam,,,2025,Delhi,New Delhi,yes,SRC-SEIAI-0003-01,T1,bail_order,Delhi High Court,FIR No.44/2025 dated 08.07.2025,investigation,job_fraud,,whatsapp,website,WhatsApp,recruiter,"Woman calling herself Akansha, purported HR executive of Freelance Pvt. Ltd.",job_seeker,work-from-home / online tasks,not_reported,not_reported,,The complainant received a WhatsApp call from a woman presenting herself as an HR executive and offering paid work-from-home Google search/review tasks.,"The caller promised payment for simple tasks, made small initial payments to build trust, then claimed free task coupons had expired and induced the complainant to pay for higher-income tasks.",yes,no,yes,yes,yes,yes,no,yes,Trust seeding through genuine small payouts before escalating to paid tasks; sunk-cost pressure when further payments were demanded to recover supposed earnings.,"Perform online tasks, then make repeated payments for higher-return tasks and additional payments to unlock earnings.","The complainant made repeated deposits and lost INR 375,000.",no,no,,375000,bank_transfer,yes,,yes,yes,yes,not_reported,yes,yes,not_reported,not_reported,yes,yes,not_reported,"Calling numbers traced to waho.pro, hosted on a U.S.-based server; bank CCTV recorded cash withdrawal; WhatsApp chats recovered from a co-accused phone showed account details being shared.",not_reported,not_reported,not_reported,"Aayush Goyal's alleged role in supplying/circulating mule bank accounts, distinct from the original HR impersonator.",message_or_email_content,bank_account_or_money_flow,moderate,"The complainant did not directly identify the applicant as the inducer. His alleged role arose through co-accused disclosures and WhatsApp chats showing bank-account sharing, rather than direct evidence that he made the original call.",The applicant argued that his cryptocurrency-related activity was legitimate and that he neither received cheated money nor knew the complainant.,"Direct linkage between the original HR impersonation account/calling infrastructure and identified human operators, plus full cryptocurrency transaction records tying mule-account circulation to fraudulent proceeds.",BNS 318(4); BNS 61(2); BNS 3(5),,yes,not_reported,not_yet_adjudicated,Anticipatory bail granted on 15 December 2025; investigation and trial-related proceedings remained ongoing.,"A Delhi complainant was approached through WhatsApp by a fake HR executive offering paid Google review tasks. Small initial payouts established trust, after which the victim was induced to pay for higher-value tasks and to make additional deposits when attempting to recover earnings, losing INR 375,000. Investigation traced funds through mule accounts, CCTV-recorded withdrawals and WhatsApp account-sharing chats, illustrating a multi-layered separation between social-engineering operators and financial infrastructure.","The source reports the calling infrastructure as waho.pro on a U.S.-based server, supporting a cross-border infrastructure dimension even though the victim and investigated network were in India. Pre-publication source audit completed 2026-08-16; structured coding rechecked against the registered public source(s). v0.2.0 full-corpus source-to-code re-audit completed 2026-09-04."
SEIAI-0004,reviewed,0.2.0,Hamzah,2026-09-04,Canada relative and medical emergency impersonation fraud,2025-04-21,2025-04-21,2025,Haryana,Mahendragarh,not_reported,SRC-SEIAI-0004-01,T1,bail_order,High Court of Punjab and Haryana,FIR No.14 dated 22.04.2025,trial,family_impersonation,,whatsapp,phone,WhatsApp,family_or_friend,Relative Satpal said to be living in Canada; second caller posed as bank official; third caller posed as Harjeet Singh.,individual,household / family network,not_reported,unknown,"The impersonator used the name of a real Canada-based relative and the victim's bank-account details in the pretext, but the public source does not establish whether this resulted from prior reconnaissance, leaked data, or another route.",The complainant received a WhatsApp call from a person claiming to be his Canada-based relative Satpal.,"The impersonator claimed he would send INR 16.15 lakh to the complainant before returning to India, sent a fake transfer receipt, and a separate caller posed as an Axis Bank head-office employee to corroborate the transfer. The fake relative then requested urgent funds for a purported associate's hospitalized wife.",yes,no,yes,yes,no,yes,no,yes,Layered corroboration using an apparent bank official; emotional pressure through a crying caller and medical emergency; exploitation of kinship and reciprocity after a fake incoming transfer.,"Provide bank details/blank cheque image and urgently transfer INR 400,000, followed by a request for an additional INR 200,000.","The complainant sent a blank cheque image and transferred INR 400,000 before challenging the impersonator with family-verification questions.",no,no,,400000,bank_transfer,yes,1,yes,not_reported,yes,not_reported,not_reported,yes,not_reported,not_reported,not_reported,not_reported,not_reported,Fake INR 16.15 lakh transfer receipt sent on WhatsApp; beneficiary account belonged to petitioner's mother and had petitioner's mobile number registered.,not_reported,not_reported,not_reported,Petitioner Ratan Lal's alleged downstream role connected to the beneficiary account and registered mobile number.,bank_account_or_money_flow,sim_or_subscriber_record,limited,"The order does not establish that the petitioner made the relative, bank-official, or medical-emergency calls. The bank account was in his mother's name and the petitioner disputed inducement.",The petitioner may have been associated with the beneficiary account without being the social-engineering caller; knowledge and commission allegations remained prosecution claims.,Direct linkage of the impersonating WhatsApp/phone numbers to the human operators and authenticated device/platform records showing coordination with the beneficiary account.,BNS 318(4); BNS 319; BNS 336(3); BNS 338; BNS 340; BNS 61(B) as reported in source,,yes,yes,not_yet_adjudicated,Regular bail granted on 21 January 2026; trial ongoing.,"A Haryana victim was contacted on WhatsApp by a person impersonating a real relative living in Canada. The scheme used a forged transfer receipt and a second caller posing as an Axis Bank official to make the fake INR 16.15 lakh incoming transfer appear genuine. The relative then invoked a medical emergency and a crying third caller to induce an urgent INR 400,000 transfer. The victim detected the fraud by asking personal family questions the impersonator could not answer.","This case is especially valuable for studying layered corroboration, emotional urgency, and family-knowledge verification as a defensive social-engineering countermeasure. Pre-publication source audit completed 2026-08-16; structured coding rechecked against the registered public source(s). v0.2.0 full-corpus source-to-code re-audit completed 2026-09-04."
SEIAI-0005,reviewed,0.2.0,Hamzah,2026-09-04,Fake Yahoo customer care APK fraud against senior citizen,,,2025,Delhi,New Delhi,no,SRC-SEIAI-0005-01,T1,bail_order,Delhi High Court,"FIR No.4/2025, PS Cyber South-West",investigation,customer_support_fraud,,phone,website,Online search / phone,customer_support,Purported customer-care service for Yahoo email issue,elderly_person,senior citizen / personal banking,no,no,,A senior citizen searching online for help with a Yahoo email problem contacted a purported customer-care number found through an online search.,The purported support operator induced the complainant to download an APK and persuaded him to provide debit-card details while ostensibly resolving the email problem.,yes,no,no,yes,no,no,no,unknown,Search-result trust transfer: the victim treated a number surfaced through online search as legitimate customer support.,Download an APK and provide debit-card information.,"The complainant downloaded the APK and disclosed debit-card details; about INR 14 lakh was initially siphoned and linked fixed deposits were later accessed/liquidated, raising the reported total loss to about INR 26 lakh.",yes,yes,Unknown APK,2600000,multiple,yes,,yes,yes,yes,yes,not_reported,not_reported,not_reported,not_reported,yes,not_reported,not_reported,"KYC/account-opening documents, transaction statements, CDRs, IPDRs, IMEI data, location charts, ATM CCTV and NCRP-linked account information.",not_reported,not_reported,not_reported,"Sahil Khan's alleged cash-out / beneficiary role within an inter-State fraud network, separate from the fake customer-care operator.",cctv_or_location,bank_account_or_money_flow,moderate,"The public order strongly links the applicant to cash withdrawals, location data and receipt of funds but does not establish that he operated the fake customer-care number or APK.",The applicant denied any role and argued that location coincidence was insufficient; original social-engineering and malware operators remain distinct from downstream cash-out actors.,Direct forensic attribution of the fake customer-care number/APK infrastructure and proof linking that operator layer to the downstream financial network.,BNS 318(4); BNS 319(2); BNS 61(2); BNS 3(5),,not_reported,no,not_yet_adjudicated,Anticipatory bail denied on 14 January 2026; investigation continuing.,"A Delhi senior citizen searching online for Yahoo support contacted a fraudulent customer-care number, downloaded an APK and disclosed card information. The reported loss eventually reached about INR 26 lakh after linked fixed deposits were accessed. Investigation used bank KYC and transactions, CDR/IPDR/IMEI/location data and ATM CCTV to map an inter-State mule and cash-out network. The case illustrates the evidentiary separation between the social-engineering entry point and downstream financial actors.","One of the strongest cases in the pilot for combining human manipulation, malicious software installation and layered digital/physical attribution evidence. Pre-publication source audit completed 2026-08-16; structured coding rechecked against the registered public source(s). v0.2.0 full-corpus source-to-code re-audit completed 2026-09-04."
SEIAI-0006,reviewed,0.2.0,Hamzah,2026-09-04,Tekku Samurai cross-border tech-support fraud,,,2025,Uttar Pradesh,Varanasi,yes,SRC-SEIAI-0006-01,T1,bail_order,Delhi High Court / CBI,RC221/2025/E0006,trial,tech_support_fraud,,website,phone,Malicious web pop-ups / VoIP,customer_support,Microsoft or Apple representatives,individual,Japanese computer users,yes,yes,"Call-centre devices contained lists of Japanese telephone numbers and scripts/quotations, indicating systematic targeting of Japanese victims.",Victims encountered fake virus alerts/phishing prompts on malicious URLs and were instructed to call a displayed number.,"Callers impersonating Microsoft or Apple claimed the victim's computer had technical problems, induced installation of remote-access software or purchase of antivirus/service packages, and obtained access to sensitive financial information.",yes,yes,yes,yes,no,no,unknown,yes,"Panic induction through fake virus alerts and brand impersonation, followed by scripted technical authority and remote-assistance framing.","Call the displayed number, install remote-access software or purchase purported technical services, and provide/payment-sensitive information.",Victims installed remote-access software and/or paid through gift cards or other channels; four Japanese victims were specifically identified in the FIR.,yes,yes,Remote-access software; seized systems also showed Zoiper VoIP use,,gift_card_or_voucher,unknown,,yes,not_reported,yes,not_reported,yes,yes,not_reported,not_reported,not_reported,yes,yes,"SSDs, call logs, Japanese phone-number lists, fake Microsoft identity cards, victim banking screenshots, gift-card screenshots/codes, pitching scripts and quotations, partnership/rent/KYC records and bank profit transfers.",not_reported,not_reported,yes,Tekku Samurai call-centre operation and Komal Kumar's alleged ownership/management role.,device_possession_or_forensics,multiple_independent_sources,strong,The order concerns bail and does not finally adjudicate guilt. It does not establish that the applicant personally made each victim call; the strength code concerns ownership/operational linkage to the documented call-centre system.,The applicant argued he was merely an owner and that financial transfers from Bidder Media were legitimate commercial transactions unrelated to victim fraud.,"Victim-specific linkage between particular call-centre agents/sessions and each fraudulent loss, plus complete foreign payment and remote-access logs.",BNS 61(2); BNS 308; BNS 318(4); BNS 319(2); IT Act 66C; IT Act 66D; IT Act 66 read with 43,,yes,yes,not_yet_adjudicated,Regular bail denied on 2 February 2026; supplementary charge sheet had been filed.,"CBI alleged that an India-based call centre in Varanasi targeted Japanese computer users through malicious virus pop-ups and phishing prompts, then impersonated Microsoft or Apple personnel to induce remote access and payment. Searches recovered devices containing fake IDs, victim banking images, gift-card data, Japanese call lists, scripts and VoIP logs. Partnership, KYC, rent and bank records linked the applicant to the call-centre business. This is the pilot's clearest example of social engineering embedded in an organised technical infrastructure.",Cross-border case included because the investigated operation and evidence were materially situated in India even though the named victims were in Japan. Pre-publication source audit completed 2026-08-16; structured coding rechecked against the registered public source(s). v0.2.0 full-corpus source-to-code re-audit completed 2026-09-04.
SEIAI-0007,reviewed,0.2.0,Hamzah,2026-09-04,Sangam.com NRI matrimonial impersonation fraud,2021-12-22,2021-12-22,2021,Delhi,New Delhi,yes,SRC-SEIAI-0007-01,T1,bail_order,Delhi High Court,FIR No.07/2022 dated 31.03.2022,trial,romance_fraud,,website,whatsapp;phone,Sangam.com / WhatsApp,romantic_or_social_identity,"Dr. Ankit Verma, purported Canadian resident, followed by a fake Customs official",individual,matrimonial platform user,yes,yes,"Victims were approached through fake matrimonial profiles tailored to relationship expectations; devices later contained multiple fictitious identities, scripts, victim photographs and passports.","The complainant met 'Dr. Ankit Verma', purportedly from Canada, through Sangam.com and continued communication on WhatsApp.","After relationship-building, the victim was told the supposed Canadian contact had arrived at IGI Airport and was detained by Customs for excessive foreign currency. A second caller impersonating Customs demanded INR 55,900 as a penalty and later sought another INR 150,000 for Ministry of Finance clearance.",yes,yes,yes,yes,no,yes,no,yes,Relationship grooming followed by crisis escalation and authority handoff to a fake Customs official.,Transfer an airport/customs penalty and then further clearance money.,"The complainant transferred INR 55,900 in two instalments, then refused a further INR 150,000 demand and reported the fraud.",no,no,,55900,bank_transfer,yes,26,yes,yes,yes,yes,yes,yes,yes,yes,yes,yes,yes,"Fake profiles, forged passports/identity material, DingTone spoof-calling app, FSL-recovered WhatsApp chats, bank screenshots, victim photographs, common account details, ATM CCTV and profile IP data.",yes,not_reported,not_reported,Paul Onyeji Atuh's alleged operation of multiple fake identities and participation in a broader matrimonial/social-media fraud syndicate.,device_possession_or_forensics,multiple_independent_sources,strong,"The case remains at trial stage and the applicant denied direct inducement of the complainant; strength reflects extensive FSL/device and cross-source linkage to the operational pattern, not a final conviction.",The defence argued that none of the beneficiary accounts were in the applicant's name and that residence/location with co-accused did not prove direct participation.,"Victim-specific end-to-end mapping of which seized device/account/user performed each interaction, beyond strong pattern and shared-account evidence.",IPC 420; IPC 419; IPC 170; IPC 34; IPC 467; IPC 468; IPC 471; IPC 120B; IT Act 66D,,yes,yes,not_yet_adjudicated,Regular bail denied in July 2025; charges had been framed and supplementary charge sheet/FSL material placed on record.,"A woman communicating with a purported Canadian doctor through a matrimonial site and WhatsApp was told that he had been detained at IGI Airport with foreign currency. A fake Customs official demanded payment, resulting in INR 55,900 loss before a second demand exposed the fraud. Investigation later identified 17 victims with combined losses of INR 3,373,800 and recovered multiple devices, fake profiles, forged identity material, spoof-calling tools, WhatsApp chats and banking data. The case provides unusually rich forensic attribution material for relationship-based social engineering.","Known account count of 26 is the number of bank accounts the order says were used by the accused network, not the number used in the single complainant's transaction. Pre-publication source audit completed 2026-08-16; structured coding rechecked against the registered public source(s). v0.2.0 full-corpus source-to-code re-audit completed 2026-09-04."
SEIAI-0008,reviewed,0.2.0,Hamzah,2026-09-04,SMS-service closure phishing and vishing bank fraud,2021-04-18,2021-04-18,2021,Uttar Pradesh,Greater Noida,no,SRC-SEIAI-0008-02,T1,appellate_judgment,Delhi High Court,LPA 52/2025 arising from W.P.(C) 13497/2022,judgment,phishing,vishing,sms,phone,SMS / voice call,platform_or_service,Unknown caller claiming the victim needed to click a link to keep SMS service operational,professional,academician,not_reported,not_reported,,The victim received an SMS containing a link followed by a phone call from an unknown person.,"The caller said the victim had to click the link or his SMS service would be closed. After he clicked, unauthorised internet-banking transactions were made.",yes,yes,yes,yes,no,no,no,no,Service-interruption threat used to induce a security-sensitive action.,Click the SMS link to keep mobile/SMS service active.,"The victim clicked the link; INR 260,000 was then transferred through two internet-banking transactions. He immediately reported the unauthorised transactions.",unknown,unknown,,260000,multiple,unknown,2,yes,not_reported,yes,yes,not_reported,no,no,no,not_reported,not_reported,no,"Internet-banking login timestamps, OTP delivery records, beneficiary details, merchant code, RRN and IP address were examined in banking/ombudsman proceedings.",yes,not_applicable,yes,Unknown attacker and mechanism by which banking credentials/OTPs were compromised.,ip_or_login_record,bank_account_or_money_flow,unclear,"The litigation established the victim interacted with a suspicious link and that valid internet-banking authentication was used, but the exact technical compromise mechanism and attacker identity were not forensically established.",The victim maintained he never shared OTPs and that malware or compromise transmitted credentials; the bank argued that clicking the suspicious link constituted customer negligence and enabled credential misuse.,Technical forensic examination of the device/link and attacker infrastructure sufficient to determine how credentials and OTPs were obtained and to identify the operator.,RBI Circular dated 06.07.2017 on customer liability for unauthorised electronic banking transactions,,not_applicable,not_applicable,not_applicable,Delhi High Court Division Bench allowed SBI's appeal on 29 May 2026 and set aside the earlier single-judge judgment; it stressed that unresolved technical questions required forensic examination rather than inference in writ proceedings.,"An academician received an SMS link and a call warning that his SMS service would be closed unless he clicked. After doing so, two internet-banking transactions totalling INR 260,000 were executed. The victim denied sharing OTPs. The later appellate judgment is especially valuable for the Atlas because the court refused to infer the exact compromise mechanism without technical or forensic evidence, highlighting the gap between a documented social-engineering trigger and unresolved technical causation.","This is a civil/banking-liability case rather than a criminal prosecution, included because the underlying social-engineering incident and evidentiary uncertainty are richly documented. Pre-publication source audit completed 2026-08-16; structured coding rechecked against the registered public source(s). v0.2.0 full-corpus source-to-code re-audit completed 2026-09-04."
SEIAI-0009,reviewed,0.2.0,Hamzah,2026-09-04,Hacked superior WhatsApp payment impersonation,2025-04-08,2025-04-08,2025,Delhi,New Delhi,no,SRC-SEIAI-0009-01,T1,bail_order,Delhi High Court,"FIR No.28/2025, Cyber Police Station West Delhi",investigation,account_takeover_social_engineering,,whatsapp,,WhatsApp,executive_or_employer,"Reporting officer Pradeep Singh Kharola, CMD, India Trade Promotion Organisation",employee,government / public sector organisation,yes,unknown,The fraud exploited a compromised WhatsApp account within an existing superior-subordinate communication context. The source does not establish a separate pre-contact reconnaissance process by the fraudster.,"While the complainant was conversing with his reporting officer on WhatsApp, a request appeared asking him to transfer money to Rajan Kumar.","The message appeared to come from the complainant's reporting officer, first requesting INR 20,000 and then INR 25,000. A third request for INR 30,000 triggered verification, revealing that the officer's WhatsApp account had been hacked.",yes,no,yes,yes,no,no,no,yes,Exploitation of an existing organisational trust channel and superior authority; low-value escalation before a third request triggered verification.,"Transfer INR 20,000, then INR 25,000, followed by a further INR 30,000 request.","The complainant transferred INR 45,000 through Paytm and Mobikwik before verifying the request.",unknown,unknown,,45000,wallet,yes,2,yes,yes,yes,not_reported,not_reported,yes,no,yes,not_reported,not_reported,not_reported,Jio Payment Bank and India Post Payment Bank accounts in applicant's name; CAF/CDR linked fraud mobile number to applicant; one account opened a day before the fraud and linked to three other cyber complaints.,not_reported,not_reported,not_reported,Rajan Kumar's alleged role as recipient/controller of payment accounts and mobile number connected to the impersonation fraud.,bank_account_or_money_flow,cdr_or_telecom_record,moderate,"The court stated that the petitioner allegedly hacked the superior's WhatsApp account, but the public order's strongest described evidence concerns accounts, mobile linkage, repeated complaints and use of funds rather than a detailed forensic account-takeover analysis.","The applicant claimed a friend had taken his account details for receiving funds from abroad and denied the offence, although he returned the cheated amount.",Forensic/platform evidence showing how the superior's WhatsApp account was taken over and directly linking the takeover session/device to the accused.,BNS 318(4); BNS 319(2),,no,no,not_yet_adjudicated,Anticipatory bail denied on 1 July 2025; investigation ongoing.,"An employee received payment requests through the WhatsApp account of his reporting officer, a senior public-sector executive, and transferred INR 45,000 before a third request prompted verification. The officer's account had been hacked. Investigation linked the beneficiary accounts and a mobile number to the applicant, found that one account had been opened a day before the fraud, and identified similar complaints involving the same accounts. The case functions as a compact Indian analogue of executive-impersonation/BEC-style social engineering.","Useful bridge between account takeover and social engineering: the technical compromise created the trusted identity, while the fraud itself depended on organisational authority and contextual trust. Pre-publication source audit completed 2026-08-16; structured coding rechecked against the registered public source(s). v0.2.0 full-corpus source-to-code re-audit completed 2026-09-04."
SEIAI-0010,reviewed,0.2.0,Hamzah,2026-09-04,WhatsApp sexual blackmail and fake cyber-offence extortion,2023-03-22,,2023,Haryana,Kaithal,not_reported,SRC-SEIAI-0010-01,T1,bail_order,High Court of Punjab and Haryana,FIR No.14 dated 04.05.2023,investigation,sextortion,,video_call,whatsapp;phone,WhatsApp,other,Initial female video caller followed by caller 'Rahul' claiming the victim had committed a cyber offence and faced FIR/publication of the video.,individual,personal / private individual,not_reported,not_reported,,The complainant received an unknown video call from a nude woman and was asked through WhatsApp to become nude; he disconnected and deleted WhatsApp.,"Three days later a caller named Rahul sent the recorded video, claimed the victim had committed a cyber offence and that the video had been uploaded to major platforms, and demanded money to avoid FIR registration and publication.",yes,yes,yes,no,no,no,yes,yes,"Sexual shame, reputational threat and fear of criminal process were combined to coerce escalating payments.","Pay INR 71,500 initially to avoid FIR registration and further payments to suppress the video/threats.","The complainant made multiple transfers totalling INR 1,347,499 to several accounts.",no,no,,1347499,bank_transfer,yes,6,not_reported,not_reported,yes,not_reported,not_reported,yes,no,yes,not_reported,not_reported,not_reported,"Recorded sexual video, WhatsApp messages, beneficiary accounts and co-accused disclosure statements are described in the public order.",not_reported,not_reported,not_reported,Petitioner Waris's alleged role in the extortion network.,co_accused_link,bank_account_or_money_flow,limited,The order states the petitioner's involvement was based on a co-accused disclosure and alleged sharing of proceeds; it does not directly connect him to the initial video call or Rahul persona.,The petitioner argued that he was implicated only through a co-accused disclosure statement and had no independently established role.,Direct device/account/platform evidence connecting the petitioner to the initial WhatsApp/video identities or extortion communications.,IPC 384; IPC 419; IPC 420; IPC 467; IPC 468; IPC 471; IPC 120-B; IPC 34; IT Act 66; IT Act 66C; IT Act 67; IT Act 67A,,no,not_reported,not_yet_adjudicated,Anticipatory bail denied on 24 February 2026; investigation/trial merits left open.,"A Haryana complainant received a sexual video call from an unknown woman, disconnected, and was later contacted by a caller who sent the recording, claimed he had committed a cyber offence, threatened FIR registration and widespread publication, and demanded payment. The victim transferred INR 1,347,499 to multiple accounts. The case captures a coercive social-engineering pattern built around shame, reputational threat and pseudo-legal pressure, while public attribution to the bail applicant remains comparatively weak.",Added `sextortion` as a controlled attack category during v0.1 because the existing taxonomy did not adequately capture this pattern. Pre-publication source audit completed 2026-08-16; structured coding rechecked against the registered public source(s). v0.2.0 full-corpus source-to-code re-audit completed 2026-09-04.
SEIAI-0011,reviewed,0.2.0,Hamzah,2026-09-04,"Fake surveillance officer, CBI and judge digital-arrest fraud",2025-03-15,2025-03-23,2025,Delhi,New Delhi,not_reported,SRC-SEIAI-0011-01,T1,bail_order,Delhi High Court,"FIR No.109/2025, P.S. Special Cell, Delhi",investigation,digital_arrest,police_impersonation,whatsapp,video_call,WhatsApp,police,"Surveillance officer, CBI officer and a person posing as a judge; purported Supreme Court order used",individual,household / personal finance,not_reported,unknown,The public source does not establish how the fraudsters selected the complainant or obtained the personal details used in the money-laundering pretext.,On 15 March 2025 the complainant received a WhatsApp call from a person identifying himself as a surveillance officer who said her bank accounts were under court-ordered surveillance.,"The caller said a CBI officer was present, alleged the complainant was involved in money laundering linked to a Canara Bank account, sent a purported Supreme Court order, and introduced a person posing as a judge who said a non-bailable warrant had issued.",yes,yes,yes,yes,not_reported,not_reported,yes,yes,Layered official identities and a forged judicial document created legitimacy; the complainant was instructed not to speak to anyone or leave home.,"Remain isolated, submit to purported monitoring, and transfer funds to accounts specified for the supposed investigation.","The complainant transferred INR 30,00,000 and INR 80,10,010 before reporting the fraud.",not_reported,not_reported,,11010010,bank_transfer,yes,2,yes,yes,yes,yes,yes,yes,not_reported,not_reported,not_reported,not_reported,not_reported,"KYC/address verification, location correlation, SIM/device changes, transaction alerts and other NCRP complaints linked to the beneficiary account.",not_reported,not_reported,not_reported,"Applicant-linked first-layer beneficiary account and downstream financial/telecom activity, distinct from the original impersonating callers.",bank_account_or_money_flow,cdr_or_telecom_record,moderate,"The order contains meaningful bank, subscriber, location and CDR links to the applicant but does not establish that he was the surveillance officer, CBI officer or fake judge who conducted the original manipulation.","The applicant claimed his email was hacked and suspicious logins originated from Singapore, presenting an alternative account-control explanation that remained disputed at bail stage.",Authenticated WhatsApp/provider and device-level evidence tying the original impersonation accounts to identified human operators.,"BNS 308(2), 318(4), 319(2), 204, 61(2), 3(5)",,unknown,not_reported,not_yet_adjudicated,Anticipatory bail application dismissed on 12 March 2026; merits expressly left open.,"A Delhi complainant was subjected to a layered digital-arrest scheme using a purported surveillance officer, CBI involvement, a fake judge and a forged Supreme Court order. She was isolated and induced to transfer INR 11,010,010. The bail order describes substantial downstream bank, subscriber, location and CDR evidence, but does not directly identify the original impersonating operators.","Expanded-validation retrieval protocol case. Judicial material accessed through Indian Kanoon; all accused-specific statements are treated as bail-stage allegations/observations unless expressly stated otherwise. Second-pass source, coding, procedural-posture and privacy audit completed 2026-08-26. v0.2.0 full-corpus source-to-code re-audit completed 2026-09-04."
SEIAI-0012,reviewed,0.2.0,Hamzah,2026-09-04,FedEx and Mumbai Cyber Crime digital-confinement fraud,2023-12-29,2024-01-01,2023,Delhi,New Delhi,yes,SRC-SEIAI-0012-01,T1,bail_order,Delhi High Court,"RC No. RC-2212024E0022/2024, CBI EO-III New Delhi",trial,digital_arrest,police_impersonation,multiple,whatsapp; skype; phone,WhatsApp / Skype,police,FedEx personnel and Mumbai Cyber Crime officials,executive,business executive / security-features supplier,not_reported,not_reported,,The victim was approached through a scheme that impersonated FedEx and Mumbai Cyber Crime officials and moved into sustained digital confinement over WhatsApp/Skype.,The victim was threatened with serious criminal charges and kept digitally confined while the perpetrators maintained an active video link and demanded transfers.,yes,yes,yes,yes,not_reported,not_reported,yes,yes,Continuous remote presence and law-enforcement impersonation sustained coercion over several days.,Remain digitally confined and transfer funds to accounts controlled by the purported investigators.,"The victim made two transfers totalling INR 48,56,275.",not_reported,not_reported,,4856275,bank_transfer,yes,2,yes,not_reported,yes,not_reported,yes,yes,not_reported,not_reported,not_reported,not_reported,not_reported,"SIM recovered from applicant possession, IMEI/device linkage to account transactions, WhatsApp conversations regarding an account and cash conversion, fintech money-flow analysis.",not_reported,not_reported,not_reported,"Applicant’s alleged role in the financial arm of a transnational network, not the original FedEx/police impersonation.",multiple_independent_sources,device_possession_or_forensics,moderate,"The source materially links the applicant to financial-account operation, a recovered SIM/device and chats, but does not show that he conducted the original victim-facing impersonation.",The applicant disputed evidentiary weight of co-accused disclosure and argued that chargesheet filing and custody reduced the need for detention.,Direct provider/device evidence connecting the victim-facing FedEx and law-enforcement identities to identified operators.,"BNS 127, 308, 318; IT Act 66D; charge sheet also records IPC 170, 419, 420, 343, 346, 388, 120B, 411, 414 and corresponding BNS provisions",13,yes,yes,not_yet_adjudicated,Regular bail declined on 9 February 2026; further investigation described as ongoing.,"A Delhi business executive was digitally confined from 29 December 2023 to 1 January 2024 after FedEx and Mumbai Cyber Crime impersonation and was coerced into two transfers totalling INR 4,856,275. The order separates the victim-facing social-engineering operators from an alleged downstream financial arm and records SIM/device, WhatsApp and money-flow evidence against the applicant.","Source expressly describes the network as transnational; cross_border_dimension coded yes. Focal victim loss is used rather than the approximately INR 4.80 crore aggregate across ten Delhi victims. Second-pass source, coding, procedural-posture and privacy audit completed 2026-08-26. v0.2.0 full-corpus source-to-code re-audit completed 2026-09-04."
SEIAI-0013,reviewed,0.2.0,Hamzah,2026-09-04,Stan Chart Dialogue Forum L7 fake investment app fraud,,,2025,Delhi,New Delhi,not_reported,SRC-SEIAI-0013-01,T1,interim_order,Delhi High Court,"FIR No.29/2025, Cyber Police Station, Delhi",bail_or_interim,investment_fraud,,whatsapp,app; website,WhatsApp / SCHNW,investment_advisor,Admins of Stan Chart Dialogue Forum L7 offering D-mat/share investment plan,investor,retail investment,not_reported,not_reported,,The complainant was added to a WhatsApp group named Stan Chart Dialogue Forum L7 where admins discussed share investments.,An admin offered an investment plan through the SCHNW application; the complainant was encouraged to make progressively larger transfers and later faced withdrawal restrictions and additional conditions.,no,no,yes,yes,not_reported,not_reported,not_reported,yes,App-based account display and staged escalation made the scheme appear like an ordinary investment service.,Download the investment application and transfer funds in repeated transactions.,"The complainant transferred INR 22,70,000 in 11 transactions before access was blocked.",not_reported,not_reported,,2270000,bank_transfer,unknown,,not_reported,not_reported,not_reported,not_reported,not_reported,yes,not_reported,not_reported,not_reported,not_reported,not_reported,,not_reported,not_reported,not_reported,Applicant and operators of the WhatsApp group/SCHNW scheme.,unclear,,unclear,The source is a notice-stage interim bail order and provides the victim narrative but little applicant-specific evidentiary analysis.,Applicant-specific role and technical control of the group/application are not established in the public order reviewed.,"Applicant-specific bank, device, platform-account or communications evidence linking a person to operation of the WhatsApp group and SCHNW application.","BNS 318(4), 340",,not_reported,not_reported,not_yet_adjudicated,On 20 April 2026 the Delhi High Court issued notice in the anticipatory-bail application; no final bail determination is contained in this source.,A Delhi complainant reported losing INR 2.27 million after being added to a WhatsApp investment group and induced to use an application called SCHNW. The source documents progressive investment and withdrawal restrictions but is procedurally limited: it is a notice-stage order and does not provide a developed attribution record.,"Included because attack reconstruction is sufficiently detailed; attribution is intentionally coded unclear because this specific source is preliminary. Second-pass source, coding, procedural-posture and privacy audit completed 2026-08-26. v0.2.0 full-corpus source-to-code re-audit completed 2026-09-04."
SEIAI-0014,reviewed,0.2.0,Hamzah,2026-09-04,Airtel-to-CBI senior-citizen digital-arrest fraud,2025-08-01,2025-09-04,2025,Delhi,New Delhi,not_reported,SRC-SEIAI-0014-01,T1,bail_order,Delhi High Court,"FIR No.85/2025, P.S. Special Cell, Delhi",investigation,digital_arrest,government_impersonation,phone,whatsapp; video_call,Phone / WhatsApp,government_official,"Airtel officials, Mumbai Police and CBI officials",elderly_person,retired/senior citizen,not_reported,unknown,,On 1 August 2025 a senior citizen in his late seventies received a landline call from people posing as Airtel officials.,"The callers claimed his Aadhaar had been used to open a fraudulent Mumbai bank account, threatened telecom suspension, connected him to supposed Mumbai Police, shifted him to WhatsApp video, then claimed CBI involvement, a large bank fraud and terror funding while presenting an arrest warrant.",yes,yes,yes,yes,not_reported,not_reported,yes,yes,"Telecom-service threat created the entry point; multiple government identities, terror-funding allegations and isolation sustained coercion.","Isolate, remain on video contact and make transfers to numerous accounts under the purported investigation.",The complainant made repeated transfers between 4 August and 4 September 2025 totalling INR 22.92 crore.,not_reported,not_reported,,229200000,bank_transfer,yes,,yes,not_reported,yes,not_reported,yes,yes,not_reported,not_reported,not_reported,not_reported,not_reported,"Beneficiary-company records, linked mobile numbers, WhatsApp chats, alleged account/SIM procurement and same-day withdrawals.",not_reported,not_reported,not_reported,Applicants alleged to have supplied/controlled or operated beneficiary account infrastructure used to siphon funds.,multiple_independent_sources,bank_account_or_money_flow,moderate,The public order develops evidence concerning account infrastructure and communications among downstream actors but does not establish that the applicants made the Airtel/Mumbai Police/CBI calls.,"Applicants disputed whether they were victims, peripheral account holders or active participants; the court treated those role questions as matters for continued investigation/trial.",Direct evidence linking the original caller identities and WhatsApp video accounts to identified operators.,"BNS 308, 318(4), 319, 340",,yes,not_reported,not_yet_adjudicated,"Four bail applications, including regular and anticipatory bail pleas, were dismissed on 22 April 2026.","A Delhi senior citizen was moved from an Airtel impersonation call into a sustained digital-arrest narrative involving Mumbai Police and CBI identities, a purported arrest warrant and terror-funding accusations. He transferred INR 229.2 million. The order provides strong evidence of downstream bank/SIM/account infrastructure while leaving original-caller identity separate.","Large-loss case retained despite category cap because it offers rich downstream communications and mule-account evidence. Second-pass source, coding, procedural-posture and privacy audit completed 2026-08-26. v0.2.0 full-corpus source-to-code re-audit completed 2026-09-04."
SEIAI-0015,reviewed,0.2.0,Hamzah,2026-09-04,RBI and Mumbai Police 11-hour digital-arrest fraud,2024-12-07,2024-12-16,2024,Haryana,Panipat,not_reported,SRC-SEIAI-0015-01,T1,bail_order,High Court of Punjab and Haryana,"FIR No.264/2024, P.S. Cyber Crime, Panipat",trial,digital_arrest,bank_impersonation,phone,whatsapp; video_call,Phone / WhatsApp,bank_or_financial_institution,"Reserve Bank of India official, Mumbai Police and Enforcement Directorate identities",individual,personal banking,not_reported,not_reported,,On 7 December 2024 the complainant received a phone call from a person falsely representing himself as an RBI official.,"The caller said a credit card had been fraudulently issued using the complainant’s documents in a INR 2 crore fraud; a later WhatsApp video caller posed as Mumbai Police, placed him under digital arrest, used threats and a forged National Emblem document, and later callers also impersonated Enforcement Directorate officials.",yes,yes,yes,yes,not_reported,not_reported,yes,yes,Approximately 11 hours 37 minutes of video surveillance plus threats to the complainant and family amplified coercion.,Remain under video surveillance and transfer INR 1 crore to avoid purported arrest/consequences.,"The complainant made three RTGS transfers of INR 65 lakh, INR 23 lakh and INR 12 lakh.",not_reported,not_reported,,10000000,bank_transfer,yes,,yes,yes,yes,not_reported,not_reported,yes,not_reported,not_reported,not_reported,not_reported,not_reported,"Bank records, account-holder investigation, allegations of forged account-opening signatures and account-credential facilitation.",not_reported,not_reported,not_reported,"Applicant’s alleged role in facilitating or manipulating beneficiary-account infrastructure, not original digital-arrest callers.",bank_account_or_money_flow,witness_or_statement,moderate,"The source provides a developed financial/account-facilitation case but does not directly identify the applicant as the RBI, police or ED impersonator.","One beneficiary account holder alleged a bank relationship manager used his account without knowledge and forged signatures, illustrating possible separation between nominal account holder and actual controller.",Provider/device attribution for the digital-arrest WhatsApp numbers and direct evidence tying victim-facing identities to the downstream account network.,"BNS 308(2), 318(2), 318(4), 336(2), 336(3), 351(4), 61(2); BNS 238(a), 241 added later",,yes,yes,not_yet_adjudicated,Regular bail dismissed on 30 March 2026; observations expressly not to influence trial.,"A Haryana complainant was first contacted by a fake RBI official and then kept on a Mumbai Police WhatsApp video call for about 11 hours 37 minutes under a digital-arrest pretext. Threats, a forged official-looking document and later ED impersonation induced INR 10 million in transfers. The order describes a downstream bank-account facilitation trail distinct from the original callers.","The source itself distinguishes victim-facing impersonation from account-opening and bank-facilitation roles. Second-pass source, coding, procedural-posture and privacy audit completed 2026-08-26. v0.2.0 full-corpus source-to-code re-audit completed 2026-09-04."
SEIAI-0016,reviewed,0.2.0,Hamzah,2026-09-04,BlackRock investment-learning group and Angel One account fraud,2024-01-09,,2024,Delhi,New Delhi,not_reported,SRC-SEIAI-0016-01,T1,bail_order,Delhi High Court,"FIR No.13/2024, P.S. Cyber West Delhi",investigation,investment_fraud,,whatsapp,social_media; website,WhatsApp,investment_advisor,Indian Stock Investment Learning Group allegedly founded by BlackRock Capital; purported Angel One institutional account,investor,retail investment,not_reported,not_reported,,On 9 January 2024 the complainant encountered a social-media advertisement and link for an Indian Stock Investment Learning Group allegedly founded by BlackRock Capital.,"After joining the El BlackRock Stocks Pull Up Group on WhatsApp and observing activity for about 15 days, the complainant was invited to open an institutional account in Angel One, upload identity details and invest; withdrawal later required a 30% commission paid separately.",yes,no,yes,yes,not_reported,not_reported,not_reported,yes,Brand borrowing and a 15-day observation period created legitimacy and social proof before financial commitment.,"Open the purported institutional investment account, submit identity details, invest progressively, and later pay a 30% withdrawal commission.","The complainant invested INR 49,60,000 and refused the additional commission demand.",no,not_reported,,4960000,bank_transfer,yes,,not_reported,not_reported,yes,not_reported,not_reported,yes,not_reported,yes,not_reported,not_reported,not_reported,,not_reported,not_reported,not_reported,Applicant-linked proprietorship account that received INR 42 lakh from the focal cheated amount.,bank_account_or_money_flow,,moderate,The source states the applicant did not directly communicate with the complainant and may have occupied a downstream financial role; original group/app operators remain separate.,The applicant claimed he was himself duped and that no WhatsApp chat connected him to the scheme.,"Direct control evidence for the BlackRock-branded group, linked website/application and purported Angel One account, plus knowledge evidence for downstream account holders.",IPC 420,,yes,yes,not_yet_adjudicated,Regular bail dismissed on 28 April 2026; ongoing investigation noted.,"A Delhi investor observed a BlackRock-branded WhatsApp investment group for around 15 days, then submitted identity details and invested INR 4.96 million through a purported Angel One institutional-account workflow. Withdrawal was conditioned on a 30% commission. INR 4.2 million of the cheated amount was traced to the applicant’s proprietorship account, but direct victim-facing inducement by the applicant was not shown.","Credential_compromise is coded yes in the limited sense that Aadhaar/PAN and login-related personal details were submitted to the fake workflow; the source does not establish misuse beyond collection. Audit correction: Aadhaar/PAN and mobile-number submission is treated as identity/KYC data disclosure, not compromise of an OTP, password, PIN or authentication secret. Second-pass source, coding, procedural-posture and privacy audit completed 2026-08-26. v0.2.0 full-corpus source-to-code re-audit completed 2026-09-04."
SEIAI-0017,reviewed,0.2.0,Hamzah,2026-09-04,"TRAI, Mumbai Police and fake CBI Court digital-arrest fraud",2025-09-28,2025-10-02,2025,Rajasthan,Chittorgarh,not_reported,SRC-SEIAI-0017-01,T1,bail_order,"Rajasthan High Court, Jodhpur","FIR No.13/2025, Cyber Police Station Chittorgarh",trial,digital_arrest,government_impersonation,phone,whatsapp; video_call,Phone / WhatsApp,government_official,"TRAI officer, New Delhi PRO, Mumbai Police and purported CBI Court",individual,household / personal finance,not_reported,not_reported,,On 28 September 2025 the complainant received a phone call from a woman claiming to be a TRAI officer.,"The caller said a SIM purchased in the complainant’s name had been used to threaten 24 people; he was escalated through a supposed New Delhi PRO to Mumbai Police, then told on WhatsApp video that a CBI case linked him to a INR 53 crore cybercrime. A fraudulent CBI Court order was shown.",yes,yes,yes,yes,not_reported,not_reported,yes,yes,,Remain on the official-looking call with his wife and deposit funds pursuant to the purported CBI Court order.,"The complainant transferred INR 27,80,000.",not_reported,not_reported,,2780000,bank_transfer,yes,7,yes,yes,yes,not_reported,yes,yes,not_reported,not_reported,not_reported,not_reported,not_reported,"Seized phone/SIM and net-banking documents, device/account associations and bank transfers into multiple second-layer accounts.",not_reported,not_reported,not_reported,"Applicant’s alleged device/account role in the financial and communications network, distinct from the original TRAI/police/CBI impersonators.",device_possession_or_forensics,bank_account_or_money_flow,moderate,The bail source supports downstream device/account association but does not directly establish that the applicant was a victim-facing caller.,Association with a device/account or login does not by itself establish who spoke to the complainant or the scope of each participant’s knowledge.,Authenticated WhatsApp/provider records and forensic account artifacts linking the fake CBI Court communication to a human operator.,BNS 318(4); IT Act 66D,,yes,not_reported,not_yet_adjudicated,Bail application dismissed on 10 June 2026.,"A Rajasthan complainant was moved from a fake TRAI call through supposed police and CBI authorities, shown a fraudulent CBI Court order and told he and his wife were under digital arrest. He transferred INR 2.78 million. The public bail record contains downstream bank/device evidence, but original caller attribution remains distinct.","Known account count reflects seven accounts to which the focal amount was split according to the public court record. Second-pass source, coding, procedural-posture and privacy audit completed 2026-08-26. v0.2.0 full-corpus source-to-code re-audit completed 2026-09-04."
SEIAI-0018,reviewed,0.2.0,Hamzah,2026-09-04,Equity Hub 41 and ACT ALPHA fake investment fraud,2025-02-23,,2025,Odisha,Bhubaneswar,not_reported,SRC-SEIAI-0018-01,T1,bail_order,Orissa High Court,Cyber Crime CID P.S. Case No.12/2025; C.T. Case No.583/2025,trial,investment_fraud,,whatsapp,app,WhatsApp / ACT ALPHA,investment_advisor,Stock-market experts and ACT ALPHA representatives claiming a SEBI-registered platform,investor,retail investment,not_reported,not_reported,,On 23 February 2025 the complainant joined a WhatsApp group named Equity Hub 41.,"People in the group posed as stock-market experts and ACT ALPHA representatives, represented the platform as SEBI registered, promised high returns and displayed lucrative pre-trading/share allocations.",yes,no,yes,yes,not_reported,not_reported,not_reported,yes,Borrowed regulatory legitimacy and displayed portfolio/share allocations encouraged continued investment using savings and loans.,Invest through the purported platform and make repeated transfers to designated bank accounts.,"The informant initially invested INR 50,000 and ultimately transferred INR 5.14 crore in 54 transactions to eight bank accounts.",not_reported,not_reported,,51400000,bank_transfer,yes,8,not_reported,not_reported,yes,not_reported,not_reported,yes,not_reported,not_reported,not_reported,not_reported,not_reported,,not_reported,not_reported,not_reported,Petitioners’ alleged role in opening/permitting use of accounts through which portions of the cheated funds were routed.,bank_account_or_money_flow,,limited,The High Court noted the specific allegation was mainly permitting use of accounts; there was no material showing personal withdrawal or direct pecuniary benefit by the petitioners.,Petitioners argued the accounts were opened at another person’s instigation and operated by others; same-day onward transfers are consistent with a mule-account role but do not establish victim-facing inducement.,"Evidence establishing account control and knowledge, and direct linkage between the WhatsApp/ACT ALPHA operators and the downstream accounts.","BNS 318(2), 319(2), 336(2), 336(3), 338, 340(2), 61(2), 3(5); IT Act 66C, 66D",,yes,yes,not_yet_adjudicated,Bail granted on 12 May 2026 after investigation and charge sheet.,"An Odisha investor joined Equity Hub 41, where people claiming to represent ACT ALPHA and a SEBI-registered investment platform induced him to transfer INR 51.4 million in 54 transactions. The bail record provides a rich attack narrative but describes the petitioners mainly as account facilitators, so incident-level attribution is coded limited.","This case is retained specifically because it illustrates how a very large victim loss can coexist with relatively narrow accused-specific public evidence. Second-pass source, coding, procedural-posture and privacy audit completed 2026-08-26. v0.2.0 full-corpus source-to-code re-audit completed 2026-09-04."
SEIAI-0019,reviewed,0.2.0,Hamzah,2026-09-04,Franklin Templeton impersonation and SENDS INV investment fraud,,,2025,Gujarat,Rajkot,not_reported,SRC-SEIAI-0019-01,T1,bail_order,Gujarat High Court,"FIR C.R. No.11208057260009/2026, Cyber Crime P.S. Rajkot City",trial,investment_fraud,,whatsapp,app,WhatsApp / SENDS INV,investment_advisor,Employees of Franklin Templeton Group in A13 Stock Sharing Group,investor,retail investment,not_reported,not_reported,,The complainant was added to a WhatsApp group named A13 Stock Sharing Group by persons allegedly impersonating employees of Franklin Templeton Group.,The group promised high returns from stock-market trading and induced the complainant to download the SENDS INV application and transfer funds into designated accounts.,yes,no,yes,yes,not_reported,not_reported,not_reported,yes,Use of a well-known investment brand and a dedicated app created institutional legitimacy.,Download SENDS INV and transfer investment funds to supplied accounts.,The complainant transferred INR 87.20 lakh and received neither the amount nor the promised benefit.,not_reported,not_reported,,8720000,bank_transfer,yes,,not_reported,not_reported,yes,not_reported,not_reported,yes,not_reported,not_reported,not_reported,not_reported,not_reported,,not_reported,not_reported,not_reported,Applicant-associated NGO bank account that allegedly received INR 9.75 lakh from the focal complainant and commission from cyber-fraud proceeds.,bank_account_or_money_flow,,moderate,"The source provides direct financial linkage to the applicant-associated account but does not establish that the applicant operated the Franklin Templeton identity, WhatsApp group or SENDS INV application.",The account was jointly operated by NGO office bearers and the applicant disputed knowledge/connection to the broader fraud.,App/WhatsApp control records and device/platform evidence connecting the victim-facing identities to the downstream recipient network.,BNS 318(4); IT Act 66D,,yes,yes,not_yet_adjudicated,Successive regular-bail application after charge sheet dismissed on 3 August 2026.,"A Gujarat complainant was added to a Franklin Templeton-branded WhatsApp investment group, induced to install SENDS INV and transferred INR 8.72 million. The court record links INR 975,000 from the complainant to an NGO account associated with the applicant and notes many NCRP complaints against that account, but victim-facing operator identity remains separate.","The source reports 21 NCRP complaints connected with the NGO account; these are contextual and are not counted as separate Atlas incidents here. Second-pass source, coding, procedural-posture and privacy audit completed 2026-08-26. v0.2.0 full-corpus source-to-code re-audit completed 2026-09-04."
SEIAI-0020,reviewed,0.2.0,Hamzah,2026-09-04,Multi-agency family digital-arrest fraud with account credential elicitation,2025-11-03,2025-11-13,2025,Gujarat,Gandhinagar,not_reported,SRC-SEIAI-0020-01,T1,bail_order,Gujarat High Court,"FIR C.R. No.11201018260003/2026, CID Cyber Crime, Gandhinagar",trial,digital_arrest,government_impersonation,whatsapp,video_call; phone,WhatsApp,government_official,"Telecom Department, Tilaknagar Police Mumbai, Enforcement Directorate and CBI; forged notices and arrest order",individual,household / personal finance,not_reported,unknown,,The complainant and family were drawn into WhatsApp communications with people impersonating multiple government and law-enforcement bodies.,"The perpetrators used forged law-enforcement and financial-crime documents, purported PMLA/FEMA action and continuous WhatsApp video surveillance to claim the complainant was under investigation and digital arrest.",yes,yes,yes,yes,not_reported,not_reported,yes,yes,"The complainant, wife and daughter were kept under sustained digital surveillance; the scheme escalated to eliciting banking credentials and stock details.","Remain under video surveillance, disclose banking credentials and investment information, sell shares, and transfer funds under purported official control.","The family complied with surveillance and financial instructions; the complainant’s accounts/stocks were used to transfer or extort INR 2,30,70,620.",yes,not_reported,,23070620,bank_transfer,yes,,yes,yes,yes,not_reported,yes,yes,not_reported,not_reported,not_reported,not_reported,yes,"OTP forwarding allegations, transaction SMS, CDR showing repeated co-accused contact, seized phone/SIM sent to FSL and suspicious account turnover.",not_reported,not_reported,not_reported,Applicant’s alleged control/operation of an Amigo Marine Services bank account and OTP forwarding to co-accused.,multiple_independent_sources,cdr_or_telecom_record,moderate,"The source itself notes no material showing the applicant made the WhatsApp calls, impersonated officers, sent forged documents or directly induced the complainant; his alleged role is downstream financial facilitation.",Forwarding OTPs/account association may establish a financial facilitation role without proving participation in the initial social-engineering interaction; knowledge and intent remain trial issues.,Direct platform/device attribution of the victim-facing WhatsApp accounts and evidence linking those operators to the financial-facilitation layer.,"BNS 308(6), 127(2), 127(4), 336(3), 337, 340(2), 61(2); IT Act 66C, 66D",,yes,yes,not_yet_adjudicated,Regular bail after charge sheet dismissed on 14 July 2026; trial court directed to expedite trial.,"A Gujarat complainant, his wife and daughter were kept under WhatsApp video surveillance while fraudsters impersonated telecom, police, ED and CBI officials and used forged documents. Banking credentials and stock information were elicited and INR 23.07 million was lost. The applicant was linked through a beneficiary account, OTP forwarding, CDRs and a seized phone/SIM, but not directly to the original impersonation.","This case is especially useful for the Atlas hypothesis that downstream financial/telecom evidence may be substantially richer than original social-engineering operator attribution. Second-pass source, coding, procedural-posture and privacy audit completed 2026-08-26. v0.2.0 full-corpus source-to-code re-audit completed 2026-09-04."
SEIAI-0021,reviewed,0.2.0,Hamzah,2026-09-04,Daiwa Securities WhatsApp and Telegram investment fraud,,,2024,Haryana,Gurugram,not_reported,SRC-SEIAI-0021-01,T1,bail_order,High Court of Punjab and Haryana,"FIR No.342/2024, P.S. Cyber Crime, Gurugram",trial,investment_fraud,,phone,whatsapp; telegram; website,Phone / WhatsApp / Telegram,investment_advisor,Persons identifying as Chandra Takal and Sarah Smith associated with Daiwa Securities,investor,retail investment,not_reported,not_reported,,The complainant was telephonically contacted by people claiming to be associated with Daiwa Securities.,The callers created WhatsApp and Telegram groups under Reserve A3 Unifield Layout Plan for Bankers and directed the complainant to open an account on m.dwa-ai.com for stock-market investing.,yes,no,yes,yes,not_reported,not_reported,not_reported,yes,"Borrowed brokerage identity, multi-platform communication and a dedicated website created apparent legitimacy.",Open the online account and transfer investment funds to accounts specified by the operators.,The complainant transferred INR 1.98 crore from three bank accounts into eight receiving accounts.,not_reported,not_reported,,19800000,bank_transfer,yes,8,not_reported,not_reported,yes,not_reported,not_reported,yes,not_reported,not_reported,not_reported,not_reported,not_reported,,not_reported,not_reported,not_reported,Applicant’s alleged downstream role through a business account that received a portion of the cheated funds.,bank_account_or_money_flow,,limited,The petition itself emphasized there was no allegation that the applicant induced the complainant; the public evidence places him in the financial trail rather than the victim-facing communications.,"Applicant argued the business account was legitimate and was merely used by fraudsters, and that a settlement with the complainant reduced need for custody.",Evidence of knowledge/control showing how the applicant’s account came to be used and direct platform/device evidence for the Daiwa-branded operators.,"BNS 318(4), 61(2); IT Act 66D",,not_reported,yes,not_yet_adjudicated,Pre-arrest bail petition dismissed on 9 February 2026.,"A Gurugram victim was approached by people claiming Daiwa Securities affiliation and moved into WhatsApp/Telegram groups and a dedicated website, ultimately transferring INR 19.8 million into eight accounts. The source offers a detailed financial trail but the applicant’s alleged role is downstream and account-based rather than direct inducement.","Attribution coded limited because the order itself foregrounds the distinction between victim-facing inducement and downstream account use. Second-pass source, coding, procedural-posture and privacy audit completed 2026-08-26. v0.2.0 full-corpus source-to-code re-audit completed 2026-09-04."
SEIAI-0022,reviewed,0.2.0,Hamzah,2026-09-04,Global Telegram work-from-home review scam,2025-03-12,2025-03-20,2025,Chhattisgarh,Durg,not_reported,SRC-SEIAI-0022-01,T1,bail_order,Chhattisgarh High Court,"Crime No.110/2025, P.S. Old Bhilai, Durg",trial,job_fraud,,telegram,website,Telegram / Global,recruiter,Chaya P offering work-from-home review/rating tasks,job_seeker,work-from-home tasks,not_reported,not_reported,,"On 12 March 2025 the complainant received a Telegram message from Chaya P offering work-from-home review/rating work with INR 800–1,200 daily earnings and no joining fee.","The complainant registered through a link with a company called Global, received an initial INR 10,000 bonus and INR 5,000 task payment, and was then told to make successive deposits to withdraw the displayed earnings.",no,no,yes,yes,not_reported,yes,not_reported,yes,Real initial payouts and bonuses seeded trust before the withdrawal path was converted into escalating deposit requirements.,Complete online tasks and make increasingly large deposits to unlock withdrawal of the displayed balance.,"The complainant deposited INR 3,13,444 and stopped when asked for another INR 5 lakh.",not_reported,not_reported,,313444,bank_transfer,yes,,yes,not_reported,yes,not_reported,not_reported,yes,not_reported,not_reported,not_reported,not_reported,not_reported,,not_reported,not_reported,not_reported,Applicant’s alleged role supplying his own and other people’s bank accounts/SIMs for receipt and routing of cheated amounts.,bank_account_or_money_flow,sim_or_subscriber_record,moderate,The source connects the applicant to account/SIM facilitation but does not establish he operated the Telegram recruiter identity or Global task interface.,A financial-facilitation role could be narrower than design or operation of the social-engineering workflow.,Direct platform/device evidence for the recruiter and task-system identities and communications tying those operators to the mule-account supply chain.,"BNS 318(4), 336(3), 338, 340(2), 61; IT Act 66D",,yes,yes,not_yet_adjudicated,Second regular-bail application allowed on 19 February 2026 after compromise/refund and filing of charge sheet.,"A Chhattisgarh victim was recruited over Telegram for no-fee review work, received real initial bonuses, and then was required to deposit progressively larger sums to withdraw earnings, losing INR 313,444. The applicant was linked to bank-account and SIM supply rather than the original recruiter identity, illustrating separation of social-engineering and financial roles.","Refund/compromise affected bail outcome but does not alter coding of the original incident mechanics. Second-pass source, coding, procedural-posture and privacy audit completed 2026-08-26. v0.2.0 full-corpus source-to-code re-audit completed 2026-09-04."
SEIAI-0023,reviewed,0.2.0,Hamzah,2026-09-04,COS Telegram work-from-home investment task fraud,2025-08-23,2025-09-03,2025,Odisha,Chandikhole,not_reported,SRC-SEIAI-0023-01,T1,bail_order,Orissa High Court,Cyber Crime P.S. Case No.27/2025; C.T. Case No.1774/2025,trial,job_fraud,investment_fraud,telegram,website,Telegram / COS,recruiter,Work-from-home recruiter using Telegram and COS (Collection of Style),job_seeker,work-from-home tasks,not_reported,not_reported,,On 23 August 2025 the victim received a Telegram work-from-home offer and was introduced to COS through a Telegram identity and referral code.,"The victim joined a group displaying others’ earnings, invested INR 10,000, successfully withdrew INR 38,800, and was then encouraged to transfer much larger amounts while the platform displayed profits exceeding INR 1.2 crore.",no,no,yes,yes,not_reported,yes,not_reported,yes,Social proof plus a successful initial withdrawal created strong trust before escalation; withdrawal of the larger balance was conditioned on an undisclosed VIP secure-transfer payment.,"Register, invest in repeated task/investment transactions, and finally pay an additional INR 36 lakh to release the displayed balance.","The victim transferred INR 73,56,354 in 14 transactions and did not pay the additional INR 36 lakh demand.",not_reported,not_reported,,7356354,bank_transfer,unknown,,not_reported,not_reported,yes,not_reported,not_reported,yes,not_reported,not_reported,not_reported,not_reported,not_reported,,not_reported,not_reported,not_reported,Petitioner’s role in the charged network; the brief bail order contains limited accused-specific evidence.,unclear,,unclear,The public bail order contains a rich victim narrative but little detail describing the evidentiary basis for the petitioner’s role.,The petitioner was not named in the FIR and asserted false implication; the source does not allow a granular role assessment.,Applicant-specific bank/device/platform evidence and control records for the COS/Telegram identities.,"BNS 318(2), 318(4), 319(2), 336(2), 336(3), 338, 340(2), 61(2), 3(5); IT Act 66C, 66D",,yes,yes,not_yet_adjudicated,Bail granted in the order dated 6 May 2026; charge sheet had been filed on 15 April 2026.,"An Odisha victim was recruited over Telegram into a COS work-from-home scheme, saw apparent earnings by others and successfully withdrew a small initial profit. He then transferred INR 7.356 million in 14 transactions before an additional INR 3.6 million fee was demanded for withdrawal. Attribution remains unclear in this source because applicant-specific evidence is sparse.","The order header contains an internal date artefact showing 06.05.2025, while the case number, digital signature and Indian Kanoon publication identify the order as 6 May 2026; publication_date coded 2026-05-06. Second-pass source, coding, procedural-posture and privacy audit completed 2026-08-26. v0.2.0 full-corpus source-to-code re-audit completed 2026-09-04."
SEIAI-0024,reviewed,0.2.0,Hamzah,2026-09-04,Bajaj Finance HR impersonation and review-task fraud,2025-08-10,,2025,Haryana,Ambala,not_reported,SRC-SEIAI-0024-01,T1,bail_order,High Court of Punjab and Haryana,"FIR No.0069/2025, P.S. Cyber Crime Ambala",investigation,job_fraud,,whatsapp,telegram; website,WhatsApp / Telegram,recruiter,"Elakshi Bhatia, purported part-time recruitment HR for Bajaj Finance",job_seeker,part-time online work,not_reported,not_reported,,On 10 August 2025 a WhatsApp message offered part-time work from a person identifying herself as HR recruitment staff for Bajaj Finance.,"The scheme offered INR 210 for simple five-star restaurant/hotel reviews and daily earnings of INR 4,000–14,000, then moved the victim to Telegram, paid a small amount, and escalated to merchant/welfare tasks requiring deposits.",yes,no,yes,yes,not_reported,yes,not_reported,yes,"Brand impersonation, scripted task rules and small real salary payments created employer-like legitimacy before payment escalation.","Complete rating tasks, register with Telegram receptionists/tutors and make deposits for higher-value task orders.","The victim completed tasks, received small payments and then made multiple deposits; the court record enumerates many payments but does not provide a single reliable normalized total in the passages coded.",not_reported,not_reported,,,multiple,yes,,not_reported,not_reported,yes,not_reported,not_reported,yes,not_reported,not_reported,not_reported,not_reported,not_reported,,not_reported,not_reported,not_reported,"Applicant’s alleged downstream account role; INR 35,000 from the complainant was stated to have been sent directly to his account.",bank_account_or_money_flow,,limited,"The applicant is linked to a payment account, but the source does not establish he was the Bajaj Finance recruiter or Telegram operator who induced the victim.",Account receipt can support a financial-role inference without establishing authorship of the social-engineering communications.,Complete money-flow reconstruction plus device/platform evidence connecting the recruiter/receptionist/tutor identities to downstream recipients.,"BNS 316(2), 318(4)",,not_reported,not_reported,not_yet_adjudicated,Anticipatory bail petition dismissed on 19 February 2026; investigation described as ongoing.,"A Haryana victim was recruited through a WhatsApp identity claiming Bajaj Finance HR, shifted to Telegram, paid small sums for five-star review tasks and then induced into progressively larger paid tasks. The source lists numerous deposits and a direct INR 35,000 payment into the applicant’s account, but no single loss total was normalized for the Atlas because the public order does not state one clean aggregate.","financial_loss_inr intentionally left blank rather than researcher-summing a long enumerated complaint. This preserves source discipline and tests whether missing loss remains workable in the schema. Second-pass source, coding, procedural-posture and privacy audit completed 2026-08-26. v0.2.0 full-corpus source-to-code re-audit completed 2026-09-04."
SEIAI-0025,reviewed,0.2.0,Hamzah,2026-09-04,Facebook-to-Telegram hotel-rating task fraud,2025-06-01,2025-06-06,2025,Haryana,Hisar,not_reported,SRC-SEIAI-0025-01,T1,bail_order,High Court of Punjab and Haryana,"FIR No.274/2025, P.S. Hisar City",trial,job_fraud,,facebook,telegram,Facebook / Telegram,recruiter,Online task/review recruiters including Mavelyn and Ankit Rathod identities,job_seeker,online rating tasks,not_reported,no,,On 1 June 2025 the complainant clicked a Facebook advertisement and was moved into Telegram groups offering payment for five-star hotel-rating tasks.,"Tasks 1–6 were free; later tasks required investment. A supposed teacher and stock-exchange group offered predictable profits, made a successful small payout, and then claimed an investment mistake had frozen the account and required additional deposits.",no,no,yes,yes,not_reported,yes,not_reported,yes,Successful small returns and structured numbered tasks created procedural legitimacy; a false account-freeze problem converted sunk cost into further payments.,Complete rating tasks and make staged investments/deposits to continue and unfreeze the account.,"The complainant transferred a total of INR 65,200 before realizing the fraud.",not_reported,not_reported,,65200,bank_transfer,yes,,not_reported,not_reported,yes,not_reported,not_reported,yes,not_reported,yes,not_reported,not_reported,not_reported,,not_reported,not_reported,not_reported,"Petitioner’s alleged role arranging bank accounts, ATM cards and linked mobile numbers for the fraud network.",bank_account_or_money_flow,co_accused_link,moderate,"The applicant-specific evidence concerns account procurement/facilitation, not direct operation of the Facebook ad or Telegram task identities.",The applicant disputed involvement and relied on the documentary nature of the transactions; direct victim-facing communication was not attributed to him.,Device/chat evidence directly linking the account-procurement layer to the Telegram operators and showing knowledge of the fraud purpose.,"BNS 318(4), 61",,not_reported,yes,not_yet_adjudicated,Anticipatory bail dismissed on 23 April 2026; charges had been framed against several co-accused.,"A Facebook advertisement moved a Haryana victim into Telegram hotel-rating tasks. Free tasks and a successful small payout built trust before paid tasks escalated and a false account-freeze claim triggered further deposits, producing INR 65,200 loss. The applicant was linked to procurement of bank accounts and related access materials rather than the original social-engineering identities.","A useful lower-loss case showing the same trust-seeding/sunk-cost mechanism seen in much larger task scams. Second-pass source, coding, procedural-posture and privacy audit completed 2026-08-26. v0.2.0 full-corpus source-to-code re-audit completed 2026-09-04."
SEIAI-0026,reviewed,0.2.0,Hamzah,2026-09-04,Fake Army Major marriage and financial exploitation case,,,2025,Chandigarh,Chandigarh,not_reported,SRC-SEIAI-0026-01,T1,bail_order,High Court of Punjab and Haryana,"FIR No.12/2025, P.S. Crime Branch, Chandigarh",trial,romance_fraud,government_impersonation,multiple,phone; in_person,Relationship / phone / ATM card,government_official,Indian Army Major under the name Major Ganesh Dahiya,individual,personal relationship,not_reported,not_reported,,The public record describes the applicant allegedly presenting himself as an Army Major and developing a relationship with the complainant.,"The alleged Army-officer identity and marriage pretext were used to gain trust; the complainant alleged a gold ring was obtained, INR 4 lakh was transferred, and further money was withdrawn using her ATM card.",yes,not_reported,not_reported,yes,not_reported,yes,not_reported,yes,Military status and marriage promise combined authority/prestige with relational trust.,Provide money/property and allow access to financial resources within the purported relationship.,"The complainant allegedly transferred INR 4,00,000, provided a gold ring and suffered additional ATM withdrawals that are not normalized into the focal loss field.",not_reported,not_reported,,400000,multiple,no,,yes,yes,yes,not_reported,yes,not_reported,not_reported,not_reported,not_reported,not_reported,not_reported,"Army-uniform articles recovered, damaged mobile phone recovered, complainant statement and CDR analysis.",not_reported,not_reported,not_reported,Applicant alleged to have personally impersonated an Army Major and induced the complainant.,multiple_independent_sources,witness_or_statement,moderate,"The source is a bail order, not a final finding; disclosure/recovery and complainant allegations remain subject to trial.",The applicant alleged false implication arising from disputes with police officials and contested the legality/background of his arrest.,Completed forensic examination of recovered/damaged devices and authenticated communications documenting the alleged impersonation and financial requests.,"BNS 318, 319; BNS 204, 205, 238, 168 added subsequently",,yes,not_reported,not_yet_adjudicated,Regular bail dismissed on 5 March 2026.,"A Chandigarh complainant alleged that a man posing as an Army Major used military identity and a marriage pretext to build trust, obtain a gold ring, receive INR 400,000 and misuse an ATM card. CDR analysis and recovered uniform/device material provide multiple evidence streams, but the source remains a bail-stage record rather than a final adjudication.","Only the explicit INR 400,000 transfer is normalized as financial_loss_inr; additional alleged ATM withdrawals are not added without a single source-stated total. Second-pass source, coding, procedural-posture and privacy audit completed 2026-08-26. v0.2.0 full-corpus source-to-code re-audit completed 2026-09-04."
SEIAI-0027,reviewed,0.2.0,Hamzah,2026-09-04,Facebook-to-WhatsApp romance deception and sexual extortion,,,2019,Tamil Nadu,Nagercoil,not_reported,SRC-SEIAI-0027-01,T1,appellate_judgment,"Madras High Court, Madurai Bench",Crl.A(MD) No.644/2023; S.C. No.41/2021,appeal,romance_fraud,sextortion,facebook,whatsapp; in_person,Facebook / WhatsApp,romantic_or_social_identity,Romantic suitor using employment and marriage assurances,job_seeker,personal relationship / employment,yes,yes,The appellate court found that after Facebook contact the accused gathered information about the victim’s family background and personal circumstances and exploited her employment-related vulnerability.,The accused initiated contact through Facebook and persisted after the victim initially declined the friend request.,"He offered help securing employment while presenting himself as a genuine romantic suitor intending marriage, shifted communication to WhatsApp, and later used clandestinely recorded intimate material for coercion and threats of social-media publication.",no,yes,no,yes,not_reported,yes,yes,yes,"Persistent contact, employment assistance, marriage assurance, migration to private messaging and intimate-material threats created progressive emotional control.",Maintain private communication/relationship and comply with demands under threats that intimate material would be circulated.,The victim accepted communication after repeated persuasion and later complied under coercion; no focal monetary loss is normalized.,not_reported,not_reported,,,not_applicable,not_applicable,,yes,not_reported,not_applicable,not_reported,yes,yes,not_reported,yes,not_reported,not_reported,yes,"Seized Apple MacBook and other devices, FSL cloning/extraction, expert reports, victim identification of recovered material and judicial discussion of authenticity/tampering/Section 65B.",yes,yes,yes,Convicted appellant as the social-engineering and coercive actor.,multiple_independent_sources,device_possession_or_forensics,strong,"The judgment provides unusually strong adjudicated attribution, but the Atlas still limits the record to what this judgment establishes and avoids republishing sensitive source material.","The defence challenged consent, device/evidence chain, possible manipulation and Section 65B issues; the appellate court rejected these arguments after detailed evidentiary analysis.",No major attribution gap remains at the level of the convicted appellant; platform-side records could add source redundancy but are not necessary to the final judicial finding.,"IPC 376(2)(n), 417, 354A, 294(b), 354C; IT Act 66E and other charged provisions as discussed in judgment",,yes,yes,convicted,Criminal appeal dismissed on 14 July 2026; trial-court conviction and sentence dated 14 June 2023 confirmed.,"A Madras High Court appellate judgment describes a social-engineering sequence beginning with persistent Facebook contact, false employment and marriage assurances, migration to private WhatsApp communication, and later coercion using clandestinely recorded intimate material. Unlike most Atlas cases, attribution is supported by a final conviction plus extensive seized-device and forensic evidence whose authenticity and preservation were expressly litigated and upheld.","Sensitive sexual details and unnecessary identifiers are deliberately omitted. This case is included for its exceptionally rich electronic-evidence authentication analysis and final adjudicatory posture. Second-pass source, coding, procedural-posture and privacy audit completed 2026-08-26. v0.2.0 full-corpus source-to-code re-audit completed 2026-09-04."
SEIAI-0028,reviewed,0.2.0,Hamzah,2026-09-04,Matrimonial relationship with alleged Army-officer impersonation,2024-10-01,2025-01-27,2024,Himachal Pradesh,Manali,not_reported,SRC-SEIAI-0028-01,T1,bail_order,Himachal Pradesh High Court,"Cr.MP(M) No.607/2025; FIR No.20/2025, P.S. Manali",trial,romance_fraud,government_impersonation,multiple,social_media; phone; in_person,Matrimonial profile / social media,government_official,Alleged former/currently associated Indian Army officer with special-mission claims,individual,matrimonial relationship,yes,yes,The parties were introduced through a matrimonial context and the applicant allegedly supplied detailed personal/property/professional representations and Army-uniform media to build trust.,"The complainant, who had created a matrimonial profile, was introduced to the applicant as a divorced man looking to remarry and was contacted on 1 October 2024.","The complainant alleged the applicant represented himself as an Army officer/former officer on special assignments, shared photographs/videos in uniform, made property/business claims and expressed a desire to marry, then repeatedly requested money for hotel/business needs.",yes,yes,not_reported,yes,not_reported,yes,no,yes,"Military prestige, marriage intent, asserted assets and personal vulnerability formed the trust structure; later allegations included pressure/blackmail.",Provide money for alleged business/financial needs and continue the relationship on the stated marriage premise.,The complaint alleged INR 8.15 lakh provided in cash and electronic payments; police status reports later described INR 4.15 lakh through Google Pay/cheque and return of that amount.,not_reported,not_reported,,,multiple,no,,yes,not_reported,yes,not_reported,yes,not_reported,not_reported,yes,no,not_reported,yes,Mobile sent to RFSL; service-provider subscriber information; missing hotel CCTV because backup retained only 15 days; Army dress sought for recovery.,not_reported,not_reported,not_reported,Applicant’s alleged personal identity representations and relationship conduct.,witness_or_statement,documentary_record,unclear,"The public source contains a material conflict between the complaint’s INR 8.15 lakh figure and the police status report’s INR 4.15 lakh electronic transfer figure, while core deception/relationship issues were explicitly left for trial.","The applicant characterized the matter as a civil/relationship dispute, said money had been repaid and disputed criminal intent; the court made anticipatory-bail protection absolute.",Completed RFSL/device analysis and independent evidence resolving the claimed Army identity/professional representations and the disputed financial chronology.,"BNS 69, 204, 318(4); zero FIR also referenced BNS 316(2), 318(4), 61, 64(2)(m)",,no,yes,not_yet_adjudicated,Interim anticipatory-bail protection made absolute on 25 July 2025 after the applicant joined investigation and charge sheet was filed.,"A matrimonially introduced relationship involved allegations that the applicant falsely presented himself as an Army officer, used uniform photographs/videos and marriage intentions to build trust, and repeatedly sought money. The source is analytically useful precisely because the financial figures conflict between the complaint and police status reports and the court left key relationship/deception questions for trial. The Atlas therefore does not normalize a single loss amount or overstate attribution.","financial_loss_inr intentionally blank because complaint states INR 815,000 while police status report states INR 415,000 through Google Pay/cheque and says it was returned. The conflict is preserved rather than reconciled by researcher inference. Second-pass source, coding, procedural-posture and privacy audit completed 2026-08-26. v0.2.0 full-corpus source-to-code re-audit completed 2026-09-04."
SEIAI-0029,reviewed,0.2.0,Hamzah,2026-09-04,OLX payment and UPI manipulation fraud,,,2022,Chandigarh,Chandigarh,not_reported,SRC-SEIAI-0029-01,T1,appellate_judgment,"State Consumer Disputes Redressal Commission, U.T. Chandigarh",Appeal No.208/2024; Consumer Complaint No.252/2023,judgment,marketplace_fraud,,multiple,olx; whatsapp,OLX / WhatsApp / UPI,other,"Purported OLX counterparty expected to send INR 8,000",online_seller_or_buyer,online marketplace,not_reported,no,,"The complainant expected an INR 8,000 payment from an individual who contacted him through OLX.","The OLX counterparty asked for UPI details or a scan-code interaction to facilitate receipt of payment, moved the interaction to WhatsApp, and sent a nominal INR 5 credit before unauthorized debits followed.",no,no,yes,yes,not_reported,yes,not_reported,not_reported,A small INR 5 credit functioned as a trust/verification signal immediately before larger unauthorized debits.,Share UPI information/perform the requested scan-code interaction to receive an expected marketplace payment.,"The complainant performed the requested UPI interaction and then saw four debits of INR 8,000, INR 8,000, INR 24,000 and INR 24,000.",not_reported,not_reported,,64000,upi,not_reported,,not_reported,not_reported,yes,not_reported,not_reported,yes,not_reported,not_reported,not_reported,not_reported,not_reported,,not_reported,not_reported,not_reported,Unknown OLX/WhatsApp counterparty; the adjudication focused on bank liability rather than offender identity.,,,not_assessed,The Commission did not identify or attribute the social-engineering interaction to a named offender; its decision concerned whether the disputed transactions were unauthorized and the bank’s customer-liability obligations.,The bank argued customer negligence/authorization; the Commission found the complainant had not shared OTP or bank account details and had reported promptly.,"Offender-side platform, UPI beneficiary, device and account records sufficient to identify/control-attribution the OLX/WhatsApp counterparty.",Consumer-protection/banking liability context; RBI circular dated 06.07.2017 discussed in decision,,not_applicable,not_applicable,not_applicable,"State Consumer Commission dismissed SBI’s appeal on 30 September 2024 and upheld refund of INR 64,000 with interest.","An OLX counterparty asked a Chandigarh complainant to share UPI details or scan a code so an expected INR 8,000 payment could be received. A nominal INR 5 credit was followed by four unauthorized debits totalling INR 64,000. The appellate consumer decision is valuable for reconstructing the manipulation and banking evidence, but it contains no offender attribution, so attribution is marked not assessed.","Included to broaden source stage and demonstrate that relevant social-engineering reconstruction can arise in civil/consumer adjudication, not only criminal bail orders. Audit correction: the focal manipulation is coded as marketplace_fraud without a secondary phishing label because the adjudicatory record does not establish credential harvesting, a deceptive login page, or OTP/PIN disclosure. Second-pass source, coding, procedural-posture and privacy audit completed 2026-08-26. v0.2.0 full-corpus source-to-code re-audit completed 2026-09-04."
SEIAI-0030,reviewed,0.2.0,Hamzah,2026-09-04,Microsoft and Amazon tech-support remote-access fraud network,2022-11-01,2024-04-30,2022,Delhi,Delhi / NCR,yes,SRC-SEIAI-0030-01,T1,bail_order,High Court of Punjab and Haryana,ECIR/GNZO/20/2024; CBI FIR RC2312024S0007,investigation,tech_support_fraud,customer_support_fraud,website,phone; remote_access,Fake pop-up / VoIP / TeamViewer / AnyDesk,customer_support,Microsoft and Amazon support identities; purported Federal Reserve safety accounts,individual,U.S. consumers,not_reported,not_reported,,Foreign victims were exposed to fake pop-up alerts purporting to be from Microsoft and prompted to call VoIP-based support numbers.,"Call-centre operators allegedly posed as Microsoft/Amazon support staff, persuaded victims to install TeamViewer or AnyDesk, falsely claimed computers and identities were compromised, and told victims to move funds to accounts purportedly managed by the Federal Reserve for protection.",yes,yes,yes,yes,not_reported,not_reported,not_reported,yes,Technical-support authority and fabricated account-compromise risk converted remote access into financial coercion.,"Call the support number, install remote-access software, grant computer access and transfer funds to purported protective Federal Reserve accounts.",Multiple U.S. victims allegedly granted remote access and transferred funds; the network was alleged to have defrauded victims of about US$15 million overall.,not_reported,yes,TeamViewer; AnyDesk,,bank_transfer,yes,,not_reported,not_reported,yes,yes,yes,not_reported,not_reported,not_reported,not_reported,not_reported,not_reported,"Call-centre search material, IPDR/FBI corroboration, financial/shell-entity trail, Hong Kong accounts, cryptocurrency and hawala allegations.",not_reported,not_reported,not_reported,Applicant’s alleged leadership/beneficiary role in the organized call-centre and money-laundering network.,multiple_independent_sources,bank_account_or_money_flow,moderate,The source is an anticipatory-bail/PMLA proceeding and describes allegations against a network; the Atlas does not treat those allegations as final findings of the applicant’s exact operational role.,Applicant contested ED allegations and sought pre-arrest protection; procedural findings about abscondence/proclamation do not substitute for final adjudication of the substantive fraud allegations.,"Final trial-stage findings tying specific victim-facing calls, remote sessions and financial movements to identified operators/roles across the network.","PMLA 2002; underlying CBI FIR references IPC 120B, 420, 467, 468, 471 and IT Act 66D",,not_reported,not_reported,not_yet_adjudicated,Anticipatory-bail petition dismissed on 17 August 2026; the applicant had been declared a proclaimed person in the underlying proceedings.,"An alleged Delhi/NCR tech-support network targeted U.S. victims with Microsoft/Amazon-branded pop-ups, VoIP support calls and remote-access tools such as TeamViewer and AnyDesk. Victims were told their systems and identities were compromised and were induced to move money to supposed Federal Reserve accounts. The order alleges about US$15 million in losses and a layered international laundering path, while applicant-specific guilt remains unadjudicated at this stage.","financial_loss_inr intentionally blank because the source states losses in U.S. dollars and the Atlas does not convert currency using researcher-selected exchange rates. Cross-border dimension coded yes. Audit correction: the order reports FBI/IP data, malware-related findings and seized digital records, but does not clearly report a formal forensic examination; the forensic-examination field is therefore not_reported. Second-pass source, coding, procedural-posture and privacy audit completed 2026-08-26. v0.2.0 full-corpus source-to-code re-audit completed 2026-09-04."
SEIAI-0031,reviewed,0.2.0,Hamzah,2026-09-04,Canada-relative and escalating emergency family impersonation fraud,2023-11-06,2023-11-28,2023,Haryana,Narnaund / Hansi,not_reported,SRC-SEIAI-0031-01,T1,bail_order,High Court of Punjab and Haryana,"FIR No.26/2023, Police Station Cyber Crime Hansi",trial,family_impersonation,vishing,phone,whatsapp,Phone / WhatsApp,family_or_friend,Purported father-in-law of the complainant’s Canada-based niece and associated relatives,individual,household / family network,unknown,unknown,"The caller knew that the complainant had a niece in Canada and used that real family connection, but the public order does not establish how the information was obtained.",On 6 November 2023 the complainant received a phone call from a person claiming to be the father-in-law of his niece who lived in Canada.,"The caller first claimed to be sending INR 10 lakh and supplied a false transaction image, then introduced repeated medical-emergency, death/body-release, debt-repayment and overseas-police-custody stories to obtain escalating transfers.",no,yes,yes,yes,no,yes,no,yes,"Kinship trust, sympathy, fabricated proof of an incoming transfer, repeated crisis escalation and persistent calling every few minutes.","Transfer money to bank accounts, UPI identifiers and wallet destinations supplied by the callers to meet successive purported family emergencies.","The complainant made repeated bank, UPI and wallet transfers over several weeks, reporting a total loss of INR 3,037,699.",no,no,,3037699,multiple,yes,,yes,not_reported,yes,not_reported,yes,yes,not_reported,not_reported,not_reported,not_reported,not_reported,"The bail order records recovery of mobile phones, SIM cards and ATM cards from the petitioner and a co-accused disclosure naming him.",not_reported,not_reported,not_reported,"Petitioner’s alleged downstream role in the family-impersonation fraud network, distinct from the unidentified caller persona.",device_possession_or_forensics,co_accused_link,limited,Recovered phones/SIMs/ATM cards and a co-accused disclosure associate the petitioner with the investigation but the order does not establish that he operated the family persona or made the victim-facing calls.,Possession of communication or payment artefacts can reflect a downstream or facilitation role rather than authorship of the original impersonation.,Telecom/platform and device artefacts tying the specific victim-facing numbers and WhatsApp accounts to identified human operators and to the receiving-account network.,IPC 406; IPC 420; IPC 467; IPC 468; IPC 471; IPC 120B,,yes,yes,not_yet_adjudicated,Regular bail granted on 30 August 2024; merits reserved for trial.,"A Haryana complainant was approached by a caller exploiting a real Canada-based family connection. A false incoming-transfer image and a sequence of medical, death, debt and overseas-custody emergencies induced repeated transfers totalling INR 3,037,699. The bail record links the petitioner to recovered phones, SIMs and ATM cards but does not identify him as the family-impersonation caller.",Included to strengthen family-impersonation coverage and to preserve the distinction between victim-facing identity fraud and downstream device/payment association. Second-pass source-to-code audit completed 2026-08-26. v0.2.0 full-corpus source-to-code re-audit completed 2026-09-04.
SEIAI-0032,reviewed,0.2.0,Hamzah,2026-09-04,ICICI KYC-update impersonation and unauthorized-loan fraud,2021-06-21,2021-06-21,2021,Uttar Pradesh,Lucknow,no,SRC-SEIAI-0032-01,T1,final_judgment,"State Consumer Disputes Redressal Commission, Uttar Pradesh, Lucknow","Complaint No.21/2022; FIR No.0125/2021, P.S. Kaiserbagh",judgment,bank_impersonation,vishing,phone,,Phone / Internet Banking / SMS,bank_or_financial_institution,Bank/KYC representative,elderly_person,retail banking,not_reported,not_reported,,An imposter called the joint account holders on 21 June 2021 and requested an OTP on the pretext of updating KYC.,"The caller presented the request as a genuine bank KYC update. During the interaction, the elderly joint account holder disclosed PAN, user ID, OTP and debit-card grid information according to the bank-side account reproduced by the Commission.",yes,no,yes,yes,no,no,no,no,Institutional trust in a bank/KYC process.,Provide authentication and account information purportedly required for KYC updation.,"The elderly joint account holder disclosed authentication/account information; a INR 700,000 personal loan was credited and at least INR 398,000 was transferred out in two major transactions described in the order.",yes,no,,398000,bank_transfer,not_reported,2,not_reported,not_reported,yes,yes,not_reported,not_reported,not_reported,not_reported,not_reported,not_reported,not_reported,"The Commission reviewed detailed OTP-generation timestamps, internet-banking activity, loan disbursal, payee registration and transaction records.",not_reported,not_reported,not_reported,Unknown KYC impersonator and unknown operator of the internet-banking session.,,,not_assessed,The consumer proceeding reconstructs the impersonation and transaction sequence but does not identify the attacker or establish who controlled the beneficiary accounts.,The parties disputed customer negligence and bank responsibility; those liability questions do not resolve offender identity.,"Attacker-side telecom, device, login/IP and beneficiary-account-control evidence connecting the KYC caller to the internet-banking activity.",Consumer Protection Act context; FIR No.0125/2021 referenced in the order,,not_applicable,not_applicable,not_applicable,"Consumer complaint allowed; the Commission directed reversal of the INR 700,000 loan and related charges and directed recovery efforts against recipient accounts.","An elderly Lucknow joint account holder received a phone call framed as a KYC update and disclosed authentication/account information. A personal loan of INR 700,000 was generated in the account and at least INR 398,000 was transferred to newly registered payees. The final consumer order is rich in authentication and transaction evidence but does not identify the fraud operator.","Included to add bank-impersonation coverage and a final consumer adjudication. Financial_loss_inr uses the two major transferred amounts expressly identified as INR 200,000 and INR 198,000 rather than treating the entire loan as confirmed victim loss. Second-pass source-to-code audit completed 2026-08-26. v0.2.0 full-corpus source-to-code re-audit completed 2026-09-04."
SEIAI-0033,reviewed,0.2.0,Hamzah,2026-09-04,Fake Paytm customer-care callback fraud,2022-03-30,2022-03-30,2022,Delhi,New Delhi,no,SRC-SEIAI-0033-01,T1,procedural_order,Delhi High Court,"W.P.(CRL.) 685/2023; FIR No.101/2022, Cyber Police Station South East Delhi",investigation,customer_support_fraud,vishing,phone,,Google search / Phone / Paytm,customer_support,Purported Paytm customer-care executive,professional,legal professional / retail payments,no,no,The victim initiated contact after finding a purported Paytm support number through Google; no targeted pre-contact reconnaissance is reported.,"The complainant searched Google for a Paytm customer-care number, called it, and after the call disconnected received a callback from another number.","The callback caller claimed to be a Paytm support executive and kept the complainant engaged in conversation while three unauthorized debits totalling INR 50,000 occurred.",yes,no,no,yes,no,no,no,no,Search-result trust transfer and immediate callback continuity made the caller appear connected to the support request.,Continue the purported customer-support interaction; the public order does not specify the exact technical action or credential requested.,"The complainant engaged with the purported support caller; INR 50,000 was debited in three instalments.",unknown,unknown,,50000,bank_transfer,yes,1,not_reported,not_reported,yes,not_reported,not_reported,not_reported,not_reported,not_reported,not_reported,yes,not_reported,Paytm transaction information and IDFC Bank KYC records traced the cheated amount directly to a proprietorship account associated with the petitioner.,not_reported,not_reported,not_reported,"Petitioner’s role as proprietor of the account that directly received the focal cheated amount, distinct from the unidentified Paytm-support caller.",bank_account_or_money_flow,documentary_record,limited,"Direct receipt of the cheated amount in the petitioner’s business account does not establish that he made the support call, controlled the victim’s device, or knew the origin of every credit; investigation was incomplete.",The petitioner asserted that the money reached his account without his knowledge and later returned it.,Telecom/device evidence identifying the fake support caller and technical evidence explaining the alleged mobile compromise and connecting that operator to the receiving account.,IPC 420,,not_reported,no,not_yet_adjudicated,Delhi High Court dismissed the petition to quash the FIR on 13 September 2023; investigation remained incomplete and no charge sheet had yet been filed.,"A Delhi professional searching Google for Paytm support received a callback from a purported customer-care executive and lost INR 50,000 during the interaction. The money was traced to a proprietorship account associated with the quashing petitioner, but the public order does not establish that the account-linked person was the victim-facing caller.","Included as a compact customer-support case with a clear financial association versus caller-attribution gap. The source reports a much larger volume of credits to the petitioner account, but the Atlas codes only the focal INR 50,000 incident. Second-pass source-to-code audit completed 2026-08-26. v0.2.0 full-corpus source-to-code re-audit completed 2026-09-04."
SEIAI-0034,reviewed,0.2.0,Hamzah,2026-09-04,Fake Amazon customer-care subscription-support fraud,2020-09-09,2020-09-09,2020,Karnataka,Mangalore,no,SRC-SEIAI-0034-01,T1,appellate_judgment,"Karnataka State Consumer Disputes Redressal Commission, Bengaluru",Appeal No.1242/2023; CC No.152/2021,judgment,customer_support_fraud,,phone,,Google search / Phone / SBI,customer_support,Purported Amazon Prime customer-care/support service,elderly_person,retail consumer / online subscription,no,no,The complainant sought a support number through Google; the public order does not report targeted reconnaissance.,A 74-year-old Mangalore consumer sought help for an Amazon Prime Video subscription issue using a customer-care number found through Google and was redirected to another number.,The interaction was presented as Amazon technical/customer support. During the conversation the complainant’s SBI account was allegedly compromised and five debits followed.,yes,no,no,yes,no,no,no,no,Search-result and brand-support legitimacy.,Engage with the redirected support interaction to resolve the Amazon Prime Video issue; the order does not establish the precise technical step used to authorize the debits.,"The complainant continued the support interaction; five debits of INR 20,000 each were made from the SBI account.",unknown,unknown,,100000,bank_transfer,not_reported,,not_reported,not_reported,yes,not_reported,not_reported,not_reported,not_reported,not_reported,not_reported,not_reported,not_reported,The consumer proceedings relied on the disputed transaction record and complaint history; the complainant denied approving OTPs.,not_reported,not_reported,not_reported,Unknown Amazon-support impersonator and unknown transaction operator.,,,not_assessed,"The appellate consumer decision addresses bank/customer liability and does not identify the support caller, beneficiary controller or compromise mechanism.","The bank argued customer negligence, while the complainant maintained that he did not approve the OTPs.","Attacker-side telecom, device, beneficiary-account and authentication/session evidence sufficient to determine the compromise mechanism and operator.",Consumer Protection Act / RBI customer-liability context,,not_applicable,not_applicable,not_applicable,"The State Consumer Commission allowed SBI’s appeal on 26 May 2026, set aside the District Commission order and dismissed the consumer complaint.","A 74-year-old Mangalore consumer searching for Amazon Prime support was redirected to another phone number and subsequently saw five INR 20,000 debits from an SBI account. The appellate consumer judgment preserves the manipulation and liability dispute but contains no offender attribution.","Included to broaden both source stage and geography. The case is coded for incident reconstruction, not as a finding that a particular technical compromise theory was proven. Second-pass source-to-code audit completed 2026-08-26. v0.2.0 full-corpus source-to-code re-audit completed 2026-09-04."
SEIAI-0035,reviewed,0.2.0,Hamzah,2026-09-04,WhatsApp sextortion with fake police and YouTube callers,2022-10-10,,2022,Delhi,Delhi,no,SRC-SEIAI-0035-01,T1,bail_order,Delhi High Court,"BAIL APPLN.177/2024 and connected matters; FIR No.368/2022, P.S. Special Cell Delhi",investigation,sextortion,police_impersonation,whatsapp,video_call; phone,WhatsApp / phone,police,Police officers and purported YouTube employees,individual,personal / private individual,not_reported,not_reported,,On 10 October 2022 the complainant received a WhatsApp video call from an unknown woman who initiated a private video interaction that was recorded.,"Subsequent callers posing as police officers and YouTube employees claimed they could remove the video or resolve false criminal allegations, including a purported murder accusation and settlement with the woman’s family, while demanding money.",yes,yes,yes,yes,no,no,not_reported,yes,"Sexual shame, reputational threat and pseudo-official criminal pressure.",Make repeated payments to prevent publication/removal of the recorded video and avoid purported police/criminal consequences.,"The complainant made payments totalling INR 1,600,000.",no,no,,1600000,bank_transfer,yes,,yes,yes,yes,not_reported,yes,yes,not_reported,not_reported,not_reported,not_reported,not_reported,"CDR location analysis, SIM-registration information, IMEI reuse, bank-account linkage and multiple complaint patterns were described in the bail order.",not_reported,not_reported,not_reported,"Applicants’ alleged device/SIM and financial roles in the sextortion network, distinct from unresolved persona-level attribution for every victim-facing call.",multiple_independent_sources,device_possession_or_forensics,moderate,"The order provides strong prima facie digital/financial linkage for particular applicants but remains a bail-stage source and does not map every lure, police persona and YouTube persona to a specific human operator.",A SIM/device/account association can establish a network role without proving authorship of each communication; the applicants contested the prosecution case.,"Victim-specific end-to-end mapping of the initial video lure, subsequent extortion personas, devices/SIMs and beneficiary accounts to identified operators.",IPC 419; IPC 420; IPC 388; IPC 170,,yes,not_reported,not_yet_adjudicated,Connected anticipatory-bail applications dismissed on 24 April 2024; observations expressly confined to bail.,"A WhatsApp sexual-video lure was followed by callers impersonating police and YouTube personnel who threatened publication and false criminal consequences, inducing INR 1.6 million in payments. CDR, IMEI, SIM and bank-account evidence connected particular applicants to parts of the alleged network but did not resolve every victim-facing persona.",Included for unusually rich telecom/device evidence in a sextortion case. Attribution remains role-specific and bail-stage allegations are not treated as final guilt findings. Second-pass source-to-code audit completed 2026-08-26. v0.2.0 full-corpus source-to-code re-audit completed 2026-09-04.
SEIAI-0036,reviewed,0.2.0,Hamzah,2026-09-04,Facebook romance deception and prolonged sextortion,,,2020,Haryana,Gurugram,no,SRC-SEIAI-0036-01,T1,bail_order,High Court of Punjab and Haryana,"CRM-M-33681-2026; FIR No.17/2026, P.S. Sector-53 Gurugram",investigation,romance_fraud,sextortion,facebook,electronic communication; social media,Facebook / electronic communication,romantic_or_social_identity,Purported Emirates Airlines air hostess residing in Dubai,individual,personal relationship,not_reported,not_reported,,The complainant reported coming into contact through Facebook in 2020 with a person using the identity “Kim” and presenting herself as an Emirates air hostess living in Dubai.,"A close online relationship was allegedly developed through false representations and later used for repeated financial demands and coercion, including threats to circulate sexually explicit photographs and videos.",no,yes,not_reported,yes,no,yes,not_reported,yes,"Long-term relationship grooming, emotional manipulation, sexual/reputational coercion and fear of social stigma.",Make repeated monetary transfers and continue complying under threat of dissemination of intimate material.,"The complainant allegedly transferred approximately INR 60,000,000 over the relationship; the prosecution stated INR 40,803,415 was credited to the petitioner’s bank account.",no,no,,60000000,bank_transfer,not_reported,,not_reported,not_reported,yes,not_reported,not_reported,yes,not_reported,yes,not_reported,not_reported,not_reported,The bail order refers to documentary and electronic evidence held by investigators and substantial bank credits alleged to have reached the petitioner.,not_reported,not_reported,not_reported,"Petitioner’s alleged relationship-persona, sextortion and direct financial-recipient roles, assessed separately from the bare fact of account receipt.",bank_account_or_money_flow,message_or_email_content,moderate,"The order is an anticipatory-bail decision. The prosecution alleges that the petitioner operated the relationship identity, while the defence denied any connection to the complainant or social-media account; the public order does not reproduce platform/device attribution for the Facebook persona.",Documented/alleged receipt of funds can support a financial role more strongly than authorship of the online persona or every extortion communication.,"Platform account records, device artefacts and message provenance tying the Facebook identity and coercive communications to the human operator across the multi-year period.",BNS 308(2); BNS 316(2); BNS 351(2); BNS 61(2),,not_reported,no,not_yet_adjudicated,Anticipatory-bail petition dismissed on 12 June 2026; investigation ongoing and observations limited to bail.,"A Facebook relationship begun in 2020 allegedly used a false Emirates-air-hostess identity, emotional grooming and later sexual/reputational threats to extract approximately INR 60 million. More than INR 40.8 million was alleged to have reached the petitioner’s account, but the public bail order does not reproduce technical proof that she controlled the original Facebook persona.",Included because it exposes a sharp difference between financial attribution and persona authorship within a long-duration relationship/sextortion scheme. Second-pass source-to-code audit completed 2026-08-26. v0.2.0 full-corpus source-to-code re-audit completed 2026-09-04.
SEIAI-0037,reviewed,0.2.0,Hamzah,2026-09-04,Jamtara bank-manager impersonation and OTP-CVV fraud,2018-09-26,,2018,Jharkhand,Jamtara,no,SRC-SEIAI-0037-01,T1,appellate_judgment,Jharkhand High Court,Cr. Appeal (SJ) No.13/2025; Cyber Case No.10/2019,appeal,bank_impersonation,vishing,phone,,Mobile phone / e-wallets,bank_or_financial_institution,Bank Manager,individual,retail banking customers,no,not_reported,,The prosecution proved a group-based cybercrime operation in which callers posed as bank managers and contacted multiple victims by mobile phone.,"The callers used bank-manager personation to induce victims to disclose ATM-card details, OTPs and CVV information and then moved stolen value through online/e-wallet and bank-account channels.",yes,not_reported,not_reported,yes,no,no,no,not_reported,Institutional trust in a purported bank manager.,"Disclose ATM-card details, OTPs and CVV information to the purported bank manager.",At least eight victims were found to have parted with money; the appellate judgment discusses certified bank records tying victim transactions to accounts used by the appellant/network.,yes,no,,,multiple,yes,,yes,yes,yes,not_reported,yes,not_reported,not_reported,not_reported,not_reported,not_reported,not_reported,"Two phones with active SIMs were recovered from the appellant; additional phones/SIMs and 19 e-wallets were found, and bank records for eight victims were supported by statutory certificates.",yes,not_reported,not_reported,Convicted appellant’s participation in the bank-manager impersonation group and use of phones/e-wallets/accounts to cheat victims.,multiple_independent_sources,device_possession_or_forensics,strong,The appellate judgment establishes the appellant’s criminal participation beyond reasonable doubt but does not map every individual victim call to a specific handset/session or identify which group member spoke on each call.,Not applicable to the conviction-level role assessment; victim-specific speaker attribution remains more granular than the appellate finding.,"Victim-by-victim mapping of individual call sessions and operators, beyond the conviction-level circumstantial and financial evidence establishing the group operation.",IPC 419; IPC 420; IPC 120B; IT Act 66D,,yes,yes,convicted,Jharkhand High Court dismissed the criminal appeal on 5 December 2025 and affirmed the conviction and sentence.,"A Jamtara group posed as bank managers to obtain ATM-card details, OTPs and CVVs from multiple victims. Phones, forged/irregular SIMs, e-wallets, certified bank records and victim transactions supported the conviction. The High Court affirmed the appellant’s conviction, making this one of the Atlas’s strongest adjudicated attribution records.","Included to add a final criminal appellate source, bank impersonation and stronger electronic-evidence authentication material. No single aggregate financial_loss_inr is coded because the source describes multiple victims and several account amounts rather than one focal victim total. Second-pass source-to-code audit completed 2026-08-26. v0.2.0 full-corpus source-to-code re-audit completed 2026-09-04."
SEIAI-0038,reviewed,0.2.0,Hamzah,2026-09-04,Lumikai lookalike-domain investor payment-diversion attempt,,,2026,Delhi,New Delhi,suspected,SRC-SEIAI-0038-01,T1,interim_order,Delhi High Court,CS(COMM) 419/2026,bail_or_interim,business_email_compromise,,email,,Email / lookalike domain,executive_or_employer,Lumikai senior management/personnel,investor,venture-capital limited partner / investor,yes,yes,"The scheme used a lookalike domain, copied the fund’s identity/senior-management context, targeted a specific limited partner and supplied a deceptively similar beneficiary name.",An operator using the lookalike domain lumlkai.com approached a limited partner/investor while impersonating Lumikai and its senior management.,The operator requested a transfer to a Wells Fargo account with a beneficiary name deceptively similar to the legitimate fund entity and sent a follow-up spoofed management email containing a passcode to reinforce legitimacy.,yes,no,not_reported,yes,no,no,no,yes,"Lookalike-domain deception, executive identity borrowing and beneficiary-name mimicry.",Transfer investment-related funds to the fraudulent/deceptively named Wells Fargo beneficiary account.,The public interim order describes an attempted fraud; it does not establish that the targeted limited partner completed the requested transfer.,no,no,,,bank_transfer,not_reported,1,not_reported,not_reported,not_reported,not_reported,not_reported,not_reported,yes,not_reported,not_reported,yes,not_reported,"The order identifies the lookalike domain, spoofed management email, fake beneficiary account and registrar/provider disclosure process.",not_reported,not_reported,not_reported,Unknown registrant/operator of the lookalike domain and spoofed management email.,message_or_email_content,documentary_record,unclear,"The court found a prima facie case sufficient for interim relief and ordered domain suspension/disclosure, but the human operator behind the domain/email was not identified in the public order.","The infrastructure and communications support an attempted impersonation scheme, but registrant/provider data still had to be disclosed and human attribution remained unresolved.","Verified registrar/provider, email-header, login/IP and beneficiary-account-control records identifying the human operator behind the lookalike domain.",Commercial/trademark passing-off and interim-injunction context,,not_applicable,not_applicable,not_applicable,"Delhi High Court granted interim directions on 21 April 2026, including locking/suspending the lookalike domain and disclosure of registrant details; proceedings remained pending.","A lookalike Lumikai domain and spoofed senior-management email were used to target a limited partner and request a transfer to a deceptively named Wells Fargo beneficiary account. The public order records an attempted BEC-style payment diversion and provider-facing preservation/disclosure relief, but no completed transfer or resolved human operator.",Included as the Atlas’s first attempted BEC record. Financial loss is intentionally blank because the order does not establish that the target transferred funds. Cross-border dimension is coded suspected rather than yes because foreign banking infrastructure is described but the operator/target geography is not fully resolved. Second-pass source-to-code audit completed 2026-08-26. v0.2.0 full-corpus source-to-code re-audit completed 2026-09-04.
SEIAI-0039,reviewed,0.2.0,Hamzah,2026-09-04,Dynamic Brands invoice-diversion business email compromise,2020-08-04,2020-08-13,2020,Delhi,New Delhi / Malaysia,yes,SRC-SEIAI-0039-01,T1,final_judgment,"District Judge, Commercial Court-01, South, Saket Courts, Delhi",CS (Comm) No.13/2024,judgment,business_email_compromise,,email,,Business email / bank transfer,vendor_or_business,Dynamic Brands supplier/accounts personnel and purported affiliated company,business,international trade / accounts payable,yes,yes,"The fraudster used details of an existing supplier relationship, invoice/payment workflow, similar email addresses, a forged authorization letter and altered beneficiary/bank information.",On 4 August 2020 the buyer side received an email appearing to originate from the established supplier relationship and directing payment through changed bank details.,The sender claimed the supplier’s regular bank account faced tax-related restrictions and supplied forged authorization/invoice documents directing payment to “Nippon Tinplate (Asia) Ltd.” at an HSBC Hong Kong account.,no,no,not_reported,yes,no,no,no,yes,"Email-thread continuity, lookalike reply/CC addresses, forged commercial documents and beneficiary-name substitution exploited routine accounts-payable trust.",Pay the outstanding commercial invoice to the substituted Hong Kong beneficiary account.,"The buyer-side defendants transferred USD 124,806 to the fraudulent beneficiary account on 13 August 2020.",unknown,no,,,bank_transfer,not_reported,1,not_reported,not_reported,yes,not_reported,not_reported,not_reported,yes,not_reported,not_reported,not_reported,yes,"The commercial court considered forged authorization/invoice documents, a long email trail, email metadata/PST analysis and expert cyber-security evidence.",yes,not_reported,not_reported,Unknown BEC operator(s) who diverted the email conversation and substituted the fraudulent beneficiary account.,message_or_email_content,multiple_independent_sources,unclear,"The final civil judgment established that the buyer followed fraudulent email instructions and paid the wrong person, but it did not identify or adjudicate the criminal identity of the unknown fraudster.",The civil parties disputed which side bore responsibility for the compromise; the court resolved payment liability between them rather than offender identity.,Provider/server logs and beneficiary-account KYC/control evidence sufficient to identify the unknown email operator and recipient controller.,Commercial civil recovery / electronic and expert evidence context,,not_applicable,not_applicable,not_applicable,"Commercial suit decreed on 8 April 2024 in favour of the supplier for USD 124,956 or rupee equivalent; the judgment found the buyer had paid the wrong person after following fraudulent email instructions.","Unknown operators inserted themselves into an international supplier-payment workflow using similar email addresses, forged authorization/invoice documents and substituted Hong Kong bank details. The buyer transferred USD 124,806 to the wrong account. A final Delhi commercial judgment included expert analysis of email trails and PST/metadata, but the fraudster’s human identity remained unresolved.",Included as the first completed-payment BEC record and a final commercial judgment. financial_loss_inr is intentionally blank because the source amount is in USD and the Atlas does not researcher-convert foreign currency. Second-pass source-to-code audit completed 2026-08-26. v0.2.0 full-corpus source-to-code re-audit completed 2026-09-04.
SEIAI-0040,reviewed,0.2.0,Hamzah,2026-09-04,Fake SP Mandi Facebook donation impersonation,,,2025,Himachal Pradesh,Mandi,no,SRC-SEIAI-0040-01,T1,bail_order,Himachal Pradesh High Court,"Case FIR No.35/2025, Police Station Sadar Mandi",trial,social_media_impersonation,government_impersonation,facebook,social media messages; upi,Facebook / Gmail / Google Pay,government_official,"Superintendent of Police, Mandi",other,members of the public / potential donors,no,yes,The fake profile copied the real SP Mandi identity and image. Provider records later tied access of the fake profile/Gmail to subscriber-linked mobile numbers.,"A fake Facebook account was created in the name/profile of the Superintendent of Police, Mandi and used to send friend requests/messages to members of the public.",The account posted an image/story of a child purportedly suffering from liver cancer whose father had died and solicited donations while appearing to speak on behalf of SP Mandi.,yes,no,yes,yes,no,no,no,yes,Borrowed police authority plus charitable/emotional appeal around an ill child.,Donate money through the payment/account details presented through the fake Facebook profile.,"Members of the public made small donations; one documented donor transferred INR 10,501 in two payments and other smaller donations were also reported.",no,no,,10501,upi,not_reported,1,yes,not_reported,yes,yes,not_reported,not_reported,not_reported,yes,not_reported,yes,not_reported,"Facebook supplied profile/access records, Google supplied Gmail registrant information, TSP/IP data identified subscriber-linked mobile numbers, and bank records documented donations.",not_reported,not_reported,not_reported,"Applicant’s alleged operation of the fake SP Mandi Facebook profile, assessed separately from control of the receiving bank account.",multiple_independent_sources,platform_provider_record,moderate,"Provider/IP/subscriber and investigation material create substantial prima facie linkage, but the source is a bail order and the applicant’s reported disclosure is not treated as a final finding of guilt.",Subscriber/IP association should be corroborated with device/session evidence; the receiving account was reported under a similar but not identical name and should not be collapsed into the profile-operator identity without further proof.,"Full device/account-session attribution and beneficiary-account control evidence tying the profile creation, messages and withdrawal of donations to the same human operator.",BNS 319(2); BNS 318(4); BNS 238; IT Act 66C; IT Act 66D,,yes,yes,not_yet_adjudicated,Regular bail granted on 17 December 2025 after investigation and charge sheet; trial was underway and observations were expressly non-merits.,"A Facebook profile impersonating SP Mandi solicited donations for a fictitious/unsupported medical-emergency narrative. Facebook, Google, IP/TSP and bank records were used to connect the profile and payment trail to subscriber/account information associated with investigated persons. One donor was documented as transferring INR 10,501, with additional small donations reported.","Included to add social-media impersonation and platform-provider attribution. financial_loss_inr records the specifically documented INR 10,501 from one donor, not an aggregate of all reported donations. Second-pass source-to-code audit completed 2026-08-26. v0.2.0 full-corpus source-to-code re-audit completed 2026-09-04."
SEIAI-0041,reviewed,0.2.0,Hamzah,2026-09-04,WhatsApp managing-director impersonation and corporate payment diversion,2025-01-08,2025-01-17,2025,Maharashtra,Khopoli / Raigad,not_reported,SRC-SEIAI-0041-01,T1,bail_order,Bombay High Court,"Anticipatory Bail Application No.1492/2025; Crime Register No.72/2025, Khopoli Police Station",trial,social_media_impersonation,,whatsapp,,WhatsApp,executive_or_employer,Managing Director of the employee’s company,employee,corporate finance / manufacturing,yes,yes,"The imposter targeted the company’s General Manager (Finance), adopted the Managing Director’s identity and exploited the company’s existing WhatsApp-based payment-approval workflow.","On 8 January 2025 an unknown WhatsApp user contacted the company’s General Manager (Finance), claimed to be the Managing Director and asked that a new number be saved.","Between 9 and 17 January the imposter sent payment instructions that appeared to continue the company’s established approval workflow. The employee also exchanged contemporaneous approval messages with the real Managing Director, which the High Court treated as supporting his claimed bona fide belief.",yes,no,yes,yes,no,no,no,yes,"Executive authority, continuity with an established internal payment process and trusted-channel mimicry.",Process RTGS transfers to bank accounts furnished by the person impersonating the Managing Director.,"The finance employee processed transfers totalling INR 55,000,000 to third-party accounts. About INR 13,100,000 was later recovered by freezing one account.",no,no,,55000000,bank_transfer,yes,,not_reported,not_reported,yes,not_reported,not_reported,yes,not_reported,not_reported,not_reported,not_reported,not_reported,"The High Court considered the real Managing Director’s contemporaneous WhatsApp approvals, the destination-account investigation and recovery after an account freeze.",not_reported,not_reported,not_reported,"Unknown Managing-Director impersonator, beneficiary-account network, and the prosecution’s alleged insider/facilitation theory concerning the finance employee.",message_or_email_content,bank_account_or_money_flow,unclear,"The attack itself is well reconstructed, but the imposter remains unidentified. The High Court found no material linking the finance employee to the imposter or destination accounts and said the contemporaneous messages supported his bona fide-belief explanation.",The employee may have been a manipulated organisational insider rather than a colluding participant; the High Court found negligence or lack of diligence insufficient to establish criminal complicity at that stage.,Platform/device records identifying the imposter and end-to-end evidence linking the impersonating WhatsApp account to the controllers of the receiving accounts.,BNS 316(4); BNS 3(5),,no,yes,not_yet_adjudicated,"Anticipatory bail allowed on 17 September 2025; the High Court found no material showing applicant-imposter nexus or personal gain, while the underlying fraud investigation/trial remained distinct.",A corporate finance employee received WhatsApp instructions from an unknown person impersonating the company’s Managing Director and processed INR 55 million in transfers. The record is valuable because the High Court separately examined whether the manipulated employee was himself complicit and found the available material supported his bona fide-belief explanation rather than deliberate collusion.,First Atlas case centered on executive-authority impersonation inside a live corporate payment workflow. Gross diverted amount is coded; later recovery of INR 13.1 million is preserved in narrative rather than silently netted. Second-pass source-to-code and privacy audit completed 2026-08-26. v0.2.0 full-corpus source-to-code re-audit completed 2026-09-04.
SEIAI-0042,reviewed,0.2.0,Hamzah,2026-09-04,Bank-KYC suspension smishing and Paytm activation fraud,2020-07-17,2020-07-17,2020,West Bengal,Barrackpore / North 24 Parganas,no,SRC-SEIAI-0042-01,T1,appellate_judgment,"State Consumer Disputes Redressal Commission, West Bengal",Appeal arising from CC/170/2021,appeal,bank_impersonation,smishing,sms,phone,SMS / Phone / Paytm / UPI,bank_or_financial_institution,Bank/KYC-support representative using the name “Deepak Kumar”,individual,retail banking,not_reported,not_reported,,The complainant received an SMS stating that his KYC had been suspended and was then contacted by a person presenting himself as a KYC-support representative.,The caller instructed the complainant to update KYC particulars through Paytm and add a nominal INR 20 through UPI to activate the wallet. Five unauthorized debits followed; the complainant maintained that he did not share any OTP.,yes,yes,yes,yes,no,no,no,yes,Account-service disruption warning combined with a low-value activation transaction that appeared routine.,Enter KYC particulars in the Paytm workflow and add INR 20 through UPI for wallet activation.,"The complainant followed the KYC/activation instructions. Five debits totalling INR 49,242.35 followed; INR 15,000 was later credited back, leaving about INR 34,242.35 unrecovered in the appellate record.",unknown,unknown,,34242.35,upi,not_reported,,not_reported,not_reported,yes,not_reported,not_reported,no,not_reported,not_reported,not_reported,not_reported,not_reported,"The consumer record describes the initial SMS, Paytm/UPI interaction, five disputed transactions and the complainant’s assertion that no OTP was shared.",not_reported,not_reported,not_reported,Unknown SMS/call KYC impersonator and transaction operator.,,,not_assessed,"The consumer appeal reconstructs the manipulation but does not identify the human operator, explain the technical compromise mechanism, or provide offender-side beneficiary/device evidence.",The underlying consumer dispute concerned whether the customer’s disclosure of KYC information constituted negligence; it did not adjudicate offender identity.,"Telecom, Paytm/UPI, device-session and beneficiary-account records sufficient to explain the unauthorized transactions and identify the human operator.","Consumer Protection Act, 2019; RBI unauthorized-electronic-transaction framework discussed",,not_applicable,not_applicable,not_applicable,On 15 June 2026 the State Commission set aside the threshold dismissal and restored/remanded the consumer complaint for adjudication on merits.,A West Bengal bank customer received a KYC-suspension SMS and then a call directing him to update details through Paytm and add INR 20 through UPI. Five unauthorized transactions followed. The appellate consumer record is useful for reconstructing smishing-to-vishing manipulation while leaving attacker identity and the technical compromise unresolved.,"Financial-loss field records the approximately unrecovered amount after the source-reported INR 15,000 credit, while the gross fraudulent debit of INR 49,242.35 is preserved in narrative. Second-pass source-to-code and privacy audit completed 2026-08-26. v0.2.0 full-corpus source-to-code re-audit completed 2026-09-04."
SEIAI-0043,reviewed,0.2.0,Hamzah,2026-09-04,Court-staff influence impersonation and electronic-evidence failure case,2014-04-01,2014-12-24,2014,Karnataka,Bengaluru,no,SRC-SEIAI-0043-01,T1,final_judgment,Bengaluru District Court,C.C.No.19511/2016,judgment,government_impersonation,,multiple,sms; phone; letter,SMS / Phone,court_or_judiciary,"Purported court employee/person with influence over judges, police and political actors",individual,civil litigant / property dispute,yes,yes,"The messages referred to the complainant’s pending property litigation and promised influence over a favourable court order, showing case-specific knowledge even though its source was not established.",The complainant received repeated messages/calls and a letter from a person presenting himself as a court-connected operator who could influence a pending property case.,The sender demanded INR 15–20 lakh in exchange for securing a favourable court outcome and threatened death if the demand was not met. The prosecution later attempted to connect the communications to accused persons through SIM/CAF/CDR and related electronic material.,yes,yes,yes,yes,no,no,no,yes,Claimed privileged access to judicial/police systems coupled with violent threats.,Pay INR 15–20 lakh in return for a favourable court order and to avoid threatened harm.,The public judgment describes repeated demands and threats but does not establish delivery of the demanded property; the court treated the extortion case as unproved.,no,no,,,not_applicable,no,,yes,yes,yes,not_reported,not_reported,not_reported,not_reported,not_reported,not_reported,not_reported,not_reported,"The prosecution relied on CAF/KYC, CDR and other secondary electronic records, but the court identified conflicting SIM-registration evidence, missing witnesses and invalid Section 65-B certification.",yes,not_reported,yes,Accused persons alleged to have operated the court-connected persona and threatening communications.,sim_or_subscriber_record,cdr_or_telecom_record,unclear,The final court found the prosecution failed to prove the accused sent the messages or committed the charged offences. SIM-registration evidence conflicted and electronic records were held inadmissible for want of valid Section 65-B certification.,The unknown “court staff” persona may not have been operated by the accused persons charged; subscriber/CAF association did not resolve actual use of the critical number.,"Admissible, authenticated telecom/electronic records and reliable subscriber/device evidence connecting the critical communications to the accused human operators.",IPC 419; IPC 420; IPC 386; IPC 506; IPC 201; IPC 511; IPC 34; IT Act 66A (as charged/recorded),,not_reported,yes,acquitted,All accused acquitted by final judgment dated 27 February 2026.,"A Bengaluru complainant facing a property dispute received messages from a purported court-connected person demanding INR 15–20 lakh for a favourable order and threatening death. The final trial judgment acquitted the accused after identifying serious problems in SIM linkage, witness proof and Section 65-B authentication. The case is a useful negative example of association failing to mature into admissible attribution.","Included specifically for evidentiary failure and final acquittal, not as a finding that no social-engineering attempt occurred. Second-pass source-to-code and privacy audit completed 2026-08-26. v0.2.0 full-corpus source-to-code re-audit completed 2026-09-04."
SEIAI-0044,reviewed,0.2.0,Hamzah,2026-09-04,Fake MakeMyTrip customer support and AnyDesk remote-access fraud,2022-11-04,2022-11-04,2022,Goa,Mormugao / Goa,not_reported,SRC-SEIAI-0044-01,T1,appellate_judgment,Goa State Consumer Disputes Redressal Commission,First Appeal No.27/2024; Consumer Complaint No.70/2023,appeal,customer_support_fraud,,phone,website,Web search / MakeMyTrip impersonation / AnyDesk / Paytm,customer_support,MakeMyTrip customer-care/support representative,individual,online travel / retail banking,no,no,,"While awaiting a MakeMyTrip refund, the complainant located and called a fake customer-care number surfaced through an online search.","The purported support representative instructed her to take a second call, download AnyDesk and share the displayed code on the pretext of processing the MakeMyTrip refund.",yes,no,yes,yes,no,no,no,yes,Search-result trust transfer and technical-support authority.,"Download AnyDesk, share the session/access code and continue the purported refund-support process.","The complainant downloaded AnyDesk and shared the code. Two unauthorized INR 10,000 debits followed; a third attempted INR 15,000 debit failed after internet connectivity was lost.",unknown,yes,AnyDesk,20000,multiple,not_reported,,not_reported,not_reported,yes,not_reported,yes,not_reported,not_reported,not_reported,not_reported,not_reported,not_reported,"The consumer record directly discusses AnyDesk access, Paytm wallet activity, HDFC internet-banking credentials/OTPs and the disputed transactions.",not_reported,not_reported,not_reported,Unknown fake customer-support and remote-access operator(s).,,,not_assessed,"The consumer appeal addressed bank/customer liability and did not identify the human fraud operator, receiving-account controller or remote session origin.",The adjudication focused on whether granting AnyDesk access made the customer liable; it did not resolve offender identity.,"AnyDesk/session, device, telecom, Paytm and beneficiary-account records tying the support persona and remote-control session to a human operator.",Consumer Protection Act context; RBI customer-liability framework discussed,,not_applicable,not_applicable,not_applicable,Goa State Commission allowed HDFC Bank’s appeal on 28 November 2024 and set aside the consumer relief on the basis that the complainant had authorized third-party device access through AnyDesk.,"A Goa consumer awaiting a MakeMyTrip refund called a fake support number found online, installed AnyDesk and shared an access code. Two INR 10,000 debits followed and a third debit attempt failed. The case broadens the Atlas with a remote-access customer-support fraud where the manipulation is well documented but offender attribution is absent.",No inference is made that the consumer’s decision to install AnyDesk identifies the fraud operator or technical path. Second-pass source-to-code and privacy audit completed 2026-08-26. v0.2.0 full-corpus source-to-code re-audit completed 2026-09-04.
SEIAI-0045,reviewed,0.2.0,Hamzah,2026-09-04,Electricity-disconnection smishing and fraudulent BESCOM app transaction,2022-07-19,2022-07-19,2022,Karnataka,Bengaluru,no,SRC-SEIAI-0045-01,T1,appellate_judgment,National Consumer Disputes Redressal Commission,Second Appeal No.540/2025,appeal,smishing,government_impersonation,sms,phone; website,SMS / Phone / fraudulent BESCOM-style application,platform_or_service,BESCOM/electricity-billing service,individual,household utilities / retail banking,not_reported,not_reported,,The complainant received an SMS warning that his electricity connection would be disconnected if the previous bill was not paid and giving a number for clarification.,"After the complainant called, the dues were purportedly confirmed and he was directed to download an application displaying a BESCOM screen and attempt a nominal INR 20 payment. Larger unauthorized debits followed.",yes,yes,yes,yes,no,no,no,no,Threat of essential-service disconnection combined with a nominal verification/payment step.,"Call the supplied number, download the purported electricity-service application and attempt a INR 20 payment.","The complainant installed/used the application and attempted INR 20. Unauthorized debits of INR 25,000 and INR 199,000 followed without an OTP being received according to the adjudicatory record; INR 25,000 was later reversed.",unknown,yes,,199000,bank_transfer,not_reported,,not_reported,not_reported,yes,not_reported,yes,not_reported,not_reported,not_reported,not_reported,not_reported,not_reported,"The NCDRC record states the online software was under third-party control, discusses OTP absence, immediate cybercrime reporting and the disputed transactions.",yes,not_reported,not_reported,Unknown electricity-service impersonator and fraudulent application/session operator.,,,not_assessed,"The consumer proceeding determined customer/bank liability, not attacker identity, beneficiary-account control or the technical architecture of the fraudulent application.",The bank argued customer credential sharing/negligence; the Commission accepted that the two large transactions were not initiated by the complainant and no OTP for them was received.,"Application provenance, device artefacts, telecom/session logs and beneficiary-account records identifying the fraud operator and explaining the unauthorized debit mechanism.",Consumer Protection Act context; RBI Circular dated 06.07.2017 discussed,,not_applicable,not_applicable,not_applicable,"NCDRC dismissed the bank’s second appeal on 15 April 2026 and upheld re-credit of INR 199,000 plus compensation.","A Bengaluru consumer received an electricity-disconnection SMS, called the supplied number, downloaded a BESCOM-style application and attempted a INR 20 payment. Unauthorized debits followed. This is the Atlas’s first primary smishing case and is valuable because the adjudicatory record expressly discusses the absence of OTPs and third-party control of the online software.","Financial loss codes the unreversed INR 199,000, while the initially reversed INR 25,000 debit remains documented in narrative. Second-pass source-to-code and privacy audit completed 2026-08-26. v0.2.0 full-corpus source-to-code re-audit completed 2026-09-04."
SEIAI-0046,reviewed,0.2.0,Hamzah,2026-09-04,Fake Indus Towers Facebook tower-installation and fee fraud,2024-07-15,,2024,Punjab,Mansa / Sardulgarh,no,SRC-SEIAI-0046-01,T1,bail_order,High Court of Punjab and Haryana,"CRM-M-41196-2025; FIR No.03/2025, Cyber Crime Police Station Mansa",trial,social_media_impersonation,,facebook,phone; whatsapp,Facebook / Phone / WhatsApp,vendor_or_business,Indus Towers executives and legal advisor,business,petrol-pump / landowner / small business,yes,not_reported,,A petrol-pump owner saw a Facebook post advertising lucrative mobile-tower installation and called the number listed in the post.,"Callers posing as an Indus Towers legal advisor, Managing Director, Chairman and CEO promised a large advance, monthly tower rent and family jobs. Forged agreement/job documents were sent and a long sequence of fabricated NOC, GST, TRAI, transport, tax and commission fees followed.",yes,no,yes,yes,yes,yes,no,yes,"Business-opportunity greed/commitment escalation, executive role-play, forged documents and repeated sunk-cost fee demands.","Pay successive application, regulatory, tax, transport and commission charges to secure the promised tower installation, advance, rent and family employment.","The complainant repeatedly paid through Google Pay, bank transfers and cash deposits, with the status report describing a total fraud amount of INR 5,748,697.",no,no,,5748697,multiple,yes,,yes,yes,yes,not_reported,not_reported,yes,not_reported,not_reported,not_reported,not_reported,not_reported,"The status report described forged agreement/job documents, bank-account records, call details/CAF data and NCRP complaints linked to the accounts/numbers used in the tower scheme.",not_reported,not_reported,not_reported,Petitioner’s alleged legal-advisor/persona and linked account/communication role within the fake Indus Towers scheme.,multiple_independent_sources,bank_account_or_money_flow,moderate,The High Court described sufficient prima facie material connecting the petitioner but the case remained at bail/trial stage; the record does not finally establish which operator authored every Facebook/WhatsApp communication or controlled every beneficiary account.,Individual account/phone associations may represent narrower roles than operation of the entire multi-person executive-impersonation workflow.,"Final trial findings plus platform/device records mapping the Facebook page, each executive persona and each payment account to specific human operators.",BNS 318(4); BNS 319(2); BNS 61(2); BNS 336(2); BNS 336(3); BNS 338; BNS 340(2); IT Act 66D,,yes,not_reported,not_yet_adjudicated,Regular bail granted on 29 October 2025 after about five months’ custody and compromise-related considerations; the court expressly avoided deciding merits.,"A Punjab landowner/petrol-pump operator responded to a fake Indus Towers Facebook post and was drawn into months of calls and WhatsApp exchanges with people posing as company executives. Forged documents and escalating regulatory/fee pretexts induced payments totalling INR 5.75 million. The bail record contains relatively rich account, telecom and persona-role evidence.",Raw phone/account identifiers contained in the judicial source are intentionally omitted from the public Atlas data. Second-pass source-to-code and privacy audit completed 2026-08-26. v0.2.0 full-corpus source-to-code re-audit completed 2026-09-04.
SEIAI-0047,reviewed,0.2.0,Hamzah,2026-09-04,SIM-swap identity theft and pension-account takeover fraud,2020-10-01,2020-10-09,2020,Assam,Rangia / Kamrup,no,SRC-SEIAI-0047-01,T1,interim_order,Gauhati High Court,WP(C)/875/2021; Rangia P.S. Case No.944/2020,investigation,identity_theft_deception,vishing,phone,,Phone / SIM swap / SBI Internet Banking / YONO,family_or_friend,Victim’s daughter/registered mobile subscriber during SIM-swap process,elderly_person,pensioner / retail banking,yes,yes,"The investigation described obtaining debit-card/PIN details, identifying the mobile subscriber linked to the victim’s account, eliciting the daughter’s name from the victim and using that identity to procure a replacement SIM.",Investigators reported that callers told the senior citizen that money would be deposited into his account and asked whose mobile number was linked to the account.,"After learning the linked subscriber was the victim’s daughter, the offenders allegedly used a fake electoral identity card in her name to obtain a replacement SIM, activated internet/YONO banking and transferred/withdrew the victim’s pension funds.",no,no,not_reported,yes,no,yes,no,not_reported,"Benign incoming-payment pretext used for information elicitation, followed by identity-document fraud and telecom-account takeover.",Disclose the identity of the person whose mobile number was registered to the bank account; the subsequent SIM-swap and banking actions were conducted without the victim’s authorization.,"The victim disclosed the linked subscriber’s identity. Investigators later described SIM swap, internet/YONO activation and fraudulent withdrawal/transfer of INR 895,024 from his pension account.",yes,no,,895024,multiple,yes,,yes,not_reported,yes,yes,not_reported,not_reported,not_reported,not_reported,not_reported,yes,not_reported,"The court reviewed SIM-swap applications/identity documents, failed SMS-delivery information, internet-banking/YONO activity and investigation reports describing gift-card/dark-net routing.",yes,not_reported,not_reported,"Arrested accused persons’ alleged SIM-swap/account-takeover and financial-routing roles, plus an unidentified downstream facilitator.",multiple_independent_sources,bank_account_or_money_flow,moderate,The court itself called the initial police charge-sheet unsatisfactory and ordered specialist cybercrime further investigation; role descriptions therefore remain investigative rather than final criminal findings.,The court separated customer/bank/telco responsibility from criminal attribution and did not treat possession of account information alone as proof of every downstream act.,"Technically complete specialist investigation mapping the SIM-swap identity documents, subscriber process, internet/YONO sessions, gift-card routing and individual actors end to end.","IPC 420; IPC 479 as initially recorded; later IPC 120B, 419, 468, 471; IT Act 66C; IT Act 66D",,yes,yes,not_yet_adjudicated,On 28 May 2024 the Gauhati High Court ordered CID Cyber Crime further investigation and directed banking relief subject to the applicable liability framework; a later 17 February 2025 order closed the writ after settlement while expressly allowing the criminal investigation to continue.,"A retired teacher’s pension account was taken over after offenders allegedly elicited the identity of the mobile subscriber linked to his account, used a fake electoral ID to obtain a SIM swap and activated internet/YONO banking. INR 895,024 was withdrawn/transferred. The case is unusually useful for connecting human information elicitation to identity theft, telecom compromise and downstream financial routing.",First primary `identity_theft_deception` record in the Atlas. A second source is registered for the later writ closure; closure of the civil/writ dispute did not terminate the criminal investigation. Second-pass source-to-code and privacy audit completed 2026-08-26. v0.2.0 full-corpus source-to-code re-audit completed 2026-09-04.
SEIAI-0048,reviewed,0.2.0,Hamzah,2026-09-04,Facebook relationship manipulation and false-suicide sextortion scheme,,,2024,Chhattisgarh,Bilaspur / Raigarh,no,SRC-SEIAI-0048-01,T1,final_judgment,Chhattisgarh High Court,"CRMP No.1371/2026; Crime No.11/2024, Cyber Range Bilaspur",judgment,sextortion,romance_fraud,facebook,whatsapp; phone; in_person,Facebook / WhatsApp,romantic_or_social_identity,Online female social/relationship persona and later purported friends/associates,individual,personal / relationship,not_reported,yes,The complainant shared family problems during sustained WhatsApp communications; the subsequent pressure exploited that disclosed emotional context.,"The complainant accepted a Facebook friend request and began WhatsApp calls/chats with the online persona, sharing details of family problems.","The persona described abandonment/harassment by her family and induced transfers using a QR code. After an in-person meeting, callers claiming to be her friends/associates threatened to implicate the complainant in a false suicide/police case and to circulate obscene photographs/videos unless further payments were made.",yes,yes,yes,yes,no,yes,not_reported,yes,"Relationship-building, emotional disclosure, sympathy, shame/reputational threat and fear of false criminal implication.","Transfer money online and in cash, and continue paying under threats of a false suicide/police case and publication of intimate/obscene material.","The complainant alleged online transfers of INR 729,199 and cash payments of INR 1,300,000, totalling INR 2,029,199.",no,no,,2029199,multiple,not_reported,,not_reported,not_reported,yes,not_reported,not_reported,yes,not_reported,not_reported,not_reported,not_reported,not_reported,"The prosecution narrative refers to Facebook/WhatsApp communications, QR-code transfers, handwritten notes, obscene photographs/videos and later charge-sheet proceedings.",not_reported,not_reported,not_reported,"Petitioners’ alleged participation in the relationship/extortion scheme, distinct from the unresolved operator identity of each online persona and threatening call.",documentary_record,witness_or_statement,unclear,"The High Court’s 2026 judgment quashed proceedings on the basis of compromise, not a merits determination of which petitioner operated each persona, call or payment channel. The source does not reproduce a detailed actor-specific digital attribution chain.","Settlement/quashing does not establish innocence or guilt, and the existence of a charged petitioner does not by itself identify the original Facebook/WhatsApp operator.","Platform, device, telecom and payment records mapping the social persona, threatening callers and financial recipients to individual actors.",BNS 318(4); BNS 308(2); BNS 238; BNS 3(5); IT Act 66D,,yes,yes,not_applicable,On 14 May 2026 the Chhattisgarh High Court quashed the remaining criminal proceedings after an amicable settlement; the order did not adjudicate the underlying allegations on merits.,"A Facebook friendship developed into sustained WhatsApp communication and emotional disclosure. The complainant alleged that sympathy-based transfers were followed by threats of a false suicide case, police complaint and circulation of obscene material, leading to total payments of about INR 2.03 million. The later High Court closure was compromise-based rather than an attribution finding.","Included because it has a clear focal victim and attack sequence, unlike network-only records screened out during the same batch. Second-pass source-to-code and privacy audit completed 2026-08-26. v0.2.0 full-corpus source-to-code re-audit completed 2026-09-04."
SEIAI-0049,reviewed,0.2.0,Hamzah,2026-09-04,FedEx narcotics pretext and Mumbai Cyber Crime digital-arrest fraud,2023-08-21,2023-08-22,2023,Kerala,Palakkad,yes,SRC-SEIAI-0049-01,T1,bail_order,Kerala High Court,"Bail Application No.1074/2026; Crime No.24/2023, Cyber Crime Police Station Palakkad",investigation,digital_arrest,police_impersonation,phone,,Phone / bank transfers,police,FedEx courier personnel and Mumbai Cyber Crime police,individual,household / personal finance,not_reported,not_reported,,The complainant was called and told that a FedEx parcel purportedly sent by her to Taiwan contained narcotic drugs.,"The callers escalated the courier story into a criminal-prosecution threat, presented themselves as Mumbai Cyber Crime police and said the complainant had to pay money to save herself from prosecution.",yes,yes,yes,yes,no,no,not_reported,yes,"Courier-to-police escalation, narcotics accusation and fear of criminal prosecution.",Transfer funds purportedly required to avoid or resolve the threatened criminal prosecution.,"The complainant transferred INR 4,499,996. The investigation traced major portions through specific bank accounts and onward transfers/withdrawals.",no,no,,4499996,bank_transfer,yes,,not_reported,not_reported,yes,not_reported,not_reported,not_reported,not_reported,not_reported,not_reported,not_reported,not_reported,"The court relied on account statements, National Cyber Crime Reporting Portal cash-flow information and investigation findings concerning account opening, onward transfers and cash withdrawal.",not_reported,not_reported,not_reported,"Applicant’s alleged account-control/routing role and other accused persons’ cash-out/financial roles, distinct from the original FedEx/police callers.",bank_account_or_money_flow,multiple_independent_sources,moderate,The bail order provides strong prima facie financial linkage to the applicant’s account but does not establish that the applicant made the original FedEx or police impersonation calls; the investigation was still preliminary.,A bank-account routing role can be narrower than operation of the victim-facing digital-arrest pretext.,Telecom/device evidence identifying the original FedEx and police impersonators and linking those callers to the financial-routing network.,IPC 419; IPC 420; IT Act 66C; IT Act 66D,,yes,no,not_yet_adjudicated,Pre-arrest bail dismissed on 19 March 2026; the Kerala High Court held the investigation was at a preliminary stage and custodial interrogation was necessary.,A Kerala complainant was told that a FedEx parcel to Taiwan contained narcotics and was then threatened by callers posing as Mumbai Cyber Crime police. She transferred about INR 4.5 million. The bail record distinguishes the unidentified victim-facing callers from account controllers and cash-out actors traced through the financial investigation.,"Cross-border dimension reflects the Taiwan courier pretext and multi-state financial routing, not proof that the human operators were outside India. Second-pass source-to-code and privacy audit completed 2026-08-26. v0.2.0 full-corpus source-to-code re-audit completed 2026-09-04."
SEIAI-0050,reviewed,0.2.0,Hamzah,2026-09-04,Spoofed CBI and MHA official impersonation extortion conspiracy,,,2020,Telangana,Hyderabad / New Delhi,yes,SRC-SEIAI-0050-01,T1,appellate_judgment,Telangana High Court,Criminal Revision Case No.199/2025; C.C.No.6061/2024; CBI RC 01(A)/2020,trial,government_impersonation,,multiple,whatsapp; phone,Phone / WhatsApp / spoofed official numbers,government_official,Senior Government of India officials associated with CBI/MHA and related official influence,executive,business executive / person facing investigation,yes,yes,"The alleged scheme targeted persons facing investigations and used case-specific promises of favourable intervention, official identities/numbers and intermediary relationships.",The prosecution alleged a conspiracy in which spoofed official government numbers and intermediaries were used to approach persons facing investigations.,"The actors allegedly impersonated or invoked senior Government of India/CBI/MHA authority, promised favourable settlement of investigative matters and demanded enormous payments, including a source-described INR 100 crore demand in one instance.",yes,yes,yes,yes,no,yes,not_reported,yes,"Official-number spoofing, claimed access to senior government authority and exploitation of targets’ fear of ongoing investigations.",Pay large sums in return for purported influence over or favourable resolution of investigative/criminal matters.,The reviewed revision order describes demands and attempted extortion; it does not establish a completed focal transfer suitable for coding as financial loss.,no,no,,,not_applicable,not_reported,,yes,yes,not_reported,not_reported,not_reported,yes,not_reported,not_reported,not_reported,not_reported,not_reported,"The prosecution material described WhatsApp chats, telephonic surveillance, spoofed calls from official government numbers, witness statements and alleged coordination among accused persons.",not_reported,not_reported,not_reported,Petitioner’s alleged coordinator/conspiracy role in an extortion-by-impersonation network.,multiple_independent_sources,message_or_email_content,moderate,"The High Court was reviewing a discharge/revision question, not deciding guilt. It found sufficient material to proceed but expressly left proof of the charges to trial.",The petitioner argued that he was himself a victim/was excluded from the core conspiracy and that the prosecution material did not conclusively establish his involvement.,"Trial-tested evidence connecting each spoofed call, government persona and extortion demand to specific human operators and establishing the petitioner’s knowledge/intent beyond the charge-stage threshold.",IPC 120B; IPC 419; IPC 420; IPC 384 and related conspiracy/extortion provisions as recorded in underlying proceedings,,not_reported,yes,not_yet_adjudicated,"Telangana High Court dismissed the criminal revision on 2 March 2026, holding there was sufficient material for the petitioner to face trial and that a mini-trial was impermissible at the discharge stage.",A CBI-investigated conspiracy allegedly used spoofed official government numbers and claimed access to senior CBI/MHA officials to demand huge payments from persons facing investigations in return for favourable outcomes. The case expands the Atlas into official-influence extortion and is useful for separating charge-stage evidentiary sufficiency from final attribution.,"No financial_loss_inr is coded because the reviewed order describes demands, including INR 100 crore, but does not establish a completed focal payment. Second-pass source-to-code and privacy audit completed 2026-08-26. v0.2.0 full-corpus source-to-code re-audit completed 2026-09-04."
SEIAI-0051,reviewed,0.2.0,Hamzah,2026-09-04,Tony Enterprises SIM-swap and online-banking takeover fraud,2017-06-06,2017-06-08,2017,Kerala,Kochi,not_reported,SRC-SEIAI-0051-01,T1,final_judgment,Kerala High Court,WP(C) No.28823/2017,judgment,identity_theft_deception,account_takeover_social_engineering,in_person,,SIM / internet banking,platform_or_service,Registered mobile subscriber identity used to obtain a duplicate SIM,business,small business / retail banking,not_reported,not_reported,,An unknown person approached the telecom service provider and fraudulently represented himself as the registered subscriber in order to obtain a duplicate SIM.,"The impostor sought a duplicate SIM in the subscriber's identity; once the legitimate SIM became dysfunctional, OTPs and banking alerts could be received on the fraudulently issued SIM.",yes,not_reported,not_reported,yes,not_reported,not_reported,not_reported,not_reported,,Obtain control of the registered mobile number and use it to authenticate online-banking transactions.,The account holders did not authorize the transfer; after the mobile stopped functioning they discovered unauthorized online transfers.,yes,not_reported,,1625000,bank_transfer,not_reported,,yes,not_reported,yes,yes,not_reported,not_reported,not_reported,not_reported,not_reported,not_reported,not_reported,CBCID investigation reports; duplicate-SIM issuance records; bank transfer trail; IP-address findings.,not_reported,not_reported,not_reported,Unknown SIM-swap operator(s) and downstream beneficiary network,multiple_independent_sources,ip_or_login_record,moderate,"The High Court records investigative findings on the mechanism and financial trail, but the public judgment does not fully resolve the identity and specific conduct of every human operator.",,"Subscriber-acquisition records, CCTV/device evidence and authenticated bank-login artefacts tying the duplicate-SIM request and account access to specific operators.",,,not_reported,not_reported,not_applicable,Writ petitions disposed with directions concerning disputed fraudulent banking transactions; criminal investigation findings were discussed but individual criminal guilt was not adjudicated.,"Tony Enterprises and Tony Lites lost INR 1,625,000 after a duplicate SIM was issued to a person impersonating the registered subscriber. The Kerala High Court recorded CBCID findings that the fraudsters used duplicate SIMs, OTPs and unauthorized online-bank access, with funds transferred to accounts in West Bengal and Maharashtra.",v0.1.5 corrective expansion; source-to-code review completed 2026-09-04. v0.2.0 full-corpus source-to-code re-audit completed 2026-09-04.
SEIAI-0052,reviewed,0.2.0,Hamzah,2026-09-04,Repeated BSNL SIM-swap and HDFC account takeover fraud,2021-07-12,2021-07-15,2021,Maharashtra,Pune,not_reported,SRC-SEIAI-0052-01,T1,final_judgment,Bombay High Court,WP No.11990/2023,judgment,identity_theft_deception,account_takeover_social_engineering,in_person,,BSNL SIM / HDFC internet banking,platform_or_service,Registered BSNL subscriber identity used in repeated SIM-replacement requests,individual,retail banking,not_reported,not_reported,,"Multiple SIM-replacement requests were processed between Nashik, Pune and Vasai/Kalyan using the petitioner's identity while the legitimate subscriber experienced network problems.","The fraud mechanism relied on repeated SIM replacement, including loss/defect explanations, so OTPs and alerts associated with the petitioner's banking access could be diverted.",not_reported,not_reported,not_reported,not_reported,not_reported,not_reported,not_reported,not_reported,,Take control of the registered mobile connection and use the resulting authentication channel to alter beneficiaries and execute bank transfers.,"The petitioner did not authorize the beneficiary creation, increased transfer limit or transfers and reported the fraud after receiving a delayed transaction alert.",yes,not_reported,,3804000,bank_transfer,not_reported,,yes,not_reported,yes,yes,not_reported,not_reported,not_reported,not_reported,not_reported,not_reported,not_reported,BSNL SIM-swap logs; police correspondence; beneficiary creation and transfer records.,not_reported,not_reported,not_reported,Unknown SIM-swap and online-banking operator(s),multiple_independent_sources,bank_account_or_money_flow,moderate,The judgment establishes the repeated SIM-swap sequence and unauthorized banking activity but does not finally attribute every replacement request and transaction to identified human actors.,,"CCTV, original SIM-replacement applications/KYC artefacts and device/login records linking each fraudulent replacement and banking session to specific persons.",,,not_reported,not_reported,not_applicable,High Court final judgment on liability arising from the SIM-swap and unauthorized banking transactions.,"The Bombay High Court examined a 2021 cyber fraud in which the petitioner's BSNL SIM was swapped four times between 12 and 15 July 2021 and INR 3,804,000 was transferred to three newly created beneficiaries. The judgment records SIM-swap details, banking activity and police/telecom material.",v0.1.5 corrective expansion; source-to-code review completed 2026-09-04. v0.2.0 full-corpus source-to-code re-audit completed 2026-09-04.
SEIAI-0053,reviewed,0.2.0,Hamzah,2026-09-04,Nayna Vora SIM-service barring and internet-banking fraud,2021-12-04,2021-12-05,2021,Maharashtra,Mumbai,not_reported,SRC-SEIAI-0053-01,T1,final_judgment,Bombay High Court,WP No.3185/2022,judgment,account_takeover_social_engineering,identity_theft_deception,phone,,Mobile service / internet banking,platform_or_service,Registered mobile subscriber / lost-handset identity used to bar service,individual,retail banking,not_reported,not_reported,,Someone contacted the telecom service provider and requested that the registered mobile service be barred on the false ground that the handset was lost.,"While the legitimate subscriber's mobile was out of service, beneficiaries were added and internet-banking transfers were executed; debit/OTP messages were not delivered to her.",not_reported,not_reported,not_reported,not_reported,not_reported,not_reported,not_reported,not_reported,,Disable the legitimate subscriber's mobile service and exploit the resulting authentication gap to transfer funds.,"The account holder did not authorize the transactions and discovered that INR 1,879,000 had been transferred from her savings account.",yes,not_reported,,1879000,bank_transfer,not_reported,,yes,yes,yes,not_reported,not_reported,not_reported,not_reported,not_reported,not_reported,not_reported,not_reported,CDR/SDR/CAF; SMS activity reports; beneficiary and internet-banking transaction records.,yes,not_reported,not_reported,Unknown caller who caused service barring and online-banking operator(s),cdr_or_telecom_record,bank_account_or_money_flow,moderate,The source strongly documents service barring and transaction timing but does not conclusively identify the person who made the fraudulent telecom request or operated the bank session.,,Authenticated call/request records and device/login artefacts tying the service-barring request and bank session to the same operator.,,,not_reported,not_reported,not_applicable,High Court final judgment concerning liability for the unauthorized transactions and telecom/banking control failures.,"The Bombay High Court examined unauthorized internet-banking transfers totalling INR 1,879,000 during a period in which the petitioner's mobile service had been fraudulently barred. Cyber-cell, CDR/SDR/CAF and SMS activity records were discussed, including the absence of delivered OTP/debit messages during the relevant period.",v0.1.5 corrective expansion; source-to-code review completed 2026-09-04. v0.2.0 full-corpus source-to-code re-audit completed 2026-09-04.
SEIAI-0054,reviewed,0.2.0,Hamzah,2026-09-04,Co-operative bank duplicate-SIM OTP diversion fraud,2019-02-06,2019-02-07,2019,Karnataka,Bengaluru,not_reported,SRC-SEIAI-0054-01,T1,final_judgment,Karnataka High Court,WP No.16104/2025 c/w WP No.4674/2025,judgment,identity_theft_deception,account_takeover_social_engineering,in_person,,BSNL SIM / Canara Bank internet banking,platform_or_service,Co-operative bank registered mobile subscriber identity used to obtain a duplicate SIM,business,co-operative banking / business banking,not_reported,not_reported,,Unknown persons obtained a duplicate SIM corresponding to the co-operative bank's registered mobile number from BSNL without the bank's authorization.,The duplicate SIM diverted OTPs used to authenticate seven RTGS/NEFT transfers from the bank's Canara Bank current account.,not_reported,not_reported,not_reported,not_reported,not_reported,not_reported,not_reported,not_reported,,Obtain the registered mobile identity and use OTPs to authenticate high-value transfers.,"The co-operative bank did not authorize the transactions and discovered seven transfers totalling INR 8,770,000.",yes,not_reported,,8770000,bank_transfer,not_reported,,yes,not_reported,yes,not_reported,not_reported,not_reported,not_reported,not_reported,not_reported,not_reported,not_reported,Duplicate-SIM records; OTP authentication evidence; seven RTGS/NEFT transactions; police complaint.,yes,not_reported,not_reported,Unknown duplicate-SIM applicant(s) and transaction operator(s),multiple_independent_sources,bank_account_or_money_flow,moderate,"The judgment makes strong findings about the causal mechanism and service-provider verification failure, but the public decision is principally a liability case rather than a final criminal attribution of the fraudsters.",,"Subscriber-request/KYC evidence, CCTV and device/login evidence identifying the individual who obtained and used the duplicate SIM.",,,not_reported,not_reported,not_applicable,High Court final judgment on service-provider/banking liability and compensation for the SIM-swap enabled loss.,"The Karnataka High Court treated the unauthorized duplicate SIM as the foundational event enabling OTP diversion and seven fraudulent RTGS/NEFT transactions between 6 and 7 February 2019 totalling INR 8,770,000.",v0.1.5 corrective expansion; source-to-code review completed 2026-09-04. v0.2.0 full-corpus source-to-code re-audit completed 2026-09-04.
SEIAI-0055,reviewed,0.2.0,Hamzah,2026-09-04,Bhopal corporate duplicate-SIM and INR 49.99 lakh banking fraud,2013-04-02,2013-04-04,2013,Madhya Pradesh,Bhopal,not_reported,SRC-SEIAI-0055-01,T1,appellate_judgment,Telecom Disputes Settlement & Appellate Tribunal,Cyber Appeal No.18/2018,appeal,identity_theft_deception,account_takeover_social_engineering,in_person,,Airtel SIM / Bank of Baroda internet banking,platform_or_service,Corporate subscriber identity used with forged documents to obtain a duplicate SIM,business,corporate banking / manufacturing,not_reported,not_reported,,An impostor obtained a duplicate corporate SIM from a telecom point of sale using forged documentation.,The duplicate SIM replaced the legitimate connection and allowed the perpetrator to receive OTPs used for internet-banking transfers.,not_reported,not_reported,not_reported,not_reported,not_reported,not_reported,not_reported,not_reported,,Obtain a duplicate SIM and authenticate transfers from the company's bank account.,"The company did not authorize INR 4,999,000 in transfers to two beneficiary accounts; part of the amount was later recovered.",yes,not_reported,,4999000,bank_transfer,not_reported,,yes,not_reported,yes,not_reported,not_reported,not_reported,not_reported,not_reported,not_reported,not_reported,not_reported,Forged duplicate-SIM documentation; OTP records; beneficiary accounts; charge-sheet material.,not_reported,not_reported,not_reported,Duplicate-SIM applicant and beneficiary-account network,multiple_independent_sources,bank_account_or_money_flow,moderate,The appellate decision establishes the mechanism and service-provider negligence but does not itself finally determine the criminal responsibility of every accused in the separate prosecution.,,Trial findings and device-level evidence tying the duplicate-SIM user to the online-banking sessions and beneficiary-account control.,,,not_reported,yes,not_applicable,TDSAT appellate judgment upheld/considered telecom liability arising from duplicate-SIM issuance.,"TDSAT reviewed a 2013 corporate SIM-swap fraud in Bhopal in which INR 4.999 million was transferred after a duplicate SIM was issued on forged documentation. The tribunal discussed telecom verification failures, OTP use, beneficiary accounts and a criminal charge sheet.","v0.2.0 full re-audit: source places the fraudulent duplicate-SIM request on 2 April 2013, activation on 3 April and fraudulent transfer on 4 April; dates corrected accordingly. v0.2.0 full-corpus source-to-code re-audit completed 2026-09-04."
SEIAI-0056,reviewed,0.2.0,Hamzah,2026-09-04,Army serviceman duplicate-SIM and wallet withdrawal fraud,2017-05-18,2017-05-27,2017,Uttarakhand,Almora,not_reported,SRC-SEIAI-0056-01,T1,appellate_judgment,National Consumer Disputes Redressal Commission,Revision Petition No.573/2019,appeal,identity_theft_deception,account_takeover_social_engineering,in_person,,SIM / Paytm / Airtel Money / Snapdeal / M-Paisa,platform_or_service,Registered mobile subscriber identity used to obtain a duplicate SIM,individual,defence personnel / personal banking,not_reported,not_reported,,An unknown person fraudulently obtained a duplicate SIM for the complainant's number using identity documents that did not match the existing subscriber record.,"The duplicate SIM enabled transactions through Paytm, Airtel Money, Snapdeal and M-Paisa while the complainant continued to possess his original SIM at his posting.",not_reported,not_reported,not_reported,not_reported,not_reported,not_reported,not_reported,not_reported,,Take control of the registered number and use linked online services to withdraw funds.,"The complainant did not authorize the transactions and lost INR 287,630 between 21 and 27 May 2017.",yes,not_reported,,287630,multiple,not_reported,,yes,not_reported,yes,not_reported,not_reported,not_reported,not_reported,not_reported,not_reported,not_reported,not_reported,SIM-document discrepancy; wallet/online-service transaction trail.,not_reported,not_reported,not_reported,Unknown duplicate-SIM applicant and online-service operator,documentary_record,bank_account_or_money_flow,limited,The consumer decision establishes deficient SIM verification and the resulting loss but does not identify the human fraudster.,,"Original duplicate-SIM application/KYC, service-centre CCTV and wallet/provider account records identifying the operator.",,,not_reported,not_reported,not_applicable,NCDRC revision concerning telecom deficiency and consumer compensation.,"NCDRC reviewed a SIM-replacement fraud affecting an Army serviceman. It recorded that an unknown person obtained a duplicate SIM on 18 May 2017 and INR 287,630 was subsequently withdrawn through multiple online services.",v0.1.5 corrective expansion; source-to-code review completed 2026-09-04. v0.2.0 full-corpus source-to-code re-audit completed 2026-09-04.
SEIAI-0057,reviewed,0.2.0,Hamzah,2026-09-04,Kaytele Infracon duplicate-SIM and net-banking fraud,2017-05-25,2017-05-29,2017,Rajasthan,Jaipur,not_reported,SRC-SEIAI-0057-01,T1,appellate_judgment,Telecom Disputes Settlement & Appellate Tribunal,Cyber Appeal No.8/2021,appeal,identity_theft_deception,account_takeover_social_engineering,in_person,,Vodafone SIM / IDBI internet banking,platform_or_service,Business subscriber identity used with forged documents to obtain a replacement SIM,business,infrastructure business / business banking,not_reported,not_reported,,An unknown person used forged identity documents at a Vodafone store to obtain a replacement SIM associated with the complainant's business banking.,The duplicate SIM took over the registered number and enabled OTP-authenticated withdrawals while the legitimate SIM was non-operational.,not_reported,not_reported,not_reported,not_reported,not_reported,not_reported,not_reported,not_reported,,Obtain the replacement SIM and use OTP access to transfer funds from the business account.,"Kaytele Infracon LLP did not authorize six series of transactions totalling INR 6,850,000; INR 4,400,000 was reported recovered.",yes,not_reported,,6850000,bank_transfer,not_reported,,yes,not_reported,yes,not_reported,not_reported,not_reported,not_reported,not_reported,not_reported,not_reported,not_reported,Forged SIM-replacement documents; bank statement; charge sheet; recovery records.,not_reported,not_reported,not_reported,Duplicate-SIM applicant and charged financial/transaction network,multiple_independent_sources,bank_account_or_money_flow,moderate,"The tribunal's findings concern telecom/service liability; although a charge sheet is described, the decision does not establish final criminal guilt of each charged person.",,Final criminal trial findings and device/login records connecting the duplicate SIM to the unauthorized bank sessions.,,,not_reported,yes,not_applicable,TDSAT appellate judgment concerning telecom liability after SIM replacement fraud.,TDSAT reviewed a 2017 Rajasthan SIM-swap fraud in which a duplicate SIM was issued using forged identity documents and INR 6.85 million was siphoned from Kaytele Infracon LLP's bank account. The appellate record also describes a criminal charge sheet and partial recovery.,"v0.2.0 full re-audit: attack end corrected to 29 May 2017, the last source-described fraudulent transaction date; 1 June was discovery/reporting, not attack conduct. v0.2.0 full-corpus source-to-code re-audit completed 2026-09-04."
SEIAI-0058,reviewed,0.2.0,Hamzah,2026-09-04,Poona Auto Ancillaries phishing and corporate account compromise,2011-08-23,2011-08-23,2011,Maharashtra,Pune,not_reported,SRC-SEIAI-0058-01,T1,appellate_judgment,Telecom Disputes Settlement & Appellate Tribunal,Cyber Appeal No.4/2013,appeal,phishing,account_takeover_social_engineering,email,,Email / corporate internet banking,bank_or_financial_institution,Banking/security communication used to obtain or exploit corporate banking credentials,business,auto components / corporate banking,not_reported,not_reported,,The corporate complainant responded to a phishing email before unknown persons gained unauthorized access to its computer/banking environment.,"The phishing communication induced disclosure/use of banking credentials, after which unknown persons transferred funds from the corporate account.",not_reported,not_reported,not_reported,yes,not_reported,not_reported,not_reported,not_reported,,Obtain banking access credentials and use them to execute unauthorized transfers.,"The company suffered unauthorized transfers totalling INR 8,010,000; the adjudicating officer later awarded partial compensation while finding contributory negligence.",yes,not_reported,,8010000,bank_transfer,not_reported,,not_reported,not_reported,yes,not_reported,not_reported,not_reported,yes,not_reported,not_reported,not_reported,not_reported,Phishing-email admission; unauthorized computer/account access; bank transfer records.,not_reported,not_reported,not_reported,Unknown phishing sender and banking intruder,,,unclear,The appellate record documents the phishing response and unauthorized account access but provides little public human-identity attribution for the original phishing operator.,,"Original phishing email, authenticated headers, endpoint/browser artefacts and bank-login/IP records connecting the phishing infrastructure to a specific operator.",,,not_reported,not_reported,not_applicable,TDSAT appellate judgment in a cyber appeal from the Maharashtra adjudicating officer.,"TDSAT reviewed a 2011 phishing-enabled corporate banking fraud involving INR 8.01 million in unauthorized transfers. The underlying adjudicating officer had found that the complainant responded to a phishing email and shared password/account information, while also awarding partial compensation against the bank.",v0.2.0 full re-audit: focal unauthorized access/transfer conduct is source-supported on 23 August 2011; 24-25 August concern detection/reporting and are no longer coded as incident conduct dates. v0.2.0 full-corpus source-to-code re-audit completed 2026-09-04.
SEIAI-0059,reviewed,0.2.0,Hamzah,2026-09-04,Fake Prestige customer-care link and UPI fraud,2023-02-03,2023-02-04,2023,Punjab,Bathinda,not_reported,SRC-SEIAI-0059-01,T1,appellate_judgment,Punjab State Consumer Disputes Redressal Commission,First Appeal No.116/2025,appeal,customer_support_fraud,phishing,phone,,Google search / Phone / UPI,customer_support,Prestige customer-care/support representative,individual,household / personal finance,not_reported,not_reported,,"The complainant searched Google for Prestige gas-burner customer care, opened a top search result and called the number displayed there.","The caller represented himself as Prestige customer care, promised quick repair and sent a link for a supposed service application/registration process.",not_reported,not_reported,yes,yes,not_reported,not_reported,not_reported,not_reported,,"Click the link, install/use the purported support flow and make a small UPI registration payment.","The complainant followed the caller's instructions; nine UPI transfers totalling INR 200,000 were then made from her account.",not_reported,not_reported,,200000,upi,not_reported,,not_reported,not_reported,yes,not_reported,not_reported,not_reported,not_reported,not_reported,not_reported,not_reported,not_reported,Google-search entry vector; customer-care link/application; UPI transaction records.,not_reported,not_reported,not_reported,Unknown fake customer-care operator,,,unclear,The consumer appeal reconstructs the victim-facing deception but does not identify the caller or technical operator.,,"Search-ad ownership/website registration, call-detail records, device artefacts and beneficiary UPI KYC tying the support identity to the operator.",,,not_reported,not_reported,not_applicable,"State consumer appeal decided in favour of the bank; consumer liability dispute adjudicated, attacker identity not decided.","A Punjab consumer appeal records that the complainant found a fake Prestige customer-care number through Google, was directed to a link/application flow and subsequently lost INR 200,000 through nine UPI transactions.",v0.1.5 corrective expansion; source-to-code review completed 2026-09-04. v0.2.0 full-corpus source-to-code re-audit completed 2026-09-04.
SEIAI-0061,reviewed,0.2.0,Hamzah,2026-09-04,RBL reward-points phishing link and credit-card fraud,2023-04-13,2023-04-13,2023,Madhya Pradesh,Indore,not_reported,SRC-SEIAI-0061-01,T1,final_judgment,Madhya Pradesh High Court,M.Cr.C. No.46412/2023,judgment,phishing,bank_impersonation,phone,,Phone / phishing link / credit card,bank_or_financial_institution,RBL Bank credit-card reward-points service,individual,retail banking / credit card,not_reported,not_reported,,The complainant received repeated calls offering redemption of RBL credit-card reward points; on 13 April 2023 an unknown caller sent a link.,"The link was presented as a reward-redemption mechanism. After the complainant clicked it and filled in details, an unauthorized credit-card transaction followed.",not_reported,not_reported,not_reported,yes,not_reported,not_reported,not_reported,not_reported,,Open the reward-redemption link and submit requested card/account details.,"The complainant clicked the link, filled the form and lost INR 24,311 from the credit card.",yes,not_reported,,24311,card,not_reported,,not_reported,not_reported,yes,not_reported,not_reported,not_reported,not_reported,not_reported,not_reported,not_reported,not_reported,Reward-points call and phishing link; credit-card transaction.,not_reported,not_reported,not_reported,Unknown reward-points caller and link operator,,,unclear,The order primarily addresses compromise/quashing and does not develop the technical evidence identifying the original caller or website operator.,,"Original URL/domain records, call records, device/browser artefacts and card-transaction authentication logs.","IPC Sections 420, 467, 468, 471",,not_reported,not_reported,not_applicable,FIR and consequential proceedings quashed following settlement between the parties; allegations not adjudicated on merits.,"The Madhya Pradesh High Court's quashing order reproduces a phishing/vishing sequence in which a reward-points caller sent a link, the complainant submitted details, and INR 24,311 was fraudulently disbursed. Proceedings were later quashed on compromise rather than merits.",v0.1.5 corrective expansion; source-to-code review completed 2026-09-04. v0.2.0 full-corpus source-to-code re-audit completed 2026-09-04.
SEIAI-0062,reviewed,0.2.0,Hamzah,2026-09-04,Fake CBI officer and NCRB recruitment fraud,,,2016,Delhi,New Delhi,not_reported,SRC-SEIAI-0062-01,T1,final_judgment,"Delhi District Court, Rouse Avenue",CBI/261/2019; FIR No.221/2019/E0004,judgment,job_fraud,government_impersonation,multiple,,Phone / WhatsApp / email / forged documents,government_official,CBI officer and purported NCRB recruitment official,job_seeker,employment / recruitment,not_reported,not_reported,,"The accused approached former colleagues and represented himself as a CBI officer, then said NCRB recruitment was taking place and asked them to refer friends.","He used a fake CBI ID card, fake NCRB offer letters, email accounts and interview calls to make the recruitment scheme appear genuine.",yes,not_reported,not_reported,yes,not_reported,not_reported,not_reported,yes,,Pay recruitment/interview charges and supply referrals for other job seekers.,"Victims paid cash and bank transfers, supplied referrals and relied on the forged recruitment documents; one complainant paid INR 20,000 in total.",no,not_reported,,20000,multiple,not_reported,,not_reported,not_reported,yes,yes,not_reported,yes,yes,not_reported,not_reported,not_reported,yes,Fake CBI ID; fake NCRB offer letters; email access logs; bank records; phone records; Section 65B certificates.,yes,not_reported,not_reported,Identified accused's CBI/NCRB impersonation and recruitment conduct,multiple_independent_sources,message_or_email_content,strong,"The conviction strongly attributes the charged conduct to the accused, although the normalized loss field reflects the focal complainant rather than aggregate payments from all victims.",,No material gap for attribution of the convicted conduct in the focal prosecution; broader victim totals would require complete victim-by-victim payment records.,"IPC Sections 419, 420, 468, 471; Information Technology Act Section 66D",,not_reported,not_reported,convicted,Accused convicted for impersonation/cheating and IT Act personation offences; judgment also addressed forged documents.,"A Delhi trial court convicted Nitesh Chugh for impersonating a CBI officer and running a fake NCRB recruitment scheme. The judgment discusses WhatsApp transmission of a fake CBI ID, forged offer letters, email accounts, bank transfers, phone usage, IP/access evidence and Section 65B-backed electronic records.",v0.2.0 full re-audit: judgment states the offence period only as 2016-2017. Exact day/month dates removed to avoid false precision; incident_year retains the first reported year. v0.2.0 full-corpus source-to-code re-audit completed 2026-09-04.
SEIAI-0063,reviewed,0.2.0,Hamzah,2026-09-04,Fake Shine.com call-centre credential capture and wallet fraud,,,2023,Delhi,New Delhi,not_reported,SRC-SEIAI-0063-01,T1,bail_order,Delhi High Court,BAIL APPLN. 903/2024; FIR No.0079/2024,bail_or_interim,job_fraud,phishing,phone,,Shine.com / shinecomplaint.in / Paytm / PhonePe,recruiter,Shine.com employee / recruiter / job-support representative,job_seeker,employment / online recruitment,not_reported,not_reported,,A fake call centre allegedly procured job-seeker details from Shine.com and called victims while impersonating Shine employees.,"Victims were told a job-help service cost only INR 10 and were guided to the lookalike domain shinecomplaint.in, which captured payment credentials and OTP input.",not_reported,not_reported,not_reported,yes,not_reported,not_reported,not_reported,not_reported,,Enter personal/payment details and authorize what appeared to be a nominal INR 10 service charge.,"Victims entered credentials/OTP believing they were paying INR 10, while operators allegedly used the captured data to transfer larger sums into wallets.",yes,not_reported,,,wallet,not_reported,,not_reported,not_reported,not_reported,not_reported,yes,not_reported,not_reported,not_reported,not_reported,not_reported,not_reported,Lookalike domain; seized laptops and phones; alleged wallet/account flows.,not_reported,not_reported,not_reported,Bail applicant's alleged role in operating the call centre and supplying bank accounts,co_accused_link,device_possession_or_forensics,limited,The source is a bail-stage order. The applicant disputed the co-accused disclosure basis and the order does not finally establish who operated each victim-facing call or credential-capture session.,,"Forensic examination of seized laptops/phones, domain registration/hosting records and wallet/account KYC tying the applicant to specific victim sessions.",,,not_reported,not_reported,not_yet_adjudicated,Bail-stage proceedings; trial/investigation allegations remained unadjudicated.,"A Delhi High Court bail order describes a fake Shine.com call centre that used a lookalike domain and nominal INR 10 payment pretext to capture payment credentials and OTPs, then allegedly transferred larger amounts to Paytm/PhonePe wallets.",v0.1.5 corrective expansion; source-to-code review completed 2026-09-04. v0.2.0 full-corpus source-to-code re-audit completed 2026-09-04.
SEIAI-0064,reviewed,0.2.0,Hamzah,2026-09-04,boAt replacement-charge email and UPI impersonation case,2022-12-13,2023-03-15,2022,Karnataka,Bengaluru,not_reported,SRC-SEIAI-0064-01,T1,final_judgment,"XLV Additional CJM, Bengaluru",C.C. No.979/2024,judgment,customer_support_fraud,phishing,email,,Email / UPI,customer_support,boAt / Imagine Marketing warranty-support representative,individual,retail consumer / warranty support,not_reported,not_reported,,Customers seeking warranty replacements received unauthorized demands through a misleading email address that appeared connected to boAt/Imagine Marketing.,The sender falsely represented that courier/replacement charges had to be paid even though the company's policy provided free door-to-door warranty replacement.,not_reported,not_reported,not_reported,not_reported,not_reported,not_reported,not_reported,not_reported,,Pay purported courier/replacement charges through supplied UPI identifiers.,At least one documented customer paid INR 164 through UPI; seven customers complained of similar unauthorized demands.,not_reported,not_reported,,164,upi,not_reported,,yes,yes,yes,not_reported,not_reported,not_reported,yes,not_reported,not_reported,not_reported,not_reported,Customer complaints; misleading email; UPI IDs; subscriber data; Google/Paytm records; bank statements/KYC; CDR/CAF; Section 65B discussion.,yes,not_reported,yes,Accused's alleged creation/use of misleading email and UPI identifiers,,,unclear,The trial court expressly acquitted the accused; the prosecution evidence did not establish beyond reasonable doubt that he created or controlled the misleading email/UPI identities.,,Properly authenticated provider records and direct device/account-control evidence linking the email and UPI identifiers to the accused.,"Information Technology Act Sections 66C, 66D; IPC Sections 419, 420",,not_reported,not_reported,acquitted,Final criminal acquittal on all charged counts.,"A Bengaluru criminal trial examined allegations that a service-partner employee created a misleading boAt-related email identity and fake UPI IDs to collect replacement courier charges. Despite subscriber, bank, Google/Paytm and electronic-record material, the accused was acquitted because the prosecution failed to prove the charges beyond reasonable doubt.",v0.1.5 corrective expansion; source-to-code review completed 2026-09-04. v0.2.0 full-corpus source-to-code re-audit completed 2026-09-04.
SEIAI-0065,reviewed,0.2.0,Hamzah,2026-09-04,KKR deepfake investment impersonation across WhatsApp and social media,,,2023,Delhi,New Delhi,not_reported,SRC-SEIAI-0065-01,T1,final_judgment,Delhi High Court,CS(COMM) 92/2024,judgment,social_media_impersonation,investment_fraud,multiple,,WhatsApp / Telegram / Facebook / Instagram,investment_advisor,Akshay Tanna / claimed KKR-associated investment adviser,investor,retail investment,not_reported,not_reported,,"Fraudulent WhatsApp groups, Telegram/Facebook/Instagram identities and accounts used the plaintiff's name, photograph and claimed association with KKR.",The operators circulated a deepfake video falsely depicting the plaintiff giving investment advice and represented accounts/groups as authorized financial services.,yes,not_reported,not_reported,yes,not_reported,not_reported,not_reported,not_reported,,Join fraudulent investment groups and rely on the impersonated identity for financial/investment decisions.,Members of the public were misled into believing the groups and advice were associated with the plaintiff/KKR; the source does not normalize individual victim losses.,not_reported,not_reported,,,not_applicable,not_reported,,not_reported,not_reported,not_reported,not_reported,not_reported,yes,not_reported,yes,not_reported,yes,not_reported,WhatsApp/Telegram groups; Facebook/Instagram pages; deepfake video; platform notices and service records.,not_reported,not_reported,not_reported,Defendant account/group operator(s) responsible for the impersonation,message_or_email_content,platform_provider_record,moderate,"The civil decree treats uncontroverted allegations against the relevant defendant as admitted and identifies platform accounts, but it is not a criminal forensic attribution of every account administrator.",,"Provider registration, IP/login and device records establishing the human controller of each fraudulent account/group.",,,not_reported,not_reported,not_applicable,Final civil decree and permanent injunction; platforms directed to remove/block impersonating accounts and groups.,"The Delhi High Court passed a final decree against impersonating defendants who used WhatsApp, Telegram, Facebook and Instagram identities plus a deepfake investment-advice video to deceive the public by claiming association with KKR and the plaintiff.",v0.2.0 full re-audit: exact incident dates removed. Source establishes that impersonation was discovered in December 2023 and continued into 2024; incident_year corrected to 2023. v0.2.0 full-corpus source-to-code re-audit completed 2026-09-04.
SEIAI-0066,reviewed,0.2.0,Hamzah,2026-09-04,ChrysCapital WhatsApp employee impersonation investment scheme,,,2024,Delhi,New Delhi,not_reported,SRC-SEIAI-0066-01,T1,final_judgment,Delhi High Court,CS(COMM) 475/2024,judgment,investment_fraud,social_media_impersonation,whatsapp,,WhatsApp / fraudulent investment website,investment_advisor,ChrysCapital employees and senior personnel,investor,retail investment,not_reported,not_reported,,Members of the public were contacted or added to WhatsApp groups using ChrysCapital branding and the names/photos of senior personnel.,"The operators claimed to be ChrysCapital employees, promised high investment returns, used fake registration forms/seals and operated a fraudulent investment website.",yes,not_reported,not_reported,yes,not_reported,not_reported,not_reported,not_reported,,Join the purported ChrysCapital investment service and transfer money for trading/investment.,Victims were induced to transfer various sums believing they were investing through the genuine firm; individual loss totals were not normalized in the judgment.,not_reported,not_reported,,,bank_transfer,not_reported,,not_reported,not_reported,not_reported,not_reported,not_reported,yes,not_reported,yes,not_reported,yes,not_reported,WhatsApp screenshots; fake registration forms/seal; fraudulent website; phone-account blocking/KYC directions.,not_reported,not_reported,not_reported,Identified/linked WhatsApp and phone-account operators described as infringing defendants,message_or_email_content,platform_provider_record,moderate,The civil proceedings identify and restrain account/phone defendants but do not provide a criminal-grade reconstruction of each financial recipient's knowledge or role.,,Beneficiary-account records and device/IP/provider logs mapping each victim-facing WhatsApp identity to its human operator and money flow.,,,not_reported,not_reported,not_applicable,Suit disposed with permanent/blocking directions against infringing WhatsApp/phone identities.,"The Delhi High Court's final order records a scheme in which defendants used WhatsApp, a fraudulent website and the identities of ChrysCapital senior personnel to solicit investments and collect money under promises of bumper returns.",v0.2.0 full re-audit: exact day-level dates removed. Source establishes activity beginning in April 2024 but does not establish 1 April as the incident start or the judgment date as the incident end. v0.2.0 full-corpus source-to-code re-audit completed 2026-09-04.
SEIAI-0067,reviewed,0.2.0,Hamzah,2026-09-04,Ankur Warikoo deepfake investment-lure scheme,,,2024,Delhi,New Delhi,not_reported,SRC-SEIAI-0067-01,T1,interim_order,Delhi High Court,CS(COMM) 514/2025,bail_or_interim,social_media_impersonation,investment_fraud,multiple,,Facebook / Instagram / WhatsApp,investment_advisor,Ankur Warikoo as purported investment adviser,investor,retail investment,not_reported,not_reported,,"Deepfake videos using Ankur Warikoo's face, voice and identity were published on social-media platforms and directed viewers toward WhatsApp groups.","The fabricated videos falsely presented Warikoo as giving stock tips and promising high-return opportunities, then moved victims to suspicious investment groups/apps/accounts.",yes,not_reported,not_reported,yes,not_reported,not_reported,not_reported,not_reported,,Join the WhatsApp group and deposit money into suspicious investment applications/accounts.,"The source records reports of investors who lost money after believing the deepfake endorsements, but does not provide a single normalized focal loss amount.",not_reported,not_reported,,,bank_transfer,not_reported,,not_reported,not_reported,not_reported,not_reported,not_reported,yes,not_reported,yes,not_reported,yes,not_reported,Deepfake video content; Instagram/Facebook links; WhatsApp groups; platform complaint records.,not_reported,not_reported,not_reported,Unknown deepfake publisher(s) and investment-group operators,,,unclear,The John Doe operators were not identified in the interim order; the court directed platform disclosure of available registration and IP information.,,"Platform disclosure, IP/login records, payment beneficiary KYC and device evidence identifying the deepfake publishers and investment-account operators.",,,not_reported,not_reported,not_applicable,Interim injunction/takedown and disclosure directions; suit remained pending.,"The Delhi High Court granted interim relief against deepfake investment content falsely depicting Ankur Warikoo. The order describes a funnel from social-media deepfakes to WhatsApp groups and suspicious investment apps/accounts, with reports that investors had already lost money.",v0.2.0 full re-audit: exact dates removed. Source describes deepfake material surfacing around August-September 2024 and continuing into 2025; judgment date is not coded as incident end. v0.2.0 full-corpus source-to-code re-audit completed 2026-09-04.
SEIAI-0068,reviewed,0.2.0,Hamzah,2026-09-04,Government-job promise and fake joining-letter fraud,,,2025,Haryana,Sirsa,not_reported,SRC-SEIAI-0068-01,T1,bail_order,Punjab and Haryana High Court,CRM-M-8466-2026; FIR No.293/2025,bail_or_interim,job_fraud,government_impersonation,in_person,,In person / WhatsApp / Google Pay,government_official,Purported government-connected recruitment facilitator,job_seeker,employment / government recruitment,not_reported,not_reported,,"The complainant met the petitioner, who asked whether he wanted a government job and claimed connections with influential persons in the government setup.","The petitioner allegedly demanded INR 250,000, later sent a fake joining letter through WhatsApp and directed additional Google Pay transfers.",yes,not_reported,not_reported,yes,not_reported,not_reported,not_reported,yes,,Pay money in stages in exchange for arranging a government job.,"The complainant allegedly paid INR 200,000 in cash/Google Pay before discovering that the joining letter did not secure employment.",not_reported,not_reported,,200000,multiple,not_reported,,not_reported,not_reported,yes,not_reported,not_reported,yes,yes,not_reported,not_reported,not_reported,not_reported,Fake joining letter; WhatsApp transmission; Google Pay records; complaint documents.,not_reported,not_reported,not_reported,"Petitioner's alleged direct inducement, receipt of money and transmission of fake joining letter",witness_or_statement,message_or_email_content,moderate,The source is a bail-stage order and the petitioner advanced an alternative explanation that he was himself a victim of an upstream fraud. Guilt remained for trial.,,"Authenticated WhatsApp/email records, payment-account records and forensic linkage establishing who created the fake joining letter and controlled the payment destinations.","BNS Sections 3(5), 318(4), 336(3), 338, 340",,no,not_reported,not_yet_adjudicated,Anticipatory-bail proceedings; merits not finally adjudicated.,"A Punjab and Haryana High Court anticipatory-bail order describes an alleged government-job fraud involving a direct promise of influence, staged payments and a fake joining letter sent through WhatsApp. The petitioner disputed the allegations and claimed that he too had been deceived by another job-fraud operator.",v0.2.0 full re-audit: exact conduct date is not stated in the public order; day-level dates removed rather than substituting FIR/proceeding dates. v0.2.0 full-corpus source-to-code re-audit completed 2026-09-04.
SEIAI-0069,reviewed,0.2.0,Hamzah,2026-09-04,HDFC reward-points smishing and card-payment fraud,2023-01-28,2023-01-28,2023,Chandigarh,Chandigarh,not_reported,SRC-SEIAI-0069-01,T1,appellate_judgment,"State Consumer Disputes Redressal Commission, Chandigarh",First Appeal No.SC/4/FA/239/2025,appeal,smishing,bank_impersonation,sms,,SMS / HDFC credit card,bank_or_financial_institution,HDFC Bank credit-card reward-points service,individual,retail banking / credit card,not_reported,not_reported,,The complainant received an SMS on 28 January 2023 about redeeming HDFC credit-card reward points.,He clicked the reward-points message/link believing it genuine; OTPs were generated and two fraudulent card transactions were completed after a first attempted transaction failed.,not_reported,not_reported,not_reported,yes,not_reported,not_reported,not_reported,not_reported,,Open the reward-redemption flow and complete the purported redemption process.,"The complainant clicked the message/link and INR 248,000 in two card transactions was charged; he denied sharing the OTPs.",unknown,not_reported,,248000,card,not_reported,,not_reported,not_reported,yes,not_reported,not_reported,not_applicable,not_reported,not_reported,not_reported,not_reported,not_reported,Reward-points SMS/link; OTP messages; card transaction and merchant records.,yes,not_reported,not_reported,Unknown reward-points message/link operator,,,unclear,"The consumer proceeding addresses bank/customer liability and OTP authentication, not the human identity behind the phishing infrastructure.",,"Original SMS/link/domain artefacts, merchant/payment-gateway records, device/browser telemetry and IP logs identifying the external operator.",,,not_reported,not_reported,not_applicable,State consumer appellate decision concerning liability for the disputed card transactions.,"A Chandigarh consumer appeal examined a reward-points smishing/phishing incident in which two fraudulent credit-card payments totalling INR 248,000 succeeded after the complainant clicked a reward-points message. The parties disputed what OTP use implied about responsibility.",v0.1.5 corrective expansion; source-to-code review completed 2026-09-04. v0.2.0 full-corpus source-to-code re-audit completed 2026-09-04.
SEIAI-0070,reviewed,0.2.0,Hamzah,2026-09-04,Fake eKYC link and SBI internet-banking fraud,2024-01-09,2024-01-09,2024,Chandigarh,Chandigarh,not_reported,SRC-SEIAI-0070-01,T1,appellate_judgment,"State Consumer Disputes Redressal Commission, U.T. Chandigarh",Appeal No.292/2025,appeal,phishing,bank_impersonation,website,,Fake eKYC website / SBI internet banking,bank_or_financial_institution,SBI eKYC / internet-banking verification service,business,business banking,not_reported,not_reported,,"While visiting what the complainant described as the official SBI website, an eKYC-verification link appeared and was believed to be genuine.","The link presented itself as a bank eKYC verification process. After it was clicked, an IMPS transaction was completed using internet banking and OTP authentication.",not_reported,not_reported,not_reported,yes,not_reported,not_reported,not_reported,not_reported,,Complete the purported eKYC verification flow.,"The complainant clicked the link and INR 49,997 was withdrawn from a business current account.",unknown,not_reported,,49997,bank_transfer,not_reported,,not_reported,not_reported,yes,not_reported,not_reported,not_reported,not_reported,not_reported,not_reported,not_reported,not_reported,Purported eKYC link; OTP delivery report; IMPS/internet-banking transaction records.,yes,not_reported,not_reported,Unknown eKYC/phishing-link operator,,,unclear,The source does not establish where the link originated or who controlled it; the commission specifically noted lack of material connecting the link to the bank.,,"Original URL/domain, browser history, DNS/hosting records and bank/IP session logs tying the phishing page to an operator.",,,not_reported,not_reported,not_applicable,State consumer appeal dismissed; bank liability not established.,"A Chandigarh consumer appeal examined an INR 49,997 internet-banking transaction after the complainant clicked a purported eKYC link. The commission characterized the allegations as involving phishing/impersonation but found no proven bank-system failure.",v0.1.5 corrective expansion; source-to-code review completed 2026-09-04. v0.2.0 full-corpus source-to-code re-audit completed 2026-09-04.
SEIAI-0071,reviewed,0.2.0,Hamzah,2026-09-04,Shaurya persona multi-pretext government-job and investment deception,,,not_reported,Delhi,New Delhi,not_reported,SRC-SEIAI-0071-01,T1,bail_order,Delhi High Court,BAIL APPLN. 2071/2025,bail_or_interim,government_impersonation,job_fraud,whatsapp,,WhatsApp,government_official,"“Shaurya” persona claiming government-job, tender and investment access",individual,employment / retail investment,not_reported,not_reported,,The complainant and her daughter allegedly dealt over an extended period with a person using the identity 'Shaurya'.,"The persona allegedly promised government jobs, tenders involving MTNL/BMW/Google, investment opportunities and later invoked personal/emergency narratives to obtain further money.",yes,not_reported,not_reported,yes,not_reported,not_reported,not_reported,yes,,"Pay money under successive job, tender, investment and emergency pretexts.",The complainant and her daughter allegedly made repeated payments; the public bail order does not state a clean aggregate loss amount.,not_reported,not_reported,,,multiple,not_reported,,not_reported,not_reported,yes,not_reported,yes,yes,not_reported,not_reported,not_reported,not_reported,not_reported,WhatsApp chats; audio recordings; bank statements; phone-possession account.,not_reported,not_reported,not_reported,Bail applicant's alleged role in the Shaurya persona/payment collection,message_or_email_content,bank_account_or_money_flow,limited,The prosecution itself distinguished audio conversations involving a co-accused from WhatsApp chats attributed to the Shaurya persona; the applicant disputed that the chats involved him. The source is bail-stage only.,,"Device extraction, account/session records and voice/device attribution tying the Shaurya WhatsApp identity and payment collections to identified operators.",,,not_reported,not_reported,not_yet_adjudicated,Regular bail granted; underlying cheating allegations remained for trial.,"A Delhi High Court bail order describes a long-running deception using the persona 'Shaurya' and multiple shifting pretexts, including government jobs, tenders, investments and personal emergencies. The prosecution relied on WhatsApp chats, audio recordings and bank statements, while disputing which communications involved the bail applicant.","v0.2.0 full re-audit: old 2016-2017 range was unsupported. Public bail material does not establish a reliable focal incident year, so incident_year is now not_reported and exact dates are blank. v0.2.0 full-corpus source-to-code re-audit completed 2026-09-04."
SEIAI-0072,reviewed,0.2.0,Hamzah,2026-09-04,FedEx narcotics and Cyber Crime Inspector digital-arrest fraud,2024-07-20,2024-07-24,2024,Kerala,Thrissur,no,SRC-SEIAI-0072-01,T1,final_judgment,Kerala High Court,WP(Crl.) No.1376/2024; Crime No.83/2024,judgment,digital_arrest,police_impersonation,phone,,Phone / bank transfers,police,FedEx representative and Mumbai Cyber Crime Inspector,elderly_person,household / personal finance,not_reported,not_reported,,An unknown caller introduced himself as Ajay Kumar from FedEx Mumbai and claimed that a Russia-bound package booked in the victim's name contained illegal drugs.,"The call was transferred to another person claiming to be a Mumbai Cyber Crime Inspector, who said the victim's bank account required verification before the matter could be cleared.",yes,yes,yes,yes,not_reported,not_reported,not_reported,not_reported,,Transfer savings into bank accounts supplied by the purported investigators for verification/clearance.,"The 75-year-old petitioner transferred INR 10,440,111 into three accounts between 22 and 24 July 2024.",not_reported,not_reported,,10440111,bank_transfer,not_reported,,not_reported,not_reported,yes,not_reported,not_reported,not_reported,not_reported,not_reported,not_reported,not_reported,not_reported,FIR; investigation statement; three beneficiary accounts and nationwide transaction trail.,not_reported,not_reported,not_reported,Unknown FedEx and Cyber Crime impersonating callers and downstream account network,,,unclear,"The final writ judgment concerns transfer of investigation, not guilt or identification of the perpetrators; the victim-facing callers remained unresolved.",,"Telecom/platform records, beneficiary-account KYC, device/IP evidence and cross-state transaction tracing identifying the caller and financial controllers.",BNS Section 318(4); Information Technology Act Section 66D,,not_reported,no,not_yet_adjudicated,Kerala High Court directed the CBI to take over investigation of the cybercrime FIR.,"The Kerala High Court recorded a digital-arrest style fraud in which a FedEx narcotics pretext escalated to Mumbai Cyber Crime impersonation and induced a 75-year-old victim to transfer INR 10,440,111. The judgment transferred the investigation to the CBI because the perpetrators and transactions appeared spread across multiple states.","v0.2.0 full re-audit: attack end corrected to 24 July 2024, the last transfer date; 25 July was complaint/FIR timing. v0.2.0 full-corpus source-to-code re-audit completed 2026-09-04."
SEIAI-0073,reviewed,0.2.0,Hamzah,2026-09-04,Abroad-relative medical-emergency WhatsApp impersonation fraud,,,2025,Haryana,Karnal,suspected,SRC-SEIAI-0073-01,T1,bail_order,Punjab and Haryana High Court,CRM-M-26249-2026; FIR No.160/2025,bail_or_interim,family_impersonation,,whatsapp,,WhatsApp,family_or_friend,Complainant’s relative “Pankaj” said to be living abroad,individual,household / family network,not_reported,not_reported,,"The complainant received a WhatsApp call from an unknown number where the caller impersonated his relative Pankaj, said to be living abroad.",The caller invoked a medical emergency and induced the complainant to send money to accounts supplied by the fraud network.,not_reported,not_reported,yes,yes,not_reported,yes,not_reported,not_reported,,Transfer money urgently to the supplied accounts for the purported relative's medical emergency.,"The complainant transferred approximately INR 799,000 before learning that the real relative had initiated no such transaction.",not_reported,not_reported,,799000,bank_transfer,not_reported,,not_reported,not_reported,yes,yes,not_reported,not_reported,not_reported,not_reported,not_reported,not_reported,not_reported,Beneficiary bank account trace; IP addresses reportedly linked outside India; challan.,not_reported,not_reported,not_reported,"Petitioner's alleged beneficiary-account role, separate from the unidentified WhatsApp caller",bank_account_or_money_flow,ip_or_login_record,limited,The petitioner was linked to an account receiving cheated funds but the order does not establish that he made the WhatsApp call; he claimed another person controlled his account/ATM.,,Authenticated WhatsApp/telecom records identifying the caller and device/account evidence establishing who controlled the beneficiary account during the transfers.,,,yes,yes,not_yet_adjudicated,Regular bail granted after charge sheet and framing of charges; merits remained for trial.,"A Punjab and Haryana High Court bail order records a WhatsApp family-impersonation fraud in which a caller posed as the complainant's relative abroad and used a medical-emergency pretext to induce transfers of about INR 799,000. Police traced one beneficiary account to the petitioner, who claimed his account and ATM had been misused by another person.",v0.2.0 full re-audit: exact fraud date was not established independently of FIR/procedural timing; day-level dates removed. v0.2.0 full-corpus source-to-code re-audit completed 2026-09-04.
SEIAI-0074,reviewed,0.2.0,Hamzah,2026-09-04,Senior-citizen KYC smishing and unauthorized SBI transactions,2021-07-12,2021-07-12,2021,Delhi,New Delhi,not_reported,SRC-SEIAI-0074-01,T1,appellate_judgment,Delhi State Consumer Disputes Redressal Commission,First Appeal No.133/2024,appeal,smishing,bank_impersonation,sms,,SMS / SBI banking,bank_or_financial_institution,SBI KYC verification service,elderly_person,senior citizen / retail banking,not_reported,not_reported,,A senior citizen received an SMS on his registered mobile number asking him to complete KYC.,"He clicked the KYC link; two unauthorized transactions then occurred, including an ATM withdrawal in Jamshedpur while he was in Delhi.",not_reported,not_reported,not_reported,yes,not_reported,not_reported,not_reported,not_reported,,Open the KYC link and complete the purported verification process.,"The complainant clicked the link and INR 45,000 was withdrawn/transferred from his account.",unknown,not_reported,,45000,multiple,not_reported,,not_reported,not_reported,yes,not_reported,not_reported,not_applicable,not_reported,not_reported,not_reported,not_reported,not_reported,KYC SMS; ATM and transfer records; bank complaint and claim documents.,not_reported,not_reported,not_reported,Unknown KYC-message/link operator,,,unclear,"The consumer appeal addressed bank liability and did not identify the sender of the SMS, the link controller or the person behind the Jamshedpur withdrawal.",,"Original URL/domain and SMS-origin records, ATM CCTV/card-authentication evidence and beneficiary-account KYC.",,,not_reported,not_reported,not_applicable,Delhi State Consumer Commission dismissed the bank's appeal and maintained consumer relief.,"A Delhi consumer appeal records a KYC smishing incident in which a senior citizen clicked a verification link and then suffered INR 45,000 in unauthorized transactions. The record included the original SMS and banking complaint documents.",v0.1.5 corrective expansion; source-to-code review completed 2026-09-04. v0.2.0 full-corpus source-to-code re-audit completed 2026-09-04.
SEIAI-0075,reviewed,0.2.0,Hamzah,2026-09-04,Bank-branch vishing and Aadhaar-linking ATM-card fraud,2016-05-27,2016-05-27,2016,Madhya Pradesh,Mandsaur,not_reported,SRC-SEIAI-0075-01,T1,appellate_judgment,Madhya Pradesh State Consumer Disputes Redressal Commission,First Appeal No.1986/2017,appeal,vishing,bank_impersonation,phone,,Phone / ATM card,bank_or_financial_institution,Bank main-branch official / Aadhaar-linking representative,individual,retail banking,not_reported,not_reported,,An unknown caller claimed to be calling from the bank's main branch and said the victim's ATM card was being blocked and linked with Aadhaar.,The caller requested the nineteen-digit number on the back of the card under the bank-verification/Aadhaar-linking pretext.,yes,yes,yes,yes,not_reported,not_reported,not_reported,not_reported,,Disclose ATM/card details to prevent blocking and complete the purported Aadhaar linkage.,"The complainant disclosed the requested card number; eight online purchases totalling INR 42,760 followed, with INR 4,000 later credited back.",yes,not_reported,,42760,card,not_reported,,not_reported,not_reported,yes,not_reported,not_reported,not_reported,not_reported,not_reported,not_reported,not_reported,not_reported,Caller pretext; card transaction SMS; bank and police complaint records.,not_reported,not_reported,not_reported,Unknown bank-impersonating caller,,,unclear,The consumer appeal reconstructs the call and transactions but does not identify the caller or establish who entered any OTP/PIN/CVV required for the purchases.,,"Caller CDR/subscriber records, merchant/payment-gateway logs, device/IP evidence and transaction-authentication records.",,,not_reported,not_reported,not_applicable,Madhya Pradesh State Consumer Commission allowed the bank's appeal and set aside the refund direction.,"A Madhya Pradesh consumer appeal documents a classic vishing case in which a caller impersonating the bank's main branch used ATM blocking/Aadhaar-linking as a pretext to obtain card details, followed by eight online purchases. The commission ultimately attributed contributory negligence to the complainant in the banking-liability dispute.","v0.2.0 full re-audit: attack conduct occurred on 27 May 2016; 28 May was discovery, so end date corrected to 27 May. v0.2.0 full-corpus source-to-code re-audit completed 2026-09-04."
SEIAI-0076,reviewed,0.2.2,Hamzah,2026-09-06,HDFC software-upgrade phishing and missing device-forensics report,2008-08-23,2008-08-27,2008,Delhi,New Delhi,yes,SRC-SEIAI-0076-01,T1,appellate_judgment,"Delhi District Court, Special Judge-07 (Central)",Criminal Appeal No.241/2017; CNR DLCT01-017416-2017,trial,phishing,bank_impersonation,email,website,Email / HDFC NetBanking lookalike site,bank_or_financial_institution,HDFC Bank NET Banking software-upgrade communication,individual,retail banking,not_reported,not_reported,,The complainant received an email on 23 August 2008 purporting to come from HDFC Bank NET Banking and directing him to a software-upgrade link.,The message represented that HDFC Bank was conducting a software upgrade and induced the complainant to use a linked page that captured his customer ID and I-Pin password.,yes,no,yes,yes,no,no,no,yes,Institutional legitimacy was borrowed from HDFC branding and normal net-banking maintenance language.,Visit the linked HDFC-looking page and enter net-banking credentials.,"The complainant followed the link and entered his customer ID and I-Pin; unauthorized beneficiaries were later added and INR 223,960 was transferred.",yes,no,,223960,bank_transfer,yes,3,yes,yes,yes,yes,yes,not_reported,yes,not_reported,not_reported,not_reported,yes,CERT-In phishing-infrastructure analysis; Section 65-B certificates; account-opening forms; ATM/debit card and cheque evidence; three mobile phones and two SIM cards sent to GEQD Hyderabad.,yes,not_reported,not_reported,Freeman Anosike Aluma's alleged coordination/receipt role and the unresolved phishing operator(s).,witness_or_statement,bank_account_or_money_flow,moderate,The trial conviction was set aside because a potentially vital GEQD expert report on three phones and two SIM cards had not been placed before the trial court. The public appellate record does not establish that the appellant personally sent the phishing email or operated the phishing website.,The appellant denied involvement and argued that actual beneficiaries had been treated as witnesses; the missing expert report could materially affect the technical linkage.,The GEQD expert report and device-level evidence capable of connecting a specific human to the phishing infrastructure and relevant communications.,IPC Section 379; IPC Section 120-B; Information Technology Act Section 66,1,yes,yes,not_yet_adjudicated,Trial conviction and sentence were set aside on 16 October 2018 and the matter was remanded for fresh appreciation after obtaining/considering the GEQD expert report.,"A bank customer received a fake HDFC software-upgrade email, followed a link and disclosed net-banking credentials. Three beneficiaries were added and INR 223,960 was transferred. The investigation produced bank records, subscriber forms, CDRs, login/IP evidence, Section 65-B certificates and CERT-In analysis showing infrastructure routed through multiple countries. Witness evidence linked the appellant to arrangement and receipt of cash from a beneficiary account. However, three mobile phones and two SIM cards had been sent for GEQD examination and the resulting expert report was never placed before the trial court. The appellate court treated that omission as sufficiently important to set aside the conviction and remand the case. The record therefore combines a rich phishing reconstruction with a major evidentiary gap at the human-attribution layer.","Wave 1A corrective expansion. Exact incident dates are supported by the appellate record. Cross-border coding reflects documented US/France/Germany/Canada infrastructure, not a finding about offender nationality. Conviction status is not_yet_adjudicated because the trial conviction was set aside and the case remanded."
SEIAI-0077,reviewed,0.2.2,Hamzah,2026-09-06,Hacked-email impersonation and NRE transfer fraud,2012-04-26,2012-09-12,2012,Kerala,Thiruvananthapuram,yes,SRC-SEIAI-0077-01,T1,appellate_judgment,National Consumer Disputes Redressal Commission,First Appeal No.52 of 2016; CC No.21/2013,appeal,identity_theft_deception,account_takeover_social_engineering,email,,Email / Canara Bank NRE transfer workflow,other,NRE account holder Vijayakumaran Raghavan,employee,banking / NRE account operations,yes,yes,Unknown operators had access to or imitated the complainant's email identity and used transaction-style instructions and scanned signed requests in the banking workflow.,"After the account holder's registered email had been compromised, fraudulent email instructions were sent to the Canara Bank branch handling his NRE accounts.","Unknown operators represented themselves as the account holder and issued apparently routine transfer instructions, relying on the compromised/imitated email identity and transaction documents.",yes,no,no,yes,no,no,no,yes,Business-process familiarity and identity continuity were used to make fraudulent transfer instructions appear routine.,Process transfer instructions represented as coming from the NRE account holder.,"Bank personnel processed disputed instructions, closing fixed-deposit funds and transferring a total of USD 86,500 abroad.",yes,not_reported,,4825671,bank_transfer,not_reported,,not_reported,not_reported,yes,not_reported,not_reported,not_reported,yes,not_reported,not_reported,not_reported,not_reported,"Bank statements, disputed email instructions, scanned signed requests, FIR and consumer-forum evidence.",not_reported,not_reported,not_reported,Unknown operator(s) of the compromised/spoofed email instructions and overseas transfer endpoints.,message_or_email_content,bank_account_or_money_flow,unclear,The consumer proceedings establish the disputed transfers and bank-handling failures but do not identify the human operator who compromised or imitated the email account or controlled the overseas receiving endpoints.,The bank argued that the account holder had not properly replaced the registered email and that the transfer requests appeared consistent with his prior practice; the consumer fora rejected the bank's liability position but did not resolve criminal authorship.,Provider/login records and authenticated device/IP evidence linking the fraudulent email instructions to a specific operator and the destination accounts.,"Consumer Protection Act, 1986 Section 19",,not_reported,not_reported,not_applicable,NCDRC partly allowed the Bank's appeal only to remove the separate mental-agony compensation while confirming the substantive reimbursement order and other relief.,"An NRI account holder told Canara Bank that his registered email had been hacked and asked that instructions from it not be acted upon. Months later, fraudulent transfer instructions associated with the compromised/imitated email identity were processed, and USD 86,500 was transferred from his NRE funds to banks abroad. State and national consumer proceedings examined the emails, bank statements, transfer requests and the bank's verification practices. They ultimately imposed liability on the bank, while leaving the criminal identity of the unknown email operator unresolved. The case adds a non-WhatsApp form of social engineering in which the directly manipulated humans were banking personnel rather than the account holder himself.",Primary source is the 2019 NCDRC appeal; the 2015 Kerala State Commission judgment is registered as a supporting T1 source. Amount uses the figure repeatedly stated in the adjudicatory record. Cross-border=yes reflects Doha context and overseas bank transfers.
SEIAI-0078,reviewed,0.2.2,Hamzah,2026-09-06,Fake Louis Philippe refund support and malicious-app fraud,2021-10-18,2021-10-18,2021,Assam,Guwahati,no,SRC-SEIAI-0078-01,T1,appellate_judgment,Gauhati High Court,WA/364/2022; WP(C) No.1900/2022; Jalukbari P.S. Case No.1229/2021,judgment,customer_support_fraud,account_takeover_social_engineering,phone,,Phone / mobile app,customer_support,Louis Philippe customer-care manager handling a garment refund,individual,retail banking / e-commerce,yes,yes,The victim had recently purchased a Louis Philippe garment online and later received a brand-specific refund call. The brand subsequently reported a customer-database breach during the relevant period.,The victim received a phone call from a person posing as Louis Philippe customer care after seeking to return an online garment purchase.,"The caller offered to process a INR 4,000 refund and instructed the victim to download a mobile application.",yes,no,no,yes,no,no,no,no,Brand-specific knowledge and refund context created legitimacy; later records noted a customer-data breach at the retailer.,Download a mobile application to receive a refund.,"The victim downloaded the application; three unauthorized transactions totalling INR 94,204 followed.",unknown,yes,,94204,multiple,yes,,yes,not_reported,yes,not_reported,not_reported,not_reported,yes,not_reported,not_reported,not_reported,not_reported,"Bank transaction records, beneficiary-account records, OTP logs, complaint records and retailer email acknowledging a customer-database breach.",not_reported,not_reported,not_reported,Papendra Kumar's caller/beneficiary role and downstream transfer recipients.,bank_account_or_money_flow,witness_or_statement,moderate,"The appellate consumer/writ record identifies Papendra Kumar as the fraudster/respondent and documents a beneficiary account in his name, but it is not a criminal conviction and does not independently establish every technical step performed through the downloaded application.","The proceeding centered on bank/customer liability, not a criminal trial of the identified respondent.",Device/application forensic evidence showing what the downloaded app did and directly tying the caller's device/account activity to the unauthorized transactions.,IPC Section 417; IPC Section 420,,not_reported,not_reported,not_applicable,Gauhati High Court dismissed SBI's writ appeal and upheld the direction to credit the unauthorized-transaction amount to the customer.,"A Guwahati customer who wanted to return a Louis Philippe garment received a refund call from a person posing as the brand's customer-care manager. The caller instructed him to download a mobile app to receive INR 4,000. Three unauthorized transactions totalling INR 94,204 followed. The record identified Papendra Kumar as the caller/respondent, traced a substantial transfer to an account in his name and documented later movement of funds. The retailer also acknowledged a customer-database breach during the relevant period. The High Court treated the transactions as unauthorized and upheld relief against SBI. The case combines pretext-specific targeting, device compromise and a comparatively unusual overlap between a human-resolved victim-facing actor and a financial endpoint.",Identity resolution does not imply criminal guilt. The High Court proceeding adjudicated banking liability rather than criminal responsibility.
SEIAI-0079,reviewed,0.2.2,Hamzah,2026-09-06,SBI debit-card verification vishing against senior citizens,2015-01-19,2015-01-19,2015,Telangana,Secunderabad,not_reported,SRC-SEIAI-0079-01,T1,appellate_judgment,National Consumer Disputes Redressal Commission,Revision Petition No.1381 of 2018,appeal,vishing,bank_impersonation,phone,,Phone / SBI debit card,bank_or_financial_institution,SBI Debit Card Section employee,elderly_person,senior-citizen / pension banking,unknown,yes,"The caller knew the newly allotted secret PIN and referred specifically to the recently issued ATM/debit card, indicating access to non-public account/card information, though the source does not establish how it was obtained.",A caller contacted one of the senior-citizen joint account holders and introduced himself as an SBI Debit Card Section employee.,"The caller said the recently issued debit card was blocked pending verification, stated the secret PIN and asked for card particulars.",yes,yes,yes,yes,no,no,no,no,Possession of the new-card PIN and card-specific knowledge created strong legitimacy.,Provide debit-card particulars to complete verification/unblocking.,"The card particulars were disclosed. The other account holder changed the PIN within minutes, but six withdrawals still reduced the balance from INR 35,527.71 to INR 69.71.",yes,no,,35458,card,not_reported,,yes,not_reported,yes,not_reported,not_reported,not_reported,not_reported,not_reported,not_reported,not_reported,not_reported,ATM/debit-card transaction history and banking records showing withdrawals despite a changed PIN.,not_reported,not_reported,not_reported,Unresolved caller and the unknown person(s) who executed the withdrawals.,bank_account_or_money_flow,witness_or_statement,unclear,The fraudulent caller was not traced and the consumer record does not identify the human operator who made the withdrawals or explain how the caller obtained the newly issued PIN.,The dispute focused on bank liability and security-system gaps; it did not resolve criminal authorship.,Telecom/subscriber records and ATM/location/device evidence capable of linking the call and withdrawals to a specific person.,"Consumer Protection Act, 1986",,not_reported,not_reported,not_applicable,"NCDRC dismissed SBI's revision petition and left the State Commission's direction to re-credit INR 35,458 with interest and compensation intact.","Senior-citizen pension account holders had recently received a replacement SBI debit card and PIN. A caller posing as SBI's Debit Card Section knew the secret PIN and said the new card was blocked pending verification. One account holder disclosed card details. Within minutes the other changed the PIN, but six withdrawals nonetheless reduced the account balance from INR 35,527.71 to INR 69.71. The caller was never traced. Consumer adjudication focused on the unexplained ability to withdraw funds even after the PIN change and on bank-system responsibility. The case is valuable because it documents a classic vishing interaction while preserving a major unresolved technical question about how the caller possessed fresh card/PIN information and how the withdrawals were executed.","Financial loss uses the INR 35,458 re-credit amount fixed by the State Commission/NCDRC. The record is adjudicatory on consumer liability, not criminal attribution."
SEIAI-0080,reviewed,0.2.2,Hamzah,2026-09-06,"Christina George Facebook, customs and embassy advance-fee fraud",,,2019,Jammu and Kashmir,Jammu,yes,SRC-SEIAI-0080-01,T1,bail_order,High Court of Jammu & Kashmir and Ladakh at Jammu,Bail App No.158/2020,trial,social_media_impersonation,government_impersonation,facebook,whatsapp;phone,Facebook / WhatsApp,other,"Christina George, purported UK visitor/investor; Delhi Airport customs officer; Mr Philip/embassy-linked intermediary",individual,personal investment / advance-fee fraud,not_reported,not_reported,,The complainant received a Facebook message in February 2019 from a person using the name Christina George and was moved to WhatsApp and phone communication.,"The persona claimed to be a UK visitor bringing money for investment in India. A second caller posed as a Delhi Airport customs officer, and later another person calling himself Mr Philip demanded further payments to release allegedly seized funds.",yes,no,yes,yes,no,yes,no,yes,"Layered personas provided corroboration across a social identity, customs authority and an asserted embassy-related intermediary.",Transfer repeated amounts to pay customs/release charges and other purported expenses so the visitor and her seized money could be released.,"The complainant made repeated transfers to multiple accounts totalling INR 8,858,883.",no,no,,8858883,bank_transfer,yes,,yes,not_reported,yes,not_reported,not_reported,yes,not_reported,yes,not_reported,not_reported,not_reported,"Account-opening/customer-application records, alleged fake identity documents and investigation of multiple beneficiary accounts.",not_reported,not_reported,not_reported,Rajesh Kumar Kashyap's alleged downstream/organising role and the unresolved multi-persona victim-facing operators.,co_accused_link,documentary_record,moderate,"The bail record contains serious allegations based on co-accused disclosure, fake identity documents and linked accounts, but it does not establish that the petitioner personally operated the Christina George/customs/Mr Philip personas. Guilt was not finally adjudicated.",The petitioner sought bail and disputed continued custody; the court's order was not a final finding on the prosecution narrative.,"Platform, device and telecom evidence directly linking the Facebook/WhatsApp/phone personas to specific human operators and separating them from downstream account/document actors.",RPC Section 420; RPC Section 465; RPC Section 467; RPC Section 468; RPC Section 471; RPC Section 120-B,,yes,yes,not_yet_adjudicated,Bail application rejected on 30 July 2021; prosecution allegations and trial remained unresolved on the merits.,"A Jammu-region complainant was contacted on Facebook by a persona using the name Christina George, who proposed business investment and shifted communication to WhatsApp. A second caller posed as a Delhi Airport customs officer and said Christina's money was being held for customs duty. After the victim transferred funds, the story escalated through further release demands and a third persona, Mr Philip, allegedly connected to embassy assistance. Total transfers reached INR 88,58,883. Investigation traced multiple accounts and alleged use of fabricated identity documents and SIMs. A bail order described Rajesh Kumar Kashyap as an alleged organiser/kingpin based partly on co-accused statements and documentary/account links, but did not establish that he personally operated the victim-facing personas.","The source itself contains inconsistent FIR references in different paragraphs; the Atlas stores the bail-application number and avoids harmonising the FIR number. Cross-border=yes reflects the UK/foreign-national dimension alleged in the record, not a finding about the location or nationality of the actual victim-facing operator."
SEIAI-0081,reviewed,0.2.2,Hamzah,2026-09-06,PMO Principal Secretary impersonation for government facilities,2019-09-29,2019-10-16,2019,Puducherry,Puducherry,no,SRC-SEIAI-0081-01,T1,procedural_order,Delhi High Court,CRL.M.C. 6503/2022; Case No.11/2021,trial,government_impersonation,,phone,whatsapp,Phone / WhatsApp,government_official,Principal Secretary to the Prime Minister / PMO official and PA,government_official,public administration / protocol facilities,yes,yes,"The calls targeted named government offices and officials able to provide contacts, vehicles, accommodation and protocol support.",Government officials in Puducherry received calls from a person claiming to be the Principal Secretary to the Prime Minister or a close relative/special secretary.,"The caller said a daughter or relative/PA had official or personal work in Puducherry and requested contact details, a vehicle, accommodation and protocol assistance.",yes,no,no,yes,no,no,no,yes,Hierarchical deference to senior central-government authority was used to obtain assistance from state/UT officials.,"Provide official contact details, accommodation, transport and related protocol facilities to a purported PMO-linked visitor.","Officials exchanged contact information; a government vehicle was allegedly sent and used for local movement, while some officials became suspicious and refused further facilities.",no,no,,,not_applicable,no,,yes,yes,no,not_reported,not_reported,yes,not_reported,not_reported,not_reported,not_reported,not_reported,"e-KYC/customer application forms, subscriber evidence, Section 161 witness statements and CDRs connecting relevant phone numbers.",not_reported,not_reported,not_reported,Pramod Kumar Singh's alleged PMO impersonation and Vivek Keshavan's alleged PA/beneficiary role.,cdr_or_telecom_record,witness_or_statement,moderate,"The High Court was reviewing a challenge to framing of charges and assessed only prima facie material. Identity and conspiracy issues remained for trial, and the defence argued that the petitioner's name/number had been misused.",Vivek Keshavan argued that accused no.1 used his name and number without criminal participation and that he paid for his own hotel stay.,Trial-tested evidence resolving who spoke on each call and proving or disproving coordinated intent beyond subscriber/CDR association and witness recognition.,IPC Section 120-B; IPC Section 419; IPC Section 420,2,not_reported,yes,not_yet_adjudicated,Delhi High Court dismissed Vivek Keshavan's petition challenging the charge-stage orders; charges and merits remained for trial.,"Government officials in Puducherry received calls from a person representing himself as the Principal Secretary to the Prime Minister, a special secretary or a close PMO-linked authority. The caller sought contact information and protocol support for a purported PA/relative, including a vehicle and accommodation. Some officials became suspicious and refused assistance, while the prosecution alleged that a government vehicle was in fact used by the second accused. The charge-stage record contains e-KYC/customer application forms, subscriber evidence, witness statements, WhatsApp messages and CDRs showing communication among the relevant numbers. The High Court held that the material was sufficient to proceed to trial but did not finally determine guilt. The case expands the Atlas beyond financial fraud into authority-based social engineering designed to obtain government resources and preferential treatment.","State coded Puducherry because the principal induced actions and government facilities occurred there, although the reviewing court was Delhi High Court. No financial_loss_inr is coded because the consequence was alleged use of government facilities rather than a quantified monetary loss."
SEIAI-0082,reviewed,0.2.2,Hamzah,2026-09-06,Alliance Solution high-return investment and fake-office fraud,,,2023,Bihar,Khagaria,no,SRC-SEIAI-0082-01,T1,bail_order,Patna High Court,CR. MISC. No.72271 of 2024; Khagaria (Cyber) P.S. Case No.20/2023,trial,investment_fraud,,phone,whatsapp;email;website,Phone / WhatsApp / email / Alliance Solution website,investment_advisor,Alliance Solution share-market investment company and named executives/support staff,investor,retail investment,not_reported,not_reported,,The informant received detailed information by phone about a purported share-market company called Alliance Solution.,"The scheme claimed a long operating history, named executives and support staff, promised 25.40% monthly returns, sent forged agreements/KYC material and provided fictitious Bhopal and Bengaluru office addresses.",no,no,no,yes,no,yes,no,yes,"Corporate-legitimacy theatre, forged contracts/office details and initial monthly payouts reinforced credibility and sunk-cost commitment.",Complete KYC/agreement formalities and transfer investment funds to the Alliance Solution bank account.,"The informant and spouse transferred INR 5,350,000 and initially received INR 583,480 in purported monthly payouts before payments stopped.",no,no,,5350000,bank_transfer,yes,,yes,not_reported,yes,not_reported,not_reported,yes,yes,not_reported,not_reported,not_reported,not_reported,"Forged agreement papers, purported KYC/IDs, website link, bank account details and investigation of downstream accounts.",not_reported,not_reported,not_reported,Victim-facing Alliance Solution operator cluster and downstream account-linked participants.,message_or_email_content,bank_account_or_money_flow,limited,Names used by the purported company may be personas or asserted organisational identities. The bail order gives only limited actor-specific evidence regarding the petitioner and contains differing figures for deposits identified in her account.,The petitioner said funds deposited to her account came from her husband and that she had no knowledge of the cybercrime or share-market scheme.,"Authenticated platform/device records linking the named Alliance Solution personas and communications to specific real-world humans, plus complete transaction tracing across recipient accounts.",IPC Section 419; IPC Section 420; IPC Section 379; IPC Section 467; IPC Section 468; IPC Section 471; IPC Section 120B; IPC Section 34; Information Technology Act Section 66D,,yes,not_reported,not_yet_adjudicated,Divya Pandey was granted bail on 5 March 2025; the merits of the prosecution case remained unresolved.,"A Bihar informant was introduced by phone to a purported share-market company called Alliance Solution. The operators supplied named executives, a URL, WhatsApp communications, email, forged agreement/KYC papers and office addresses in Bhopal and Bengaluru, while promising a 25.40% monthly return. The informant and spouse transferred INR 53.5 lakh and received several initial payouts totalling INR 5.83 lakh before payments stopped. Attempts to locate the advertised offices failed. The bail record also describes investigation of an account linked to the petitioner, who denied knowledge and said money had been deposited by her husband. The case is useful for separating a highly reconstructable victim-facing corporate façade from comparatively weak public attribution to individual downstream participants.",Exact incident dates are left blank because the bail order supports the 2023 incident/FIR context but not a complete day-level attack interval. The petitioner-specific deposit amount is not used as the focal loss.
SEIAI-0083,reviewed,0.2.2,Hamzah,2026-09-06,Port Blair digital-arrest fraud and co-accused-only mastermind allegation,,,2024,Andaman and Nicobar Islands,Port Blair,not_reported,SRC-SEIAI-0083-01,T1,bail_order,"Calcutta High Court, Circuit Bench at Port Blair",CRM (SB)/3/2026; FIR No.82/2024; G.R. Case No.454/2024,investigation,digital_arrest,police_impersonation,phone,,Phone,police,Unknown digital-arrest caller(s),individual,household / personal banking,not_reported,not_reported,,A woman in Andaman and Nicobar Islands received calls from unknown persons and was subjected to a digital-arrest scheme.,"The callers used a coercive digital-arrest scenario to compel transfers, but the bail order does not reproduce the full impersonated-agency script.",yes,yes,yes,yes,no,no,unknown,unknown,Coercive digital-arrest framing.,Transfer funds to accounts specified by the unknown callers.,"The victim transferred INR 10,000,000 into three different accounts.",not_reported,not_reported,,10000000,bank_transfer,yes,3,not_reported,not_reported,yes,not_reported,not_reported,not_reported,not_reported,not_reported,not_reported,not_reported,not_reported,One beneficiary-account holder was apprehended; the alleged mastermind theory was described as arising from that co-accused's statement.,not_reported,not_reported,not_reported,Muliyasiya Anil Sarman's alleged coordinating/mastermind role and the beneficiary-account network.,co_accused_link,bank_account_or_money_flow,limited,"The High Court expressly observed that, apart from the co-accused's statement, investigators had not unearthed other material apparently showing the petitioner's involvement. The original victim-facing caller(s) remained unresolved.","The petitioner denied involvement, had cooperated before arrest and challenged the arrest process; the public order contains no independent digital linkage establishing a mastermind role.","Independent communications, device, telecom or financial evidence connecting the petitioner to the victim-facing callers or orchestration of the three beneficiary accounts.",Information Technology Act Section 66D; IPC Section 419; IPC Section 420; IPC Section 120B,,yes,not_reported,not_yet_adjudicated,"Calcutta High Court Circuit Bench at Port Blair granted bail on 5 February 2026, noting both arrest-procedure concerns and the absence of apparent independent material beyond a co-accused statement linking the petitioner.","A woman in Andaman and Nicobar Islands was subjected to a digital-arrest scheme by unknown callers and transferred INR 1 crore into three accounts. Investigators apprehended one beneficiary-account holder associated with INR 20 lakh; two other account holders were described as absconding. The prosecution said that the arrested account holder's statement identified Muliyasiya Anil Sarman as the mastermind. In the bail order, however, the High Court expressly noted that investigators had not unearthed other apparent material, apart from that co-accused statement, showing the petitioner's involvement. The case is therefore unusually valuable for the Atlas because it sharply separates a strong reconstruction of financial endpoints from weak public evidence for a claimed organiser and from the still-unresolved identity of the original digital-arrest caller.",Exact incident date is not inferred from FIR date. Attribution strength is intentionally limited despite the prosecution's 'mastermind' label.
SEIAI-0084,reviewed,0.2.2,Hamzah,2026-09-06,Terrorism-pretext police and ATS digital-arrest fraud,2025-11-30,2025-12-01,2025,Delhi,New Delhi,not_reported,SRC-SEIAI-0084-01,T1,bail_order,Delhi High Court,BAIL APPLN.1044/2026; FIR No.152/2025,investigation,digital_arrest,police_impersonation,phone,,Phone / WhatsApp,police,"Delhi Police Inspector, Senior Inspector, ATS Pune officials and purported terrorism-case authorities",elderly_person,retired household / personal banking,yes,yes,"The callers elicited/ascertained the couple's assets, liabilities and retirement benefits before directing transfers.",An elderly complainant received a call from a woman claiming to be Inspector Anita Verma from Delhi Police Headquarters and saying the complainant's husband was involved in terrorist activity.,"The call was escalated through purported senior police and ATS officials, with claims of a Jammu & Kashmir terrorism case, arrest warrants, secrecy instructions and hourly reporting requirements.",yes,yes,yes,yes,no,no,yes,yes,"Multi-agency authority escalation, purported arrest warrants, surveillance-style reporting and asset interrogation.","Remain at home, keep the matter secret, report hourly, disclose assets/liabilities and transfer funds to specified accounts.","The complainant and husband complied under fear and transferred a total of INR 9,450,000.",not_reported,not_reported,,9450000,bank_transfer,yes,,yes,not_reported,yes,not_reported,yes,yes,not_reported,not_reported,not_reported,not_reported,not_reported,"Ritu Gupta's account received INR 4,000,000 from the focal loss; prosecution alleged same-day onward transfers and deletion of WhatsApp content from her phone.",not_reported,not_reported,yes,Ritu Gupta's financial-endpoint role and the unresolved police/ATS impersonating caller cluster.,bank_account_or_money_flow,device_possession_or_forensics,moderate,The applicant was not identified as a victim-facing caller. She admitted the INR 4 million credit but claimed that co-accused had obtained and misused her bank details and SIM. The bail court considered that explanation implausible only prima facie.,"Ritu Gupta claimed she was herself cheated, had given bank details and SIM to proposed investors and later complained that they were being misused.","Communications/device evidence showing whether the applicant knowingly coordinated with the digital-arrest callers, and recovery/authentication of deleted WhatsApp material.",BNS Section 308; BNS Section 318(4); BNS Section 319,3,yes,not_reported,not_yet_adjudicated,Delhi High Court dismissed Ritu Gupta's regular bail application on 16 March 2026; allegations remained to be tested at trial.,"An elderly Delhi couple were told by callers posing as police and ATS officials that they were implicated in terrorism. The callers escalated the story across multiple asserted authorities, showed purported arrest warrants, ordered secrecy and hourly reporting, and obtained information about assets and retirement benefits. The couple transferred INR 94.5 lakh. The focal bail applicant's account received INR 40 lakh; the prosecution said she retained INR 33 lakh, moved the balance to 20 accounts and deleted WhatsApp content. She countered that co-accused had obtained and misused her bank details and SIM and that she had herself complained. The bail court rejected that explanation only on a prima facie basis. The case strongly illustrates the Atlas distinction between a well-resolved financial endpoint and an unresolved victim-facing deception layer.","This is the previously deferred CAND-0031, now admitted under Wave 1A. Screening history should be updated in place rather than creating a duplicate candidate."
SEIAI-0085,reviewed,0.2.2,Hamzah,2026-09-06,TRG Financial Academy and fake Axis Bank Securities investment fraud,2024-12-23,,2024,Andhra Pradesh,Mandapeta,not_reported,SRC-SEIAI-0085-01,T1,bail_order,Andhra Pradesh High Court at Amaravati,"Criminal Petition No.6609/2025; Crime No.63/2025, Mandapeta Town Police Station",investigation,investment_fraud,,whatsapp,website,WhatsApp / purported Axis Bank Securities app,investment_advisor,TRG Financial Academy and a purported SEBI-registered Axis Bank Securities investment application,investor,retail investment / UPSC aspirant,not_reported,not_reported,,A 27-year-old UPSC aspirant was introduced to alleged fraudsters through a WhatsApp group called TRG Financial Academy offering investment classes.,"The group promoted a purported Axis Bank Securities application that appeared legitimate/SEBI-registered, then demanded investment, IPO and later tax/error/frozen-account payments.",yes,no,yes,yes,yes,no,no,yes,"Legitimacy borrowing from a known financial brand and SEBI, escalating sunk-cost pressure and withdrawal/account-freeze barriers.","Install/use the purported investment app and make repeated investment, IPO, tax and account-unfreeze payments.",The complainant made repeated payments beginning with INR 3.5 million and ultimately paid approximately INR 6.2 million.,not_reported,no,,6200000,bank_transfer,yes,,not_reported,not_reported,yes,not_reported,not_reported,yes,not_reported,not_reported,not_reported,not_reported,not_reported,Bank-account freeze and investigation of accounts used to route victim funds.,not_reported,not_reported,not_reported,Ahsan Khan's beneficiary-account role and the unresolved TRG/app operators.,bank_account_or_money_flow,witness_or_statement,moderate,The petitioner was not identified as a victim-facing operator. The order records that his account was used for approximately INR 3.5 million and his defence that he shared the account for promised trading returns before learning of the fraud.,"Ahsan Khan argued that he was an indirect victim who provided his bank account for trading in exchange for promised monthly payments/profits and received only INR 10,000.",Authenticated WhatsApp/app/device records connecting the TRG Financial Academy and fake investment application to identified operators and showing the petitioner's knowledge or coordination.,BNS Section 318(4); Information Technology Act Section 66-D,7,yes,no,not_yet_adjudicated,Andhra Pradesh High Court granted Ahsan Khan bail on 16 July 2025 while investigation was incomplete and charge sheet had not yet been filed.,"A 27-year-old UPSC aspirant in Mandapeta joined a WhatsApp group called TRG Financial Academy, which offered financial-investment classes and promoted a purported Axis Bank Securities app represented as legitimate and SEBI-linked. Beginning in December 2024, she made a large initial investment and additional IPO, tax and account-correction payments. Her account was later shown as frozen on a pretext of incorrect bank details and further payments were demanded, bringing the alleged total to about INR 62 lakh. The bail record says Ahsan Khan provided an account used to route approximately INR 35 lakh; he claimed he had shared the account for trading in return for promised profits and was himself an indirect victim. The case adds a new state and a clean example of strong financial-endpoint evidence without victim-facing identity resolution.","Incident start date is supported by the order's statement that investment began on 23 December 2024. Incident end date is left blank because the order does not provide a complete day-level end date. Amount normalized to INR 6.2 million from the source's OCR-distorted but textually clear Rs.62,00,000 figure."
SEIAI-0086,reviewed,0.2.2,Hamzah,2026-10-03,Hugo Loan app contact-harvesting and image-blackmail fraud,,,2022,Chandigarh,Chandigarh,yes,SRC-SEIAI-0086-01,T1,bail_order,High Court of Punjab and Haryana,CRM-M-23610-2023; FIR No.33/2022,trial,sextortion,smishing,sms,phone;whatsapp,Hugo Loan app / WhatsApp,platform_or_service,Hugo Loan / purported quick-loan service,individual,consumer finance / personal,not_reported,no,The source does not report pre-contact reconnaissance; contacts and gallery data were harvested after the app was installed and permissions were granted.,"The complainant received an SMS containing a URL; clicking it installed the Hugo Loan application, which requested access to his contacts and gallery.","The application presented itself as a quick-loan service, collected personal details and showed INR 3,500 loan eligibility. Although the complainant did not take the loan, later callers used harvested photographs and contacts to threaten dissemination of morphed obscene images unless he paid.",no,yes,not_reported,yes,no,no,no,yes,"Reputational and sexual-shame pressure using morphed images of the complainant and family, amplified by access to the victim's contact list.",Install/use the purported loan app and later make repeated payments to stop threatened dissemination of morphed obscene images to the victim's contacts.,"The complainant installed the app, granted contacts/gallery access, filled in personal details and later transferred INR 2,045 on 24 August 2022 and INR 3,500 on 30 August 2022.",no,yes,,5545,upi,yes,,yes,yes,yes,not_reported,yes,yes,not_reported,not_reported,not_reported,not_reported,not_reported,"CAF/CDR material; UPI and bank-account trail; electronic-gadget linkage checks through I4C; co-accused statements; INR 1,131,000 recovered from Wan Chenghua according to the prosecution status report.",not_reported,not_reported,not_reported,Wan Chenghua's alleged downstream cash-handling role and the unresolved Hugo Loan victim-facing operator cluster.,financial_withdrawal_or_cashout,co_accused_link,moderate,"The bail order does not establish that Wan Chenghua sent the focal SMS, operated the Hugo Loan app, made the threatening calls or WhatsApp messages, or personally controlled the victim-facing identities. His documented link in this source is principally downstream cash recovery and co-accused linkage.",Downstream possession/handling of cash can support a financial-network role without proving authorship of the original app lure or threats.,"Authenticated app/platform, device and telecom records mapping the focal SMS, Hugo Loan account/infrastructure and threatening WhatsApp/phone identities to specific human operators and then to the payment network.",IPC 384; IPC 420; IPC 468; IPC 471; IPC 509; IPC 120-B; IT Act 66-D; IT Act 67; Foreigners Act 14,,yes,yes,not_yet_adjudicated,The High Court granted Wan Chenghua bail on 22 May 2023 after more than eight months of pre-trial custody; investigation had been completed and the charge sheet filed. The order expressly avoided deciding merits.,"A Chandigarh complainant received an SMS link that installed the Hugo Loan app. Believing the requested permissions were routine, he allowed access to contacts and gallery and entered personal details to check loan eligibility, but did not take a loan. He later received repeated threats by phone and WhatsApp using morphed obscene images of himself and family, with threats to circulate them to his contacts. He paid INR 5,545 in two transfers. The bail record describes a much larger loan-app network, telecom and bank traces, and cash recovered from Wan Chenghua, but it does not identify him as the focal victim-facing operator.","Exact incident start/end dates are left blank because the source gives payment dates but does not establish the day of the initial SMS or final threat. Focal financial_loss_inr is INR 5,545 only. The INR 1,131,000 recovered from Wan Chenghua and much larger network flows are not treated as this victim's loss. Cross-border coding reflects the prosecution record describing loan-app operation from China and overseas routing, not a final finding of guilt or nationality-based attribution."
SEIAI-0087,reviewed,0.2.2,Hamzah,2026-10-03,LOXAM fake French-MNC investment app fraud and virtual-account laundering trail,,,2022,Telangana,Hyderabad,suspected,SRC-SEIAI-0087-01,T1,bail_order,Delhi High Court,BAIL APPLN.4035/2025; FIR No.1352/2022; ECIR/HYZO/46/2022,trial,investment_fraud,,other,,LOXAM investment app,vendor_or_business,LOXAM investment service falsely claiming relation to a reputed French MNC group of the same name,investor,retail investment,not_reported,not_reported,,The source records a complaint that unknown persons were running an investment application named LOXAM and presented it as connected to a reputed French MNC group of the same name.,"The LOXAM application borrowed the legitimacy of the established corporate name and offered unrealistically high investment returns, inducing the complainant to place money through payment gateways into virtual accounts.",no,no,not_reported,yes,not_reported,no,not_reported,not_reported,Corporate-brand legitimacy borrowing and high-return investment inducement.,Invest money through the LOXAM application/payment flow.,"The complainant transferred a total of INR 116,000 through Paytm and Razor payment gateways to virtual accounts described in the predicate-offence charge sheet.",not_reported,not_reported,,116000,other,yes,,not_reported,not_reported,yes,not_reported,not_reported,not_reported,not_reported,not_reported,not_reported,yes,not_reported,"Predicate-offence charge-sheet payment trail through Paytm and Razor payment gateways, my ePocket virtual accounts, Xindai Technologies accounts and downstream physical/money-changer accounts; the later PMLA bail record scrutinises broader aggregate flows.",not_reported,not_reported,not_reported,The unresolved LOXAM app operator cluster and downstream virtual-account/payment network; Bhupesh Arora's alleged downstream laundering role is assessed separately and conservatively.,bank_account_or_money_flow,documentary_record,moderate,"The source is a PMLA bail judgment one procedural step removed from the focal cyber-fraud complaint. It documents the INR 116,000 focal transfer and wider financial routing, but does not resolve the humans operating the LOXAM app. The Delhi High Court found material gaps in the chain alleged against Bhupesh Arora, who was neither named in the predicate FIR nor charge-sheeted there.","Association with downstream virtual accounts, cash/forex conversion or aggregate payment flows does not by itself establish operation of the LOXAM app or knowledge of the focal deception.","App/platform registration and device records identifying the LOXAM operators, together with transaction-level tracing that connects the focal INR 116,000 to specific human-controlled endpoints rather than relying on aggregate network flows.",IT Act 66C; IT Act 66D; IPC 419; IPC 420; PMLA 3; PMLA 4,60,yes,yes,not_yet_adjudicated,"The Hyderabad predicate FIR was charge-sheeted against 50 accused with 10 persons shown absconding and was later quashed on compromise on 22 January 2026. In the related PMLA proceeding, the Delhi High Court granted Bhupesh Arora bail on 23 February 2026 after finding material gaps at the bail stage; the PMLA merits remained for trial.","A Hyderabad complainant reported losing INR 116,000 to unknown persons operating an investment app called LOXAM that claimed association with a reputed French MNC group and promised unrealistically high returns. The predicate charge sheet traced the focal transfer through Paytm and Razor payment gateways into virtual accounts associated with Xindai Technologies and then described a much larger downstream account network. A later Delhi High Court PMLA bail judgment scrutinised allegations that Bhupesh Arora was connected to cash/forex conversion in this broader network, but noted that he was not named or charge-sheeted in the predicate offence and found material gaps in the alleged nexus. The focal loss is therefore kept strictly separate from the much larger aggregate flow figures.","Focal financial_loss_inr is INR 116,000 only. Figures such as INR 152.62 crore pay-in, INR 18.85 crore payout and approximately INR 311 crore in broader accounts are aggregate network throughput/POC allegations and are not coded as victim loss. Exact incident dates and first-contact channel are not supplied in the reviewed source. Cross-border dimension is coded suspected because the judgment describes the broader matter as Chinese investment fraud and alleged foreign/hawala routing, without resolving a focal foreign operator."
SEIAI-0088,reviewed,0.2.2,Hamzah,2026-10-03,Terrorism-pretext WhatsApp digital-arrest fraud against retired senior citizen,,,2026,Tamil Nadu,Madurai,not_reported,SRC-SEIAI-0088-01,T1,bail_order,"Madras High Court, Madurai Bench",CRL OP(MD) No.11985/2026; Crime No.49/2026,investigation,digital_arrest,,whatsapp,,WhatsApp,unknown,Unspecified authority implied by the source's digital-arrest and terrorism-transaction pretext; the order does not identify a particular agency or official.,elderly_person,retired individual / personal banking,not_reported,not_reported,,"According to the prosecution allegation recited in the bail order, A1, with the help of A2, made a WhatsApp call to the defacto complainant, a retired employee and senior citizen.","The caller stated that illegal transactions connected with terrorist organisations had been routed through the complainant's account, said that he was digitally arrested, and demanded money through online banking transactions.",yes,yes,not_reported,not_reported,no,no,not_reported,not_reported,Fear of terrorism-linked criminal liability and the coercive claim of digital arrest.,Transfer money through online banking under the claimed digital-arrest/terrorism-investigation pretext.,"The complainant transferred INR 8,500,000 on various occasions before becoming suspicious and reporting the matter to police.",not_reported,not_reported,,8500000,bank_transfer,not_reported,,not_reported,not_reported,yes,not_reported,not_reported,not_reported,not_reported,not_reported,not_reported,not_reported,not_reported,The Court states that it reviewed the FIR and connected materials; the prosecution also stated that the transferred money had been withdrawn by other accused before any freeze.,not_reported,not_reported,not_reported,"A. Javith's alleged victim-facing WhatsApp role, with A2 described as the main accused and downstream withdrawal attributed generally to other accused.",witness_or_statement,documentary_record,moderate,"This is a bail-stage order. It records the prosecution allegation and the Court's prima facie view that A. Javith actively participated in threatening the complainant, but it does not reproduce platform, telecom, device or account-control evidence that independently maps the WhatsApp identity and payment endpoints to the petitioner.","The petitioner denied participation and claimed false implication; a defence claim that INR 21 lakh had been frozen was disputed by the State, which said no amount had been frozen and the money had already been withdrawn by other accused.",Authenticated WhatsApp/telecom/device records identifying the victim-facing account operator and transaction-level beneficiary/account-control evidence mapping the INR 8.5 million transfers and withdrawals to specific actors.,BNS 318(4); BNS 319(2); BNS 336(2); BNS 336(3); BNS 337; BNS 61(2); BNS 351(2); IT Act 66D,2,yes,no,not_yet_adjudicated,"The Madras High Court dismissed A. Javith's bail petition on 6 July 2026. The investigation was still pending and A2, described as the main accused, remained absconding.","A retired senior citizen in Madurai was allegedly contacted on WhatsApp and told that illegal transactions linked to terrorist organisations had passed through his account and that he had been digitally arrested. He was induced to transfer INR 8.5 million through online banking on multiple occasions. In denying bail to A1 A. Javith, the Madras High Court recorded the prosecution case that he had participated in the threatening digital-arrest interaction, while also noting that the investigation remained incomplete and A2 was absconding. The source does not reproduce independent platform/device attribution, so the victim-facing attribution remains bail-stage and role-specific.","No exact incident date is coded because the order does not supply one. The defence statement that INR 21 lakh had been frozen is not treated as fact because the State expressly disputed it. The source says the transferred amount had been withdrawn by other accused but does not provide a beneficiary-account map, so no mule-account count or actor-specific financial function is inferred beyond the source."
SEIAI-0089,reviewed,0.2.2,Hamzah,2026-10-04,TimesJobs and AECOM recruitment impersonation job fraud,2023-06-22,2023-07-05,2023,Chandigarh,Chandigarh,not_reported,SRC-SEIAI-0089-01,T1,final_judgment,Punjab and Haryana High Court,CRM-M-27614-2024; FIR No.107/2023,investigation,job_fraud,,phone,email,Phone / email / purported TimesJobs and AECOM identities,recruiter,"Caller 'Amit Kaushik' purportedly from TimesJobs, followed by persons/emails presenting as AECOM Limited recruitment personnel.",job_seeker,employment / recruitment,no,not_reported,,"On 22 June 2023 the complainant, who was unemployed, received a phone call from a person calling himself Amit Kaushik and claiming to speak from TimesJobs.com, offering to schedule a job interview in return for a registration fee.","The scheme escalated through purported TimesJobs and AECOM communications, a staged interview/job offer, compulsory course, document verification, medical test, PRO and employment/security-related fees.",yes,no,yes,yes,no,no,no,yes,"Legitimacy borrowing from recognizable recruitment and employer identities, staged progression through recruitment steps, and sunk-cost escalation.","Pay successive recruitment, course, document-verification, medical, PRO, agreement and training/security fees to complete the purported hiring process.","The complainant made successive bank transfers beginning with INR 6,500 and ultimately paid INR 645,224 before reporting the matter as job fraud.",no,no,,645224,bank_transfer,yes,5,yes,yes,yes,not_reported,not_reported,not_reported,yes,not_reported,not_reported,yes,not_reported,"CAF/CDR material, bank KYC and account statements, email records and Section 65B-supported bank/email material; requests for provider information were also described.",yes,not_reported,not_reported,Purported TimesJobs/AECOM victim-facing operator cluster and petitioners linked to downstream bank/mobile infrastructure.,bank_account_or_money_flow,sim_or_subscriber_record,moderate,"The High Court order records detailed victim communications and investigative links to bank accounts/mobile numbers, but the proceeding concerned quashing on compromise and did not finally adjudicate which petitioner authored each recruitment communication.",Control or registration of a bank account or mobile number can establish a downstream association without proving authorship of the original TimesJobs/AECOM persona or every email/call.,"Provider/device evidence mapping the TimesJobs/AECOM phone and email identities to specific operators, plus transaction-level proof of each petitioner's knowledge and control of the receiving accounts.",IPC 419; IPC 420; IPC 467; IPC 468; IPC 471; IPC 120-B,,yes,not_reported,not_yet_adjudicated,"Punjab and Haryana High Court dismissed the petition to quash the cyber-fraud FIR on the basis of compromise on 22 August 2024, emphasizing the broader public character of the alleged cyber-fraud conduct; guilt remained for criminal proceedings.","A Chandigarh job seeker was contacted by a caller presenting as a TimesJobs recruiter, paid a registration fee and was then moved through a staged AECOM interview and job-offer process. Successive emails and calls demanded fees for a compulsory course, document verification, medical testing, PRO, employment agreement and training/security steps. The complainant paid INR 645,224. Investigation linked several receiving accounts and subscriber records to petitioners, but the judgment does not equate those downstream links with authorship of every victim-facing communication.",The amount is the sum described in the complainant narrative reproduced in the judgment. Actor coding separates the recruitment-persona layer from identified downstream account/subscriber associations.
SEIAI-0090,reviewed,0.2.2,Hamzah,2026-10-04,Aligarh retired professor digital-arrest fraud,,,2024,Uttar Pradesh,Aligarh,not_reported,SRC-SEIAI-0090-01,T1,bail_order,Allahabad High Court,Criminal Misc. Bail Application No.9981/2025; Case Crime No.38/2024,investigation,digital_arrest,,phone,whatsapp;video_call,Phone / WhatsApp,police,"Callers claiming telecom/police authority, including a Mumbai Police persona, linked the victim to a purported Canara Bank account and Naresh Goyal money-laundering case.",individual,retired academic / personal banking,not_reported,not_reported,,"On 28 September 2024, a retired Aligarh University professor received calls saying her mobile number was being shut down and that suspicious activity was linked to it; she was then connected to a purported police process and received a Mumbai Police WhatsApp video call.","The callers alleged that accounts had been opened using her Aadhaar and that she was implicated in a money-laundering case associated with Naresh Goyal, using purported account/case material and threats to maintain control.",yes,yes,yes,yes,not_reported,not_reported,yes,yes,,"Cooperate with the purported investigation, provide identity information and transfer money as directed under the claimed criminal-investigation pretext.","The complainant sent Aadhaar information through WhatsApp and transferred a total of INR 7,500,000 across four transfers between 30 September and 7 October 2024.",not_reported,not_reported,,7500000,bank_transfer,yes,,yes,not_reported,yes,not_reported,not_reported,yes,not_reported,not_reported,not_reported,not_reported,not_reported,The bail record recounts the victim narrative and an alleged downstream account-opening/money-transfer facilitation network.,not_reported,not_reported,not_reported,Unresolved victim-facing police/telecom impersonators and Amresh Kumar Singh’s alleged downstream facilitation role.,bank_account_or_money_flow,witness_or_statement,limited,"The source is a bail order. It does not identify the original caller through independent provider/device evidence, and the applicant disputed knowledge of fraudulent funds and described his work as legitimate Jan Seva Kendra/account-opening facilitation.",The applicant argued that he entered a purported investment/business arrangement and did not know that funds were linked to fraud.,Authenticated telecom/WhatsApp/device evidence resolving the original impersonators and transaction-level evidence establishing the knowledge and intent of downstream facilitators.,BNS 318(4); BNS 308(2); BNS 61(2); IT Act 66-D,,yes,not_reported,not_yet_adjudicated,Allahabad High Court rejected Amresh Kumar Singh’s bail application on 20 May 2025 while investigation remained ongoing.,"A retired professor in Aligarh was drawn from a phone-service shutdown pretext into a Mumbai Police digital-arrest scheme, accused of involvement in a money-laundering case and induced to transfer INR 7.5 million. The bail record also describes an alleged downstream account-opening and transfer-facilitation network, but the original impersonating operators remain unresolved.",Focal loss is INR 7.5 million. Applicant-specific allegations are kept separate from the unresolved victim-facing operators.
SEIAI-0091,reviewed,0.2.2,Hamzah,2026-10-04,Bank-to-police digital arrest against retired Army officer,2024-06-20,,2024,Haryana,Panchkula,not_reported,SRC-SEIAI-0091-01,T1,bail_order,Punjab and Haryana High Court,CRM-M-42340-2024; FIR No.57/2024,investigation,digital_arrest,,phone,whatsapp;video_call,Phone / WhatsApp / video call,police,"Initial caller claimed to be from the victim’s bank, followed by Bandra Police, a female officer and a purported CBI officer; forged ED/Supreme Court-stamped material was used.",individual,retired military / personal banking,not_reported,not_reported,,"On 20 June 2024, retired Army officer Davasis Chaudhary received a call from a person claiming to be from his bank concerning his credit card and was routed into a purported police process.","A caller posing as Bandra Police said the victim’s son had been arrested in a money-laundering case, sent purported Enforcement Directorate/Supreme Court-stamped material, threatened the couple with arrest and escalated the interaction to purported CBI personnel.",yes,yes,yes,yes,not_reported,not_reported,yes,yes,,"Remain secret/cooperative with the purported investigation, follow links/instructions and transfer INR 1,000,000 as directed.","The complainant followed the communications and transferred INR 1,000,000 by RTGS to an account specified by the operators.",not_reported,not_reported,,1000000,bank_transfer,yes,,yes,not_reported,yes,not_reported,not_reported,yes,not_reported,not_reported,not_reported,not_reported,not_reported,"The bail order describes a beneficiary-account chain, account/ATM/SIM handoffs and co-accused disclosure statements concerning alleged account procurement.",not_reported,not_reported,not_reported,Unresolved victim-facing bank/police/CBI impersonators and Mool Chand’s alleged account-material intermediary role.,co_accused_link,bank_account_or_money_flow,limited,The petitioner was not alleged to have made the victim-facing calls and no victim funds were shown entering his own account; his role was alleged principally through co-accused disclosure statements concerning collection/transfer of account materials.,The petitioner denied deception or receipt of victim funds and challenged reliance on co-accused disclosure statements.,Direct evidence linking the victim-facing identities to human operators and independent corroboration of the petitioner’s alleged intermediary/account-procurement role.,BNS 318(4); BNS 336(3); BNS 338; BNS 340; BNS 61,,yes,not_reported,not_yet_adjudicated,Punjab and Haryana High Court granted Mool Chand regular bail on 4 September 2024 while investigation remained ongoing; the complainant stated that the money had been returned.,"A retired Army officer was moved from a bank-call pretext into a police/CBI digital-arrest scheme using a purported money-laundering case, forged official material and secrecy threats, and transferred INR 1 million. The bail record separately alleges an account-procurement network in which Mool Chand acted as an intermediary rather than as the victim-facing caller.",Victim-facing attribution is kept separate from downstream account-material allegations against the bail applicant.
SEIAI-0092,reviewed,0.2.2,Hamzah,2026-10-04,PNP Polytex corporate SIM-swap and Bank of Baroda account takeover,2020-01-12,2020-01-13,2020,Maharashtra,Mumbai,not_reported,SRC-SEIAI-0092-01,T1,final_judgment,Bombay High Court,Writ Petition No.2791/2023; CR No.20/2020,judgment,account_takeover_social_engineering,,phone,,Vodafone Idea mobile service / Bank of Baroda online banking,other,"An unknown fraudster caused Vodafone Idea to replace the company’s registered SIM without its consent, effectively impersonating the subscriber/authorized requester.",business,corporate banking / telecom subscriber,yes,unknown,,The source records that an unknown fraudster obtained replacement of PNP Polytex’s registered mobile SIM through a telephonic request without the company’s consent.,"By taking over the registered mobile number, the fraudsters diverted OTPs and banking alerts to a duplicate SIM and used the access to operate the company’s Bank of Baroda online accounts.",not_reported,not_reported,not_reported,yes,not_reported,not_reported,not_reported,not_reported,,Induce the telecom provider to replace the registered company SIM so OTPs and banking alerts would be delivered to the fraudsters.,"Vodafone Idea replaced the registered SIM without PNP Polytex’s consent; the fraudsters then added beneficiaries and transferred INR 12,400,000 through 14 unauthorized transactions.",unknown,no,,12400000,bank_transfer,yes,7,yes,not_reported,yes,not_reported,not_reported,not_reported,not_reported,not_reported,not_reported,yes,not_reported,Bank statements documented 14 unauthorized transactions on 12-13 January 2020 to seven beneficiary accounts; the judgment records that Vodafone confirmed the SIM replacement occurred without the company’s consent and that funds later moved through a broader set of accounts.,not_reported,not_reported,not_reported,Unknown replacement-SIM requester and downstream beneficiary-account network.,sim_or_subscriber_record,bank_account_or_money_flow,moderate,The final civil/writ judgment establishes the SIM-replacement event and unauthorized transfer sequence for customer-liability purposes but does not identify the human requester or establish criminal guilt of each downstream beneficiary.,The banking respondents disputed liability and argued that multiple security layers had been passed; this does not resolve who controlled the replacement SIM.,Human identification of the SIM-replacement requester and device/login evidence linking the replacement SIM to specific online-banking sessions and beneficiaries.,Constitution of India Article 226; RBI customer-protection framework for unauthorised electronic banking transactions,,yes,not_reported,not_applicable,Bombay High Court decided PNP Polytex’s writ petition on 28 April 2026 concerning customer liability for the 2020 unauthorized transactions and SIM-swap incident.,"PNP Polytex lost INR 12.4 million through 14 unauthorized Bank of Baroda transfers after fraudsters procured replacement of the company’s registered mobile SIM without consent, diverting OTPs and banking alerts. The final Bombay High Court judgment provides strong evidence of the SIM-swap and transaction sequence but does not resolve the human identity of the replacement-SIM requester.",Candidate discovery surfaced an Indian Kanoon fragment; review used the canonical parent judgment. Focal loss is INR 12.4 million; broader account routing is not substituted for victim loss.
SEIAI-0093,reviewed,0.2.2,Hamzah,2026-10-04,CBI and Mumbai Crime Branch digital-arrest fraud with forged court material,2025-08-18,2025-09-01,2025,Gujarat,Ahmedabad,not_reported,SRC-SEIAI-0093-01,T1,bail_order,Gujarat High Court,R/CR.MA/19167/2026; C.R. No.11191067250110/2025,trial,digital_arrest,,phone,whatsapp;video_call,Phone / messaging / video-call channels,police,"Callers used the names Devi Lal and Pawar Sir while claiming to be CBI and Mumbai Crime Branch officers, and used a duplicate warrant, a purported Delhi courtroom proceeding and a forged Supreme Court letter.",individual,personal banking,not_reported,not_reported,,"Between 18 August and 1 September 2025, unknown persons contacted the complainant using mobile numbers while impersonating CBI and Mumbai Crime Branch officers.","The operators alleged misuse of a forged UID and a Canara Bank account in a money-laundering case linked to Naresh Goyal and claimed enormous laundering activity, then subjected the complainant to digital arrest using forged warrants/court material.",yes,yes,yes,yes,not_reported,not_reported,yes,yes,,Remain under the purported digital-arrest process and transfer funds by RTGS to accounts directed by the operators.,"The complainant transferred INR 3,894,382 to multiple accounts.",not_reported,not_reported,,3894382,bank_transfer,yes,,yes,not_reported,yes,not_reported,yes,yes,not_reported,not_reported,not_reported,not_reported,yes,"The court records alleged bank routing to the applicant, WhatsApp/electronic communications with co-accused and a seized phone sent to FSL for extraction/decryption.",not_reported,not_reported,not_reported,Unresolved CBI/Mumbai Crime Branch impersonators and Surajsinh Chauhan’s alleged downstream cryptocurrency-conversion role.,bank_account_or_money_flow,message_or_email_content,moderate,"The source is a bail order and the applicant denied participation in the digital arrest, describing his crypto/USDT activity as legitimate. The FSL work and further investigation were still ongoing.",The applicant asserted that transfers and cryptocurrency conversion arose from a pre-existing legitimate business rather than knowing laundering of cyber-fraud proceeds.,Provider/device evidence resolving the original victim-facing operators and completed forensic/transaction evidence establishing the applicant’s knowledge and coordination.,BNS 338; BNS 336(3); BNS 340(2); BNS 318(4); BNS 319(2); BNS 204; BNS 3(5); IT Act 66C; IT Act 66D,,yes,yes,not_yet_adjudicated,"Gujarat High Court rejected the successive regular-bail application on 22 September 2026 after charge sheet, noting ongoing investigation and digital evidence.","Unknown persons impersonating CBI and Mumbai Crime Branch officers used a money-laundering pretext, forged warrants and purported court material to place a victim under digital arrest and induce INR 3,894,382 in transfers. The bail record separately links Surajsinh Chauhan to downstream funds and cryptocurrency conversion, while his direct victim-facing role remains unsupported.","The alleged INR 457 crore laundering figure belongs to the pretext, not victim loss."
SEIAI-0094,reviewed,0.2.2,Hamzah,2026-10-04,WhatsApp and Telegram Bitcoin investment task fraud,2024-05-31,2024-06-05,2024,Delhi,New Delhi,not_reported,SRC-SEIAI-0094-01,T1,bail_order,Delhi High Court,BAIL APPLN.4548/2024; FIR No.041/2024,investigation,investment_fraud,,whatsapp,telegram,WhatsApp / Telegram,investment_advisor,Unresolved operators presented a high-return Bitcoin investment opportunity through WhatsApp and a Telegram group.,investor,retail investment,not_reported,not_reported,,The complainant Shilpa Sharma was enticed into a purported Bitcoin investment scheme through a WhatsApp group and then added to a Telegram group.,The scheme promised high returns on Bitcoin/investment activity and directed the complainant to make repeated transfers to multiple accounts.,not_reported,not_reported,not_reported,yes,not_reported,not_reported,not_reported,yes,,Join the investment groups and transfer funds for purported Bitcoin investment/high-return activity.,"Between 31 May and 5 June 2024, the complainant transferred INR 1,707,389 in nine transactions to seven accounts.",not_reported,not_reported,,1707389,bank_transfer,yes,7,not_reported,not_reported,yes,not_reported,not_reported,yes,not_reported,not_reported,not_reported,not_reported,not_reported,"Investigation traced INR 80,000 into a YES Bank account and alleged account/ATM/credentials/SIM handoff and broader mule-account routing.",not_reported,not_reported,not_reported,Unknown investment-group operators and Nirmal Kumar Mishra’s alleged mule-account coordination role.,bank_account_or_money_flow,witness_or_statement,moderate,"The complainant did not identify the applicant as the victim-facing operator. Applicant-specific allegations rely on account-control evidence, co-accused statements and investigation claims; investigation remained pending.",The applicant disputed the prosecution’s theory and the final knowledge/intent behind account use remained for investigation/trial.,Authenticated WhatsApp/Telegram/provider/device records resolving the victim-facing operators and independent evidence mapping applicant control/knowledge to the focal transactions.,IPC 420,,not_reported,no,not_yet_adjudicated,Delhi High Court dismissed Nirmal Kumar Mishra’s anticipatory-bail application on 28 February 2025 and vacated interim protection; investigation remained incomplete.,"A Delhi complainant was drawn through WhatsApp and Telegram into a purported high-return Bitcoin investment scheme and transferred INR 1,707,389 across nine transactions. Investigation developed a downstream mule-account theory around Nirmal Kumar Mishra, but the original victim-facing operators were not independently identified in the bail record.","Focal loss is INR 1,707,389. Broader account throughput is not treated as victim loss."
SEIAI-0095,reviewed,0.2.2,Hamzah,2026-10-04,Maharashtra Police terrorism-pretext digital-arrest fraud,,,2025,Delhi,New Delhi,not_reported,SRC-SEIAI-0095-01,T1,bail_order,Delhi High Court,BAIL APPLN.4027/2026; FIR No.139/2025,investigation,digital_arrest,,whatsapp,,WhatsApp,police,Unknown persons impersonating Maharashtra Police officials claimed that the victim’s Aadhaar had been used in terrorist funding and other illegal activities.,individual,personal banking,not_reported,not_reported,,The complainant received a WhatsApp call from unknown persons impersonating Maharashtra Police officials.,"The callers claimed the complainant’s Aadhaar had been used for terrorist funding and other illegal activities, threatened dire consequences and used a digital-arrest modus operandi.",yes,yes,yes,not_reported,not_reported,not_reported,yes,not_reported,,Comply with the purported police process and transfer funds to accounts specified by the operators.,"The complainant transferred INR 10,640,840 before reporting the fraud on NCRP.",not_reported,not_reported,,10640840,bank_transfer,yes,,yes,not_reported,yes,not_reported,not_reported,not_reported,not_reported,not_reported,not_reported,not_reported,not_reported,"Investigation traced INR 3,920,280 to a first-layer ICICI account of Mobility Fulfilment Services Private Limited, for which the petitioner was an authorised signatory, with further transfers to second-layer accounts.",not_reported,not_reported,not_reported,Unknown Maharashtra Police impersonators and Sanal Venugopal Menon’s alleged first-layer account role.,bank_account_or_money_flow,account_control,moderate,This is a bail-stage record. It does not identify the victim-facing WhatsApp operators. The petitioner claimed his phone/account had been compromised and investigation into onward transfers and second-layer beneficiaries remained ongoing.,"The petitioner asserted that his phone had been stolen, that transactions were unauthorized, and that he had himself reported the compromise and sought an account freeze.",Authenticated WhatsApp/provider/device evidence resolving the impersonators and complete account-control/transaction evidence establishing who authorized the first- and second-layer transfers.,BNS 308; BNS 318(4); BNS 319; BNS 340,,yes,no,not_yet_adjudicated,"Delhi High Court dismissed Sanal Venugopal Menon’s anticipatory-bail application on 23 September 2026, describing the investigation as nascent.","Unknown callers posing as Maharashtra Police used an Aadhaar/terrorist-funding pretext to place a complainant under digital arrest and induce INR 10,640,840 in transfers. A substantial first-layer amount reached a company account associated with the bail applicant, but both the original caller identities and the applicant’s knowledge remained contested.","INR 3,920,280 is a traced first-layer subset, not the focal victim loss."
SEIAI-0096,reviewed,0.2.2,Hamzah,2026-10-04,DHL parcel and police digital-arrest fraud,2024-05-02,,2024,Haryana,Gurugram,not_reported,SRC-SEIAI-0096-01,T1,bail_order,Punjab and Haryana High Court,CRM-M-16756-2026; FIR No.134/2024,trial,digital_arrest,,phone,video_call,Phone / Skype,police,"Initial caller “Arvind” claimed to represent DHL, then connected the complainant to a person posing as a police officer through a Skype ID.",individual,personal banking,not_reported,not_reported,,"On 2 May 2024, Anil Vig received a call from a person claiming to represent DHL about a returned parcel said to contain passports and Aadhaar cards.","After the complainant denied sending the parcel, the caller connected him to a purported police officer who claimed his identity was being misused and that money had to be transferred for “software analysis” and “safe custody.”",yes,yes,yes,yes,not_reported,not_reported,yes,yes,,Remain in the purported investigation and transfer funds for software analysis/safe custody.,"Under continuous intimidation for about nine days, the complainant transferred INR 9,999,299 to several accounts.",not_reported,not_reported,,9999299,bank_transfer,yes,,yes,not_reported,yes,not_reported,not_reported,not_reported,not_reported,not_reported,not_reported,not_reported,not_reported,,not_reported,not_reported,not_reported,Unknown DHL/police impersonators and Krishan Kumar’s alleged mule-account role.,bank_account_or_money_flow,witness_or_statement,limited,"The bail order describes the prosecution allegation that the petitioner supplied a mule account and received INR 25,000 commission; it does not establish that he made the victim-facing calls or prove guilt.",The petitioner denied the prosecution account and sought bail based on prolonged custody and trial delay.,"Direct provider/device evidence resolving the DHL/police identities and fuller evidence establishing account control, knowledge and intent of the alleged mule network.",BNS 318; BNS 61; IT Act 66-D,,yes,yes,not_yet_adjudicated,Punjab and Haryana High Court granted Krishan Kumar regular bail on 9 July 2026 after extended custody; the challan had been filed and charges were yet to be framed.,"A DHL parcel pretext escalated into police impersonation and a digital-arrest style “safe custody” scheme that kept Anil Vig under pressure for about nine days and induced INR 9,999,299 in transfers. The bail applicant’s alleged role was a downstream mule-account/commission role, not the original deception.",Applicant-specific attribution is confined to the alleged financial layer.
SEIAI-0097,reviewed,0.2.2,Hamzah,2026-10-04,Retired principal digital arrest and INR 3.03 crore fraud,2025-01-03,2025-01-31,2025,Haryana,Gurugram,not_reported,SRC-SEIAI-0097-01,T1,bail_order,Punjab and Haryana High Court,CRM-M-6144-2026; FIR No.0038/2025,trial,digital_arrest,,phone,whatsapp;video_call,Phone / WhatsApp video calls,police,"Callers claimed complaints/FIRs existed against the victim, threatened phone blocking and then alleged that a bank account opened in her name was tied to money laundering and fraud.",individual,retired professional / personal banking,not_reported,not_reported,,"On 3 January 2025, retired principal Dr Anita received a phone call stating that complaints and an FIR had been registered against her and that several mobile numbers would shortly be blocked.","Subsequent WhatsApp video callers claimed a bank account had been opened in her name for a money-laundering suspect, threatened 14 years’ imprisonment, harm to family and account freezes, forbade disclosure and kept her under digital arrest.",yes,yes,yes,yes,not_reported,not_reported,yes,yes,,Remain isolated under the purported investigation and transfer funds to accounts specified by the callers.,"The complainant transferred a total of INR 30,300,000 to multiple accounts while under the digital-arrest coercion.",not_reported,not_reported,,30300000,bank_transfer,yes,,yes,not_reported,yes,not_reported,not_reported,not_reported,not_reported,not_reported,not_reported,not_reported,not_reported,"Investigation traced INR 4.5 million to a first-layer ICICI account of M/s Gajanan Fish Suppliers, whose proprietor was Bapi Das; challan was later filed against him.",not_reported,not_reported,not_reported,Unknown digital-arrest operators and Bapi Das’s alleged first-layer beneficiary-account role.,bank_account_or_money_flow,confession_or_admission,moderate,"Bail-stage allegations link the petitioner to a first-layer account and record a disclosure statement, but he disputed knowing participation and claimed that his account had itself been compromised.","Bapi Das claimed he was also a cyber-fraud victim, had reported compromise of his account and did not benefit from the incoming funds.",Provider/device evidence resolving the victim-facing callers and independent account-control/transaction evidence establishing the petitioner’s knowledge and control at the time of the focal transfer.,BNS 318(4); BNS 319; BNS 308(2); BNS 336(3); BNS 338; BNS 340; BNS 61(2); BNS 241; IT Act 66C; IT Act 66D,,yes,yes,not_yet_adjudicated,Punjab and Haryana High Court dismissed Bapi Das’s anticipatory-bail petition on 12 May 2026; investigation qua him had been completed and challan filed.,"A retired principal was isolated through phone and WhatsApp video calls, told that criminal complaints and money-laundering activity were linked to her, and kept under digital arrest until she transferred INR 30.3 million. A first-layer INR 4.5 million transfer was traced to Bapi Das’s proprietorship account, but his knowledge remained contested.","INR 4.5 million is a traced first-layer subset, not the focal loss."
SEIAI-0098,reviewed,0.2.2,Hamzah,2026-10-04,Forged Supreme Court orders digital-arrest fraud against senior citizen couple,2025-09-03,2025-09-16,2025,Haryana,Ambala,not_reported,SRC-SEIAI-0098-01,T1,procedural_order,Supreme Court of India,Suo Motu Writ Petition (Criminal) No.3/2025; FIR Nos.76/2025 and 77/2025,investigation,digital_arrest,government_impersonation,phone,video_call;whatsapp,Telephone / WhatsApp / video conferencing,government_official,"Persons impersonating CBI officers, Enforcement Directorate officials and judicial authorities; forged Supreme Court and other judicial/official orders.",elderly_person,senior-citizen household / personal banking,not_reported,not_reported,,"A senior-citizen couple reported being contacted between 3 and 16 September 2025 by persons impersonating CBI, Enforcement Directorate and judicial authorities through telephone and video calls.","The operators displayed forged Supreme Court orders and other purported freeze, arrest, surveillance and court documents, claimed criminal investigation, and threatened arrest and property seizure under a digital-arrest pretext.",yes,yes,yes,yes,no,no,not_reported,yes,"High-intensity legitimacy theatre using forged judicial documents, institutional seals/signatures, and threats of criminal process/property seizure.",Remain compliant with the purported authorities and transfer funds through multiple bank transactions under the claimed digital-arrest/investigation process.,"The couple transferred INR 10,550,000 through multiple bank transactions.",not_reported,no,,10550000,bank_transfer,not_reported,,not_reported,not_reported,yes,not_reported,not_reported,yes,not_reported,not_reported,not_reported,not_reported,not_reported,Forged Supreme Court freeze/arrest/surveillance materials and fictitious Bombay High Court proceedings described in the Supreme Court order; two Cyber Crime Branch Ambala FIRs.,not_reported,not_reported,yes,Unknown CBI/ED/judicial impersonator cluster.,,,unclear,"The procedural order establishes the complainants' reported modus operandi and the existence of FIRs but does not identify specific human operators or reproduce telecom, device, account-control or platform attribution.",,Telecom/platform/device and beneficiary-account evidence identifying the human operators behind the impersonated authorities and mapping the INR 10.55 million payment path.,BNS 127(2); BNS 308(2); BNS 318(4); BNS 336(3); BNS 338; BNS 340(2); BNS 61(2),,not_reported,no,not_yet_adjudicated,"Supreme Court took suo motu cognizance on 17 October 2025, issued notice to central/state authorities and directed a status report from the Superintendent of Police, Cyber Crime, Ambala; the order did not adjudicate offender guilt.","A senior-citizen couple reported a digital-arrest scam running from 3 to 16 September 2025 in which callers posed as CBI, Enforcement Directorate and judicial authorities. They displayed forged Supreme Court orders through WhatsApp/video conferencing and threatened arrest and property seizure. The couple transferred INR 10.55 million. The Supreme Court treated the forged judicial documents as sufficiently serious to initiate suo motu proceedings, but the public order does not identify the fraud operators.","This record codes the focal complainant incident described in the Supreme Court's procedural order, not the Court's broader discussion of digital-arrest fraud as a national phenomenon."
SEIAI-0099,reviewed,0.2.2,Hamzah,2026-10-04,Vodafone duplicate-SIM impersonation and INR 10.5 lakh banking fraud,2011-07-23,,2011,Maharashtra,Nagpur / Navi Mumbai,no,SRC-SEIAI-0099-01,T1,appellate_judgment,Telecom Disputes Settlement & Appellate Tribunal,Cyber Appeal Nos.6 and 7 of 2014; Cyber Complaint No.14/2013,appeal,account_takeover_social_engineering,identity_theft_deception,in_person,,Vodafone mobile service / SBI internet banking,other,A person calling himself Kaustubh Das purported to be Prashant Buradkar's authorized representative and presented an authorization letter to request a replacement SIM.,individual,personal banking / mobile subscriber,not_reported,unknown,The impostor possessed enough subscriber identity/document information to present an authorization-based replacement request; the source does not establish how it was acquired.,"On 23 July 2011 an impostor visited a Vodafone store at Vashi, represented himself as the complainant's authorized representative and requested a replacement SIM for the complainant's registered mobile number.","The impostor used a purported authorization letter and subscriber identity to obtain and activate a replacement SIM, which was then associated with unauthorized banking access and siphoning from the complainant's SBI account.",no,no,no,yes,no,no,yes,no,Identity/authorization impersonation was directed at telecom staff to induce a service action that transferred control of the registered mobile number.,Issue and activate a replacement SIM on the basis of the purported subscriber authorization.,"Vodafone issued and activated the replacement SIM. The complainant later alleged INR 1,050,000 was siphoned from his SBI Mahal Branch account.",unknown,no,,1050000,bank_transfer,yes,,yes,not_reported,yes,not_reported,not_reported,not_reported,not_reported,not_reported,not_reported,yes,not_reported,SIM replacement form and submitted authorization/identity documents; police Section 91 request and telecom response; bank transaction material discussed in the adjudicatory record.,not_reported,not_reported,not_reported,Unknown replacement-SIM impostor and downstream banking/beneficiary network.,sim_or_subscriber_record,bank_account_or_money_flow,moderate,"The TDSAT judgment establishes the fraudulent replacement-SIM event and loss allegation for service-provider liability, but it does not identify the impostor as a resolved real-world human or map every downstream banking actor to that person.",A recipient/beneficiary role in the financial trail would not by itself prove the same person made the in-person SIM-replacement request.,"Human identification of the impostor through store/device/CCTV or other corroboration, and transaction/login evidence linking the replacement SIM to specific online-banking sessions and beneficiaries.","Information Technology Act Sections 43, 43A, 46 and 61",,not_applicable,not_applicable,not_applicable,TDSAT dismissed the telecom and bank appeals on 12 September 2024 and upheld/considered compensation liability arising from the 2011 replacement-SIM fraud; the proceeding did not determine criminal guilt of the unknown impostor.,"A person using the name Kaustubh Das presented himself at a Vodafone store as Prashant Buradkar's authorized representative and obtained a replacement SIM on 23 July 2011. Buradkar later alleged INR 1.05 million was siphoned from his SBI account. The TDSAT appellate judgment reconstructs the SIM-replacement documents, police information requests and banking loss while addressing telecom/bank liability. The human behind the impostor identity remains unresolved.","The focal loss is INR 1,050,000 as stated in the adjudicatory record. Compensation figures awarded against service providers are not coded as victim loss."
SEIAI-0100,reviewed,0.2.2,Hamzah,2026-10-04,Google-rating work-from-home task scam,2023-06-16,,2023,Delhi,New Delhi,not_reported,SRC-SEIAI-0100-01,T1,bail_order,Delhi High Court,BAIL APPLN.3422/2023; FIR No.72/2023,investigation,job_fraud,,whatsapp,telegram;website,WhatsApp / Telegram / gjpdyp.top,recruiter,Unresolved operators offered online part-time income for Google ratings and operated a Telegram task flow and fraud portal.,job_seeker,work-from-home / online tasks,not_reported,not_reported,,"On 16 June 2023, Oweas Khan received a WhatsApp message offering online part-time income for rating items on Google.","The operators promised small per-rating/login income, paid a small joining bonus, created an account on a task portal and escalated from low-value prepaid tasks to increasingly large deposits framed as commission-generating tasks and corrections.",not_reported,not_reported,yes,yes,yes,yes,not_reported,yes,Trust seeding through initial small payout and sunk-cost escalation through repeated prepaid tasks.,"Join Telegram task groups, use the online portal and make repeated prepaid deposits to unlock commissions/profits.","The complainant made repeated deposits, including escalating task payments, and lost INR 799,850.",not_reported,not_reported,,799850,bank_transfer,yes,,not_reported,not_reported,yes,not_reported,not_reported,yes,not_reported,not_reported,not_reported,not_reported,not_reported,,not_reported,not_reported,not_reported,Unresolved task-scam operators and Amit Sharma’s alleged beneficiary/account role.,bank_account_or_money_flow,documentary_record,moderate,The bail order records that an alleged amount was transferred to an account connected with the applicant but does not establish that he originated the WhatsApp/Telegram deception.,Applicant-specific knowledge and control of the wider scam infrastructure remained issues for investigation/trial.,Authenticated platform/device records resolving the WhatsApp/Telegram/portal operators and fuller account-control evidence linking downstream recipients to the focal deception.,IPC 420,,not_reported,not_reported,not_yet_adjudicated,"Delhi High Court dismissed Amit Sharma’s anticipatory-bail application on 12 October 2023, while clarifying that the observations were not findings on merits.","A WhatsApp offer for paid Google-rating work moved a victim into a Telegram and web-portal task scheme that used a small initial payout to establish trust before escalating prepaid tasks, causing INR 799,850 in loss. The bail applicant was linked to a downstream account, not independently identified as the original operator.","Focal loss is the complainant’s INR 799,850, not wider account activity."
SEIAI-0101,reviewed,0.2.2,Hamzah,2026-10-04,Hotel honeytrap and WhatsApp sextortion against cable operator,,,2019,Karnataka,Bengaluru,not_reported,SRC-SEIAI-0101-01,T1,bail_order,Karnataka High Court,Criminal Petition No.3649/2021; Crime No.2/2021,trial,sextortion,,in_person,phone;whatsapp,In-person contact / phone / WhatsApp,romantic_or_social_identity,A woman using the name Sukanya initiated an in-person sexual/honeytrap interaction; a later caller using the name Nandini sent the nude video and extortion demands escalated through multiple callers.,individual,small business / personal,not_reported,not_reported,,"In September 2019, cable operator Shekar met a woman calling herself Sukanya at a Bengaluru hotel, where she allegedly made him nude and recorded video.","Months later, a caller calling herself Nandini sent the nude video over WhatsApp and demanded money under threat of social-media publication; further callers escalated the demands.",not_reported,yes,yes,yes,not_reported,not_reported,not_reported,yes,Sexual/reputational coercion using intimate imagery and threats to circulate it to social contacts.,Pay escalating extortion demands to prevent publication/distribution of the nude video.,"The complainant paid INR 3,400,000 on different dates in response to the threats.",not_reported,not_reported,,3400000,multiple,not_reported,,yes,not_reported,not_reported,not_reported,not_reported,yes,not_reported,not_reported,not_reported,not_reported,not_reported,"Police arrested multiple accused and recovered INR 600,000 from one accused; the charge sheet relied in part on co-accused statements about roles.",not_reported,not_reported,not_reported,Sukanya/Nandini-linked sextortion network and Arun M’s alleged conspiracy/extortion role.,co_accused_link,witness_or_statement,moderate,The source is an anticipatory-bail order and attributes Arun’s role partly through statements of co-accused; it does not independently map every phone/WhatsApp identity or payment to him.,The petitioner sought anticipatory bail and the allegations remained for trial.,Authenticated device/platform/telecom evidence mapping the extortion identities and communications to individual operators and a complete payment trail.,IPC 506; IPC 384; IPC 120B; IT Act 67A,,yes,yes,not_yet_adjudicated,Karnataka High Court dismissed Arun M’s anticipatory-bail petition on 26 October 2021 after charge sheet.,"A Bengaluru cable operator was honeytrapped in a hotel, secretly recorded nude and later threatened by phone and WhatsApp that the video would be circulated unless he paid. He ultimately paid INR 3.4 million. The bail order links multiple accused to the scheme and alleges a conspiracy role for Arun M, but actor-specific digital attribution remains incomplete.",Incident begins with the 2019 in-person trap and continues into 2020 extortion; exact end date is not coded.
SEIAI-0102,reviewed,0.2.2,Hamzah,2026-10-04,Mumbai Police digital-arrest fraud against senior citizen,,,2025,Delhi,New Delhi,not_reported,SRC-SEIAI-0102-01,T1,bail_order,Delhi High Court,BAIL APPLN.353/2026; FIR No.026/2025,investigation,digital_arrest,,unknown,,Unspecified online communication channel,police,Unknown persons impersonating IPS officers from Mumbai Police.,elderly_person,senior citizen / personal banking,not_reported,not_reported,,"The source records that Vijay Kumar Kathuria, in his seventies, was contacted by unknown persons impersonating IPS officers from Mumbai Police.",The operators alleged that the complainant was involved in a money-laundering case and placed him under digital arrest.,yes,yes,not_reported,not_reported,not_reported,not_reported,yes,not_reported,,Comply with the purported police/money-laundering investigation and transfer funds as directed.,"The complainant transferred INR 13,818,100 in the course of the digital-arrest fraud.",not_reported,not_reported,,13818100,bank_transfer,yes,,not_reported,not_reported,yes,not_reported,not_reported,not_reported,not_reported,not_reported,yes,not_reported,not_reported,"The bail order records a prosecution theory that INR 9,782,500 was handled/transferred by the applicant and cites CCTV contact with co-accused.",not_reported,not_reported,not_reported,Unknown Mumbai Police impersonators and Rajendra Kumar’s alleged downstream mastermind/fund-handling role.,co_accused_link,bank_account_or_money_flow,limited,The applicant was named by a co-accused and alleged to have handled/transferred funds; the order does not establish that he performed the original victim-facing impersonation or provide independent platform evidence resolving the callers.,The applicant argued that the co-accused statement had no evidentiary value and sought anticipatory bail; guilt remained unadjudicated.,Victim-facing communication/provider evidence and independent corroboration linking the applicant to control and knowing transfer of focal proceeds.,BNS 308; BNS 318(4); BNS 319; BNS 340,,not_reported,not_reported,not_yet_adjudicated,"Delhi High Court dismissed Rajendra Kumar’s anticipatory-bail application on 28 January 2026, emphasizing the need for custodial investigation.","A man in his seventies was placed under digital arrest by unknown persons posing as Mumbai Police IPS officers and induced to transfer INR 13,818,100 under a money-laundering pretext. The bail applicant was alleged to be a downstream mastermind/fund handler, but the source does not independently identify him as the victim-facing caller.","The source does not identify the initial communication platform, so contact channel is coded unknown."
SEIAI-0103,reviewed,0.2.2,Hamzah,2026-10-04,WhatsApp and Telegram part-time investment-task fraud,,,2023,Delhi,New Delhi,not_reported,SRC-SEIAI-0103-01,T1,bail_order,Delhi High Court,BAIL APPLN.731/2025; FIR No.30/2023,investigation,job_fraud,,whatsapp,telegram,WhatsApp / Telegram,recruiter,Unresolved operators offered online part-time/investment-based tasks through WhatsApp and Telegram.,job_seeker,online work / personal finance,not_reported,not_reported,,Pradeep Kumar Behera was induced through WhatsApp and Telegram to participate in an online part-time job/task scheme.,"The operators framed repeated payments as investment-based tasks that would produce income/returns, inducing transfers from several bank accounts.",not_reported,not_reported,not_reported,yes,not_reported,not_reported,not_reported,yes,,Perform purported part-time investment tasks and transfer money to designated accounts.,"The complainant transferred INR 1,795,000, including INR 900,000 to an account of M/s Sanofi Enterprises.",not_reported,not_reported,,1795000,bank_transfer,yes,,not_reported,not_reported,yes,yes,not_reported,yes,not_reported,not_reported,not_reported,not_reported,not_reported,"Funds were traced through multiple accounts/Rapipay; investigation cited IP logs, virtual-account complaints, WhatsApp chats and links among the applicant and co-accused.",not_reported,not_reported,not_reported,Unknown task-scam operators and Shamikh Shahbaz Shaikh’s alleged Rapipay/fund-routing role.,bank_account_or_money_flow,ip_or_login_record,moderate,"The applicant was linked to downstream Rapipay/account infrastructure and co-accused, but the source does not establish that he authored the original WhatsApp/Telegram inducement.",The applicant pleaded innocence and misuse of his account; the bail court treated these as matters requiring further investigation.,Provider/device evidence resolving the original task-scam operators and fuller evidence establishing the applicant’s knowledge/control over the focal fund route.,IPC 419; IPC 420,,not_reported,not_reported,not_yet_adjudicated,Delhi High Court dismissed Shamikh Shahbaz Shaikh’s anticipatory-bail application on 14 May 2025 while emphasizing that observations were prima facie only.,"A Delhi complainant lost INR 1,795,000 after WhatsApp and Telegram contacts induced him into investment-based part-time tasks. Investigation traced funds through several accounts and Rapipay infrastructure linked to the bail applicant, but the original victim-facing operators remained unresolved.",Applicant-specific coding is confined to downstream financial/infrastructure conduct.
SEIAI-0104,reviewed,0.2.2,Hamzah,2026-10-04,UBS Asset Management VIP WhatsApp investment-group fraud,,,2025,Tamil Nadu,Chennai,not_reported,SRC-SEIAI-0104-01,T1,final_judgment,Madras High Court,W.P.Crl.No.474/2025; NCRP No.32901250002138,investigation,investment_fraud,,whatsapp,,WhatsApp / purported UBS Asset Management investment group,investment_advisor,A WhatsApp group styled 'UBS Asset Management VIP exclusive group' offering trading/investment activity.,investor,retail investment,not_reported,not_reported,,The complainant reported joining a WhatsApp group called 'UBS Asset Management VIP exclusive group' for trading.,"The group induced the complainant to invest on a trading/investment pretext, provided no repayment and demanded further payments for additional reasons.",yes,no,not_reported,yes,not_reported,no,not_reported,yes,Brand/institutional legitimacy borrowing and sunk-cost escalation after substantial investment.,Invest through the purported UBS-branded WhatsApp trading group and continue making payments.,"The complainant reported investing INR 14,800,000 and receiving no repayment. Preliminary investigation specifically traced a subset of INR 2,200,000 through layered bank accounts, including INR 4,194 reaching a V-Mart HDFC account at a remote layer.",no,no,,14800000,bank_transfer,yes,,not_reported,not_reported,yes,not_reported,not_reported,not_reported,not_reported,not_reported,not_reported,not_reported,not_reported,"NCRP complaint and preliminary bank-layer tracing: INR 2.2 million to an IDFC account, then portions through ICICI, PNB and a V-Mart HDFC account; the V-Mart account appeared in numerous NCRP complaints but was asserted to be a legitimate retail pass-through account.",not_reported,not_reported,not_reported,Unknown WhatsApp investment-group operators and downstream beneficiary-account network.,bank_account_or_money_flow,witness_or_statement,limited,"The judgment is primarily an account-freeze proportionality dispute. It records the complainant's reported investment loss and a specific traced payment subset, but does not identify the WhatsApp operators or establish that remote-layer legitimate merchant accounts knowingly participated.","Receipt of INR 4,194 in V-Mart's retail collection account can reflect a legitimate customer purchase or pass-through rather than knowing participation in the investment fraud; the High Court treated blanket freezing as disproportionate.","Authenticated WhatsApp group/provider/device records identifying the operators, plus complete transaction-level tracing of the reported INR 14.8 million loss to human-controlled endpoints.",,,not_reported,no,not_yet_adjudicated,"Madras High Court decided V-Mart's account-freeze challenge on 3 November 2025, restricting/proportioning the freeze while recording the underlying NCRP investment-fraud complaint and preliminary money trail; the judgment did not adjudicate the fraud operators' guilt.","A complainant reported joining a WhatsApp group styled 'UBS Asset Management VIP exclusive group' and investing INR 14.8 million before realizing that no repayment was forthcoming and more money was being demanded. Police preliminary tracing followed a specific INR 2.2 million subset through several bank layers, with INR 4,194 reaching a V-Mart retail account. The High Court proceeding concerned proportionality of freezing that remote-layer account, so the record supports the attack and financial path more strongly than human attribution.","Financial loss codes the complainant-reported INR 14.8 million total. INR 2.2 million is a specifically traced subset, not a replacement for the reported total. V-Mart is not coded as a fraud actor merely because a small remote-layer amount reached its account."
SEIAI-0105,reviewed,0.2.2,Hamzah,2026-10-04,IGL account-upgrade phishing and credit-card fraud,2026-01-06,2026-01-06,2026,Delhi,New Delhi,not_reported,SRC-SEIAI-0105-01,T1,interim_order,Delhi High Court,W.P.(C) 4801/2026; FIR No.10/2026,investigation,phishing,account_takeover_social_engineering,phone,website,Phone / phishing link,platform_or_service,Purported IGL account-upgrade service,individual,personal banking / payment card,not_reported,not_reported,,On 6 January 2026 the petitioner reported receiving a phishing call and link in connection with a purported IGL account upgrade.,The communication presented the link as part of an IGL account-upgrade process; an unauthorized credit-card transaction and merchant EMI activation followed.,not_reported,not_reported,yes,yes,not_reported,not_reported,not_reported,not_reported,,Open/use the purported IGL account-upgrade link and follow the requested account-update process.,"The petitioner used the link; an unauthorized credit-card transaction of INR 354,690 was then carried out and a merchant EMI facility was activated without his consent.",not_reported,not_reported,,354690,card,not_reported,,not_reported,not_reported,yes,not_reported,not_reported,not_reported,not_reported,not_reported,not_reported,not_reported,not_reported,,not_reported,not_reported,not_reported,Unknown phishing-call/link operator(s) and downstream merchant/payment endpoint(s).,witness_or_statement,,unclear,The interim writ order establishes the reported phishing event and disputed card transaction but does not identify the human operator or provide technical attribution of the link.,"Downstream financial, telecom or organisational linkage does not by itself establish authorship of the original social-engineering contact; accused-specific guilt remains unadjudicated.","Provider, URL/domain, device and payment-recipient records identifying the phishing infrastructure and human operator.",,,not_reported,not_reported,not_yet_adjudicated,The cited public source is a procedural bail/interim proceeding; the underlying cyber-fraud merits and offender guilt are not treated as finally adjudicated.,"A Delhi petitioner reported a phishing call and link presented as an IGL account upgrade. After using the link, an unauthorized INR 354,690 credit-card transaction was made and a merchant EMI facility was activated without his knowledge. The public order concerns interim relief in the resulting banking dispute and does not identify the phishing operator.","Focal loss is the unauthorized INR 354,690 card transaction. Subsequent bank recovery/deduction figures in the writ proceeding are not coded as additional fraud loss."
SEIAI-0106,reviewed,0.2.2,Hamzah,2026-10-04,Express Loan app vaccine-bait and image-blackmail fraud,,,2022,Delhi,New Delhi,suspected,SRC-SEIAI-0106-01,T1,bail_order,Delhi High Court,BAIL APPLN. 3856/2022; FIR No.129/2022,trial,sextortion,smishing,sms,phone;whatsapp;website,Express Loan app / SMS / WhatsApp,platform_or_service,Express Loan / purported vaccine-loan eligibility link,individual,consumer finance / personal,not_reported,not_reported,,"The focal complainant received SMS messages about a loan for a third Covid-19 vaccine dose, with a link for checking eligibility; clicking it downloaded the Express Loan app.","The app requested Aadhaar and PAN details and immediately credited INR 4,200. Days later, operators who had obtained contact and image access threatened the complainant with morphed images sent to his contacts.",not_reported,yes,yes,yes,not_reported,not_reported,not_reported,yes,,"Install the app, provide identity details and later comply with payment demands to stop dissemination of morphed images.","The complainant installed the app, supplied Aadhaar/PAN details, received the small loan and was subsequently threatened through calls and morphed-image dissemination. The source does not state a focal amount he paid.",not_reported,not_reported,,,unknown,not_reported,,yes,yes,yes,yes,yes,not_reported,not_reported,not_reported,not_reported,not_reported,not_reported,,not_reported,not_reported,not_reported,Express Loan operator network and account-linked downstream accused.,cdr_or_telecom_record,ip_or_login_record,moderate,"The bail order contains network-level CDR/IP and bank material and identifies accused linked to accounts, but not every accused is shown to have authored the focal SMS or threats to Rohan Kapoor.","Downstream financial, telecom or organisational linkage does not by itself establish authorship of the original social-engineering contact; accused-specific guilt remains unadjudicated.","Authenticated app/backend, messaging and device records mapping the focal SMS and threatening identities to specific operators.",,,yes,yes,not_yet_adjudicated,The cited public source is a procedural bail/interim proceeding; the underlying cyber-fraud merits and offender guilt are not treated as finally adjudicated.,"A Delhi complainant clicked an SMS link framed around eligibility for a third Covid-19 vaccine dose, which installed the Express Loan app. After he entered Aadhaar and PAN details and received a small loan, operators used access to his contacts and images to threaten him with morphed photographs. The bail record documents a broader extortion network, CDR/IP tracing and beneficiary accounts.","The separate INR 25 lakh extortion suffered by another complainant, Aditya Sharma, is not normalized as the focal victim’s loss. The wider INR 140 crore network transaction figure is also not coded as focal loss."
SEIAI-0107,reviewed,0.2.2,Hamzah,2026-10-04,Handy Loan app image-blackmail extortion,,,2022,Maharashtra,Mumbai,not_reported,SRC-SEIAI-0107-01,T1,bail_order,Bombay High Court,ABA Nos.1794 and 1796 of 2023; C.R.No.02/2022,investigation,sextortion,other,website,phone;whatsapp,Handy Loan app / WhatsApp,platform_or_service,Handy Loan app,individual,consumer finance / personal,not_reported,not_reported,,"While browsing online, the complainant found and downloaded the Handy Loan app and entered bank, Aadhaar, PAN and photograph details to obtain a small loan.","After INR 7,147 was credited, callers and WhatsApp users threatened to circulate morphed photographs of the complainant on social media unless he deposited money into specified accounts.",not_reported,yes,not_reported,yes,not_reported,not_reported,not_reported,yes,,Pay money into accounts supplied in WhatsApp chats to prevent publication of morphed photographs.,"Fearing publication of the morphed photographs, the complainant deposited INR 96,000 into the account specified in the WhatsApp chats.",not_reported,not_reported,,96000,bank_transfer,yes,,yes,yes,yes,not_reported,not_reported,yes,not_reported,not_reported,not_reported,not_reported,not_reported,,not_reported,not_reported,not_reported,Handy Loan threatening operator(s) and persons linked by CDR/co-accused evidence.,cdr_or_telecom_record,co_accused_link,moderate,The order records prima facie CDR/co-accused linkage to applicants but does not prove that either applicant authored the focal threats or controlled the payment endpoint.,"Downstream financial, telecom or organisational linkage does not by itself establish authorship of the original social-engineering contact; accused-specific guilt remains unadjudicated.",Device and messaging-platform records tying the threatening WhatsApp identities and loan-app infrastructure to identified operators.,,,not_reported,not_reported,not_yet_adjudicated,The cited public source is a procedural bail/interim proceeding; the underlying cyber-fraud merits and offender guilt are not treated as finally adjudicated.,"A Maharashtra complainant downloaded the Handy Loan app, supplied identity and banking details and received a INR 7,147 loan. He then received calls and WhatsApp threats using morphed photographs and paid INR 96,000 to prevent their circulation. The anticipatory-bail order records CDR and co-accused material but leaves the precise victim-facing operator unresolved.","The INR 7,147 loan disbursal is not added to fraud loss; INR 96,000 is the focal extortion payment."
SEIAI-0108,reviewed,0.2.2,Hamzah,2026-10-04,Online loan app morphed-image extortion against borrower family,,,2025,Andhra Pradesh,Visakhapatnam,not_reported,SRC-SEIAI-0108-01,T1,bail_order,Andhra Pradesh High Court,Criminal Petition No.5788/2025; Crime No.53/2025,bail_or_interim,sextortion,other,whatsapp,phone;website,Online loan app / WhatsApp,platform_or_service,Online instant-loan service,individual,consumer finance / family,not_reported,not_reported,,The prosecution record concerns a small online-loan transaction followed by WhatsApp contact with the borrower’s wife.,"After the small loan, operators allegedly used morphed obscene images and threats of dissemination to pressure the complainant family into payment.",not_reported,yes,yes,not_reported,not_reported,not_reported,not_reported,yes,,Make payment through the supplied digital-payment route to stop dissemination of morphed images.,"The complainant made a payment of INR 2,000 through PhonePe under the threat campaign described in the prosecution case.",not_reported,not_reported,,2000,upi,yes,,yes,not_reported,yes,not_reported,not_reported,yes,not_reported,not_reported,not_reported,not_reported,not_reported,,not_reported,not_reported,not_reported,Unresolved loan-app/WhatsApp extortion operator(s) and downstream payment network.,witness_or_statement,bank_account_or_money_flow,limited,The bail record is sufficient to reconstruct the coercive technique but provides limited public detail resolving the victim-facing operator to a specific human.,"Downstream financial, telecom or organisational linkage does not by itself establish authorship of the original social-engineering contact; accused-specific guilt remains unadjudicated.","Authenticated app, WhatsApp, device and payment-account records tying the coercive identity to an operator.",,,not_reported,not_reported,not_yet_adjudicated,The cited public source is a procedural bail/interim proceeding; the underlying cyber-fraud merits and offender guilt are not treated as finally adjudicated.,"An Andhra Pradesh loan-app matter describes a small loan followed by WhatsApp-based coercion using morphed obscene images. The borrower’s family was threatened with dissemination and the complainant made a INR 2,000 PhonePe payment. The public bail order supports the social-engineering sequence more strongly than individual human attribution.",The case is coded to the focal family extortion episode only. The judicial source is a bail-stage record and allegations remain unadjudicated.
SEIAI-0109,reviewed,0.2.2,Hamzah,2026-10-04,Fake Randstad part-time job and crypto-task fraud,2024-04-09,2024-04-16,2024,Haryana,Jhajjar,not_reported,SRC-SEIAI-0109-01,T1,bail_order,High Court of Punjab and Haryana,CRM-M-41722-2024; FIR No.21/2024,trial,job_fraud,investment_fraud,telegram,website,Telegram / okx.82.com,recruiter,"Suman, purported recruiter of Randstad India Pvt. Ltd.",job_seeker,work-from-home / online tasks,not_reported,not_reported,,"On 9 April 2024 the complainant received a Telegram message from a person calling herself Suman and presenting herself as a recruiter for Randstad India, offering part-time work.","The recruiter paid INR 1,500 for hotel-rating tasks, then moved the complainant into Telegram channels and a purported crypto-trading platform, promising larger returns on deposits.",not_reported,not_reported,yes,yes,not_reported,yes,not_reported,yes,,"Complete rating tasks, join the Telegram channel and deposit progressively larger sums for purported crypto/investment tasks.","After a small trust-building payout, the complainant transferred multiple sums totalling INR 1,451,710. When he sought returns, he was asked to deposit another INR 500,000 as income tax.",not_reported,not_reported,,1451710,multiple,yes,,yes,not_reported,yes,not_reported,not_reported,yes,not_reported,not_reported,not_reported,not_reported,not_reported,,not_reported,not_reported,not_reported,Telegram recruiter/task operators and downstream account/cash-out actors.,bank_account_or_money_flow,witness_or_statement,moderate,"The source documents petitioner-linked movement and withdrawal of portions of the funds, but the named recruiter persona is not resolved to that petitioner.","Downstream financial, telecom or organisational linkage does not by itself establish authorship of the original social-engineering contact; accused-specific guilt remains unadjudicated.",Platform/device evidence resolving the recruiter and task-channel operators and proving knowledge/control across the financial chain.,,,yes,yes,not_yet_adjudicated,The cited public source is a procedural bail/interim proceeding; the underlying cyber-fraud merits and offender guilt are not treated as finally adjudicated.,"A Haryana complainant was contacted on Telegram by a purported Randstad recruiter offering paid hotel-rating work. A small payment established trust before he was moved into crypto/investment tasks and induced to transfer INR 1,451,710. The bail record provides a detailed bank trail to downstream actors while the original recruiter identity remains unresolved.","The further INR 500,000 'income tax' demand was not paid and is not included in financial_loss_inr."
SEIAI-0110,reviewed,0.2.2,Hamzah,2026-10-04,Telegram video-liking and investment-task fraud,2023-08-31,2023-10-21,2023,Telangana,Hyderabad,not_reported,SRC-SEIAI-0110-01,T1,bail_order,Telangana High Court,Criminal Petition Nos.3717 and 3718 of 2024; Crime No.2481/2023,bail_or_interim,job_fraud,investment_fraud,telegram,website,Telegram / Mega Pro Digital Marketing,recruiter,Telegram part-time job/task recruiters including @chanana425 and @Singh_5128,job_seeker,work-from-home / online tasks,not_reported,not_reported,,The complainant received Telegram messages offering part-time work for subscribing to/liking YouTube and Instagram content.,"Operators directed her to a purported digital-marketing task platform, made small initial payments, then induced progressively larger investment/task payments on promises of profit.",not_reported,not_reported,not_reported,yes,not_reported,yes,not_reported,yes,,Perform social-media tasks and transfer funds for higher-yield investment/task rounds.,"The complainant made repeated payments and reported total losses of INR 4,945,900 across the two task sequences described in the complaint.",not_reported,not_reported,,4945900,bank_transfer,yes,,not_reported,not_reported,yes,not_reported,not_reported,yes,not_reported,not_reported,not_reported,not_reported,not_reported,,not_reported,not_reported,not_reported,Telegram task operators and beneficiary-account network.,bank_account_or_money_flow,message_or_email_content,moderate,"The judicial source documents beneficiary-bank tracing and the victim-facing Telegram accounts, but does not publicly resolve every online persona to an identified human.","Downstream financial, telecom or organisational linkage does not by itself establish authorship of the original social-engineering contact; accused-specific guilt remains unadjudicated.",Authenticated Telegram/platform and device records linking named handles to operators and to beneficiary-account controllers.,,,yes,not_reported,not_yet_adjudicated,The cited public source is a procedural bail/interim proceeding; the underlying cyber-fraud merits and offender guilt are not treated as finally adjudicated.,"A Hyderabad complainant was recruited through Telegram for simple YouTube/Instagram engagement tasks. Small payments built trust before the operators escalated to paid investment tasks, leading to a reported INR 4,945,900 loss. The bail record describes bank tracing of beneficiary accounts while the Telegram personas remain only partially resolved.","The total focal loss follows the complaint total stated in the judicial record, not broader network transaction values."
SEIAI-0111,reviewed,0.2.2,Hamzah,2026-10-04,Disney Star Agency Telegram part-time job fraud,2023-03-04,,2023,Gujarat,Bhavnagar,not_reported,SRC-SEIAI-0111-01,T1,bail_order,Gujarat High Court,R/CR.MA/18216/2024; C.R.No.11198068230243/2023,investigation,job_fraud,investment_fraud,telegram,phone,Telegram / Disney Star Agency,recruiter,Part-time job operators using Disney Star Agency and Telegram identity @Riya1471,job_seeker,work-from-home / online tasks,not_reported,not_reported,,The complainant received a mobile message about a part-time job and was directed to use Telegram.,"The operators assigned tasks and encouraged deposits into different accounts for larger rewards, using Disney Star Agency-linked accounts and Telegram identity @Riya1471.",not_reported,not_reported,not_reported,yes,not_reported,not_reported,not_reported,yes,,Join the Telegram task flow and deposit money into designated accounts to earn promised rewards.,"The complainant transferred a total of INR 490,000 and received no promised return.",not_reported,not_reported,,490000,bank_transfer,yes,,yes,not_reported,yes,not_reported,not_reported,yes,not_reported,not_reported,not_reported,not_reported,not_reported,,not_reported,not_reported,not_reported,Telegram/Disney Star Agency operator(s) and linked downstream account network.,bank_account_or_money_flow,co_accused_link,moderate,The applicant was linked through financial/co-accused evidence; the source does not establish that he controlled the victim-facing Telegram identity.,"Downstream financial, telecom or organisational linkage does not by itself establish authorship of the original social-engineering contact; accused-specific guilt remains unadjudicated.",Device/provider evidence resolving @Riya1471 and the initiating mobile identity to human operators.,,,not_reported,not_reported,not_yet_adjudicated,The cited public source is a procedural bail/interim proceeding; the underlying cyber-fraud merits and offender guilt are not treated as finally adjudicated.,"A Bhavnagar complainant was offered part-time work, moved to Telegram and induced to make deposits for higher rewards. The judicial record identifies Disney Star Agency-linked accounts and @Riya1471 and records a focal loss of INR 490,000. Downstream financial links are stronger than attribution of the original recruiter identity.",A much larger same-day turnover in the applicant-linked account is not treated as the focal victim’s loss.
SEIAI-0112,reviewed,0.2.2,Hamzah,2026-10-04,ALB App social-media investment fraud,,,2024,Delhi,New Delhi,not_reported,SRC-SEIAI-0112-01,T1,bail_order,Delhi High Court,BAIL APPLN. 3203/2025; FIR No.19/2024,bail_or_interim,investment_fraud,,instagram,whatsapp;website,Instagram / WhatsApp / ALB App,investment_advisor,Online investment promoters operating the ALB App,investor,retail investment,not_reported,not_reported,,The complainant was induced through an Instagram advertisement and WhatsApp group to participate in an online investment scheme.,The operators promoted the ALB App as a high-return investment platform and directed transfers into supplied bank accounts.,not_reported,not_reported,not_reported,yes,not_reported,not_reported,not_reported,yes,,Invest through the ALB App by transferring funds to designated accounts.,"The complainant transferred approximately INR 6,650,000 and no money was repaid.",not_reported,not_reported,,6650000,bank_transfer,yes,,not_reported,yes,yes,not_reported,yes,not_reported,not_reported,yes,not_reported,not_reported,not_reported,,not_reported,not_reported,not_reported,Unresolved ALB App/WhatsApp investment operators and device/SIM-linked downstream actors.,cdr_or_telecom_record,bank_account_or_money_flow,moderate,"The applicant was linked through CDR/device use of a bank-linked SIM associated with a downstream account, not shown to have authored the original Instagram/WhatsApp inducement.","Downstream financial, telecom or organisational linkage does not by itself establish authorship of the original social-engineering contact; accused-specific guilt remains unadjudicated.",Platform/provider and app infrastructure records identifying the ALB App and victim-facing account controllers.,,,not_reported,not_reported,not_yet_adjudicated,The cited public source is a procedural bail/interim proceeding; the underlying cyber-fraud merits and offender guilt are not treated as finally adjudicated.,"A Delhi complainant was drawn from an Instagram advertisement into a WhatsApp investment group and the ALB App, then induced to transfer about INR 6.65 million on promises of high returns. Investigation traced a portion of the funds to a downstream account and linked its SIM to devices associated with the bail applicant, while the original promoters remained unresolved.","The source contains a prosecution submission referring to INR 5.65 million in one place; the complaint recital gives approximately INR 6.65 million, which is retained as the focal reported loss."
SEIAI-0113,reviewed,0.2.2,Hamzah,2026-10-04,KKR Stock Discussion Group investment fraud,2024-01-24,2024-04-15,2024,Delhi,New Delhi,not_reported,SRC-SEIAI-0113-01,T1,bail_order,Delhi High Court,BAIL APPLN. 4183/2025; FIR No.116/2024,investigation,investment_fraud,,whatsapp,website,WhatsApp / trading application,investment_advisor,KKR Stock Discussion Group investment advisers,investor,retail investment,not_reported,not_reported,,The complainant was added to a WhatsApp group titled 'KKR Stock Discussion Group' that purported to provide profitable stock-market recommendations.,"The group promoted a trading application and assured high returns, directing the complainant to deposit funds into various accounts.",not_reported,not_reported,not_reported,yes,not_reported,not_reported,not_reported,yes,,Download/use the promoted trading application and transfer investment funds to supplied accounts.,"Between 24 January and 15 April 2024 the complainant transferred INR 5,346,000; neither principal nor profits were returned.",not_reported,not_reported,,5346000,bank_transfer,yes,,not_reported,not_reported,yes,not_reported,not_reported,yes,not_reported,not_reported,not_reported,not_reported,not_reported,,not_reported,not_reported,not_reported,KKR Stock Discussion Group operator(s) and shell/beneficiary-account network.,bank_account_or_money_flow,witness_or_statement,limited,"The FIR and financial investigation establish the victim-facing group and money movement, but the public order does not resolve the true humans operating the group.","Downstream financial, telecom or organisational linkage does not by itself establish authorship of the original social-engineering contact; accused-specific guilt remains unadjudicated.","Authenticated WhatsApp/app provider, device and account-control evidence linking the group administrators to specific persons.",,,not_reported,not_reported,not_yet_adjudicated,The cited public source is a procedural bail/interim proceeding; the underlying cyber-fraud merits and offender guilt are not treated as finally adjudicated.,"A Delhi complainant was added to a WhatsApp group called KKR Stock Discussion Group, directed to a trading app and promised profitable stock-market returns. He transferred INR 5,346,000 to supplied accounts and received neither principal nor profit. The underlying operator identities remain unresolved in the public bail record.","This incident is distinct from SEIAI-0065, a civil deepfake/impersonation case involving Akshay Tanna and KKR-associated identities."
SEIAI-0114,reviewed,0.2.2,Hamzah,2026-10-04,Fake Groww and E-TRADES investment fraud,2024-05-29,2024-06-07,2024,Delhi,New Delhi,not_reported,SRC-SEIAI-0114-01,T1,bail_order,Delhi High Court,BAIL APPLN. 1600/2025; FIR No.40/2024,bail_or_interim,investment_fraud,social_media_impersonation,phone,whatsapp;website,Phone / WhatsApp / E-TRADES,investment_advisor,Caller claiming to represent Groww Company,investor,retail investment / business owner,not_reported,not_reported,,A New Delhi businessman received a call from a person claiming to represent Groww Company and was invited into a WhatsApp group for stock-market investment education.,"The group introduced an E-TRADES platform, promoted stock/IPO opportunities and invoked positive tips and escrow-compliance assurances to create legitimacy.",not_reported,not_reported,not_reported,yes,not_reported,not_reported,not_reported,yes,,Join the WhatsApp investment group and transfer money into supplied beneficiary accounts for stock/IPO investments.,"Between 29 May and 7 June 2024 the complainant transferred INR 2,070,000 before discrepancies in beneficiary accounts and the purported company address exposed the fraud.",not_reported,not_reported,,2070000,bank_transfer,yes,,not_reported,not_reported,yes,not_reported,not_reported,yes,not_reported,not_reported,not_reported,not_reported,not_reported,,not_reported,not_reported,not_reported,Purported Groww/E-TRADES operators and downstream beneficiary-account network.,bank_account_or_money_flow,witness_or_statement,limited,The source reconstructs the pretext and payment path but does not publicly establish the identity of the original caller or WhatsApp administrators.,"Downstream financial, telecom or organisational linkage does not by itself establish authorship of the original social-engineering contact; accused-specific guilt remains unadjudicated.","Provider/device records linking the Groww-impersonating caller, WhatsApp group and E-TRADES infrastructure to human operators.",,,not_reported,not_reported,not_yet_adjudicated,The cited public source is a procedural bail/interim proceeding; the underlying cyber-fraud merits and offender guilt are not treated as finally adjudicated.,"A Delhi businessman was called by a person claiming to represent Groww, added to a WhatsApp stock-education group and introduced to an E-TRADES platform. Trust in the brand and investment explanations induced INR 2.07 million in transfers before inconsistencies exposed the scheme.",The case is coded as investment fraud with secondary social-media/brand impersonation; no claim is made that Groww itself was involved.
SEIAI-0115,reviewed,0.2.2,Hamzah,2026-10-04,NSS and SMC WhatsApp stock-market fraud,,,2024,Gujarat,Rajkot,not_reported,SRC-SEIAI-0115-01,T1,bail_order,Gujarat High Court,R/CR.MA/482/2025; C.R.No.11208057240033/2024,charge_sheet,investment_fraud,,whatsapp,website,WhatsApp,investment_advisor,NSS and SMC stock-market investment promoters,investor,retail investment,not_reported,not_reported,,The prosecution case describes a WhatsApp group used to lure members of the public into purported NSS and SMC stock-market investments.,"Group administrators sent links, advertisements and investment temptations and directed money into supplied accounts.",not_reported,not_reported,not_reported,yes,not_reported,not_reported,not_reported,yes,,Participate in the promoted NSS/SMC stock-market investment and transfer money to designated accounts.,"The focal scheme received INR 1,147,000 from the complainant into the accounts described in the prosecution case.",not_reported,not_reported,,1147000,bank_transfer,yes,,not_reported,not_reported,yes,not_reported,not_reported,yes,not_reported,not_reported,not_reported,not_reported,not_reported,,not_reported,not_reported,not_reported,NSS/SMC WhatsApp operator(s) and beneficiary-account network.,bank_account_or_money_flow,co_accused_link,limited,"Only INR 50,000 was traced to the particular bail applicant; the source does not show that he administered the victim-facing WhatsApp group.","Downstream financial, telecom or organisational linkage does not by itself establish authorship of the original social-engineering contact; accused-specific guilt remains unadjudicated.",Device and WhatsApp provider evidence resolving the group administrators and their relationship to account controllers.,,,not_reported,yes,not_yet_adjudicated,The cited public source is a procedural bail/interim proceeding; the underlying cyber-fraud merits and offender guilt are not treated as finally adjudicated.,"A Gujarat prosecution alleged that a WhatsApp group advertised NSS and SMC stock-market investments and induced the complainant to transfer INR 1,147,000. The bail record documents a narrow INR 50,000 trail to the applicant but does not identify him as the original victim-facing operator.","Applicant-specific INR 50,000 money trail is not substituted for the focal complainant’s reported INR 1,147,000 loss."
SEIAI-0116,reviewed,0.2.2,Hamzah,2026-10-04,Yumdishes Telegram rating-job fraud,2024-02-07,2024-03-01,2024,Kerala,Wayanad,not_reported,SRC-SEIAI-0116-01,T1,bail_order,Kerala High Court,BAIL APPL. 14241/2025; Crime No.06/2024,bail_or_interim,job_fraud,,telegram,website,Telegram / www.yumdishes.stores,recruiter,Purported YUM Brands rating-review job operators,job_seeker,work-from-home / online ratings,not_reported,not_reported,,The complainant was offered a part-time job through Telegram and directed to register on www.yumdishes.stores.,The website and Telegram operators promised substantial commission for rating/reviewing food items purportedly for YUM Brands Pvt. Ltd.,not_reported,not_reported,not_reported,yes,not_reported,not_reported,not_reported,yes,,"Register on the website, perform rating/review tasks and transfer funds as required by the scheme.","Between 7 February and 1 March 2024 the complainant transferred a total of INR 3,300,000 under the purported part-time job scheme.",not_reported,not_reported,,3300000,bank_transfer,yes,,not_reported,not_reported,yes,not_reported,not_reported,yes,not_reported,not_reported,not_reported,not_reported,not_reported,,not_reported,not_reported,not_reported,Yumdishes/Telegram job-scam operator(s).,witness_or_statement,,unclear,The High Court noted that the FIS contained no allegation against the particular applicant and that the State did not produce material substantiating the claim that he was the kingpin.,"Downstream financial, telecom or organisational linkage does not by itself establish authorship of the original social-engineering contact; accused-specific guilt remains unadjudicated.",Authenticated Telegram/site and banking evidence identifying the persons who controlled the victim-facing scheme.,,,yes,not_reported,not_yet_adjudicated,The cited public source is a procedural bail/interim proceeding; the underlying cyber-fraud merits and offender guilt are not treated as finally adjudicated.,"A Wayanad complainant was offered a Telegram part-time job, directed to a website called yumdishes.stores and promised commissions for food-rating reviews purportedly for YUM Brands. The complainant transferred INR 3.3 million. The bail court expressly found the public material weak as to the particular applicant, so actor attribution remains unresolved.","The source’s criticism of applicant-specific evidence is preserved; inclusion reflects the well-described focal incident, not a finding against the bail applicant."
SEIAI-0117,reviewed,0.2.2,Hamzah,2026-10-04,Fake SMC Global Securities IPO investment fraud,2024-12-01,2025-01-03,2024,Delhi,New Delhi,not_reported,SRC-SEIAI-0117-01,T1,bail_order,Delhi High Court,BAIL APPLN. 3199/2025; FIR No.06/2025,charge_sheet,investment_fraud,social_media_impersonation,whatsapp,website,WhatsApp / SMC Global Securities App,investment_advisor,"Fake Ajay Garg identity, purported SMC Global CEO/customer care; A105 Progress Forum",investor,retail investment,not_reported,not_reported,,Between 1 December 2024 and 3 January 2025 the complainant was approached on WhatsApp by persons impersonating SMC Global Securities personnel.,"Operators used a fake identity of Ajay Garg, a group named A105 Progress Forum and a mobile app called SMC Global Securities App to offer IPO subscriptions and fictitious IPO shares.",not_reported,not_reported,not_reported,yes,yes,not_reported,not_reported,yes,,Subscribe to IPOs and transfer investment money to the bank accounts supplied by the operators.,"The complainant transferred INR 26,239,965.16 across 24 accounts and realized the fraud when withdrawals were blocked.",not_reported,not_reported,,26239965.16,bank_transfer,yes,,not_reported,not_reported,yes,not_reported,not_reported,not_reported,not_reported,not_reported,not_reported,not_reported,not_reported,,not_reported,not_reported,not_reported,Fake SMC Global/A105 Progress Forum operators and downstream account network.,bank_account_or_money_flow,witness_or_statement,limited,"The applicant’s proprietorship account received INR 2 million, but the source records no CDR or WhatsApp evidence connecting him to the complainant and preserves his account-misuse defence.","Downstream financial, telecom or organisational linkage does not by itself establish authorship of the original social-engineering contact; accused-specific guilt remains unadjudicated.",Provider/device evidence identifying the WhatsApp group/app operators and resolving knowledge/control of downstream accounts.,,,not_reported,yes,not_yet_adjudicated,The cited public source is a procedural bail/interim proceeding; the underlying cyber-fraud merits and offender guilt are not treated as finally adjudicated.,"A Delhi complainant was approached through WhatsApp by persons impersonating SMC Global Securities, using a fake Ajay Garg identity, A105 Progress Forum and a fake SMC Global Securities App. He transferred about INR 26.24 million for purported IPO subscriptions before withdrawals were blocked. The bail applicant was linked to one recipient account but not to the victim-facing communications.",This promotes existing screening candidate CAND-0056 from pending to include. Applicant-specific attribution remains intentionally separated from the original victim-facing fraud.
SEIAI-0118,reviewed,0.2.2,Hamzah,2026-10-04,SBI KYC-update OTP vishing fraud,,,2023,Bihar,Buxar,not_reported,SRC-SEIAI-0118-01,T1,bail_order,Patna High Court,Cr. Misc. No.42525/2026; Buxar Cyber P.S. Case No.24/2023,bail_or_interim,vishing,bank_impersonation,phone,,Phone,bank_or_financial_institution,Caller posing as State Bank of India employee,individual,personal banking,not_reported,not_reported,,The informant received a phone call from an unknown person posing as an SBI employee.,The caller said KYC needed to be updated and induced the victim to share OTPs; the bank later confirmed no such call had been made by an employee.,yes,not_reported,yes,yes,not_reported,not_reported,not_reported,not_reported,,Share OTPs to complete the purported SBI KYC update.,"The informant disclosed OTPs, after which INR 420,000 was fraudulently withdrawn from his SBI account.",not_reported,not_reported,,420000,bank_transfer,not_reported,,yes,not_reported,yes,not_reported,not_reported,not_reported,not_reported,not_reported,not_reported,not_reported,not_reported,,not_reported,not_reported,not_reported,SBI-impersonating caller and downstream withdrawal/account network.,sim_or_subscriber_record,bank_account_or_money_flow,limited,The public bail order supports the phone/KYC/OTP sequence; full device/platform evidence tying the caller identity to a human operator is not reproduced.,"Downstream financial, telecom or organisational linkage does not by itself establish authorship of the original social-engineering contact; accused-specific guilt remains unadjudicated.",Subscriber/device and bank-session evidence resolving the caller and linking OTP use to the beneficiary/cash-out actor.,,,not_reported,not_reported,not_yet_adjudicated,The cited public source is a procedural bail/interim proceeding; the underlying cyber-fraud merits and offender guilt are not treated as finally adjudicated.,"A Buxar informant received a call from a person posing as an SBI employee and was induced to share OTPs under a KYC-update pretext. INR 420,000 was then withdrawn. The bank confirmed that no genuine SBI employee had made the call.","Focal loss is the complainant’s INR 420,000 withdrawal; no broader network values are coded."
SEIAI-0119,reviewed,0.2.2,Hamzah,2026-10-04,Fake Nykaa franchise fee fraud,,,2025,Chhattisgarh,Jagdalpur,not_reported,SRC-SEIAI-0119-01,T1,bail_order,Chhattisgarh High Court,MCRC No.38/2026; Crime No.01/2025,bail_or_interim,identity_theft_deception,other,email,phone,Email / phone,vendor_or_business,Persons posing as Nykaa PR/franchise representatives,business,retail franchise / entrepreneurship,not_reported,not_reported,,The complainant was approached by persons presenting themselves as connected with Nykaa and offering a franchise/business opportunity.,The operators used purported corporate communications and documents to demand successive franchise-related deposits into specified bank accounts.,not_reported,not_reported,not_reported,yes,yes,not_reported,not_reported,yes,,Pay franchise/application/security amounts into the accounts supplied by the purported Nykaa representatives.,"The complainant transferred INR 265,500, INR 500,000 and INR 400,000, totalling INR 1,165,500.",not_reported,not_reported,,1165500,bank_transfer,yes,,not_reported,not_reported,yes,not_reported,not_reported,not_reported,yes,not_reported,not_reported,not_reported,not_reported,,not_reported,not_reported,not_reported,Nykaa-impersonating franchise operators and beneficiary-account network.,bank_account_or_money_flow,documentary_record,moderate,The bail order records prosecution material against several applicants but does not establish that each applicant authored the victim-facing corporate impersonation.,"Downstream financial, telecom or organisational linkage does not by itself establish authorship of the original social-engineering contact; accused-specific guilt remains unadjudicated.",Email/domain/provider and device records tying the fraudulent Nykaa communications to identified operators.,,,not_reported,not_reported,not_yet_adjudicated,The cited public source is a procedural bail/interim proceeding; the underlying cyber-fraud merits and offender guilt are not treated as finally adjudicated.,"A Chhattisgarh complainant was induced by persons posing as Nykaa representatives to pay successive franchise-related amounts into supplied accounts. The payments totalled INR 1,165,500. The public bail record supports the brand-impersonation and money trail but not a final allocation of the original communications to every accused.",The three transfer amounts are summed only because the source expressly treats them as the focal complainant’s payments in the same scheme.
SEIAI-0120,reviewed,0.2.2,Hamzah,2026-10-04,DHFL parcel-to-CBI digital-arrest fraud,2024-04-09,2024-04-26,2024,Madhya Pradesh,Gwalior,yes,SRC-SEIAI-0120-01,T1,bail_order,"Madhya Pradesh High Court, Gwalior Bench",MCRC No.20375/2026; Crime No.37/2024,charge_sheet,digital_arrest,government_impersonation,phone,telegram;video_call,Phone / Telegram / video call,government_official,"Rajiv Gupta/DHFL parcel caller, fake police station and purported CBI officer",professional,personal banking / retired professional,not_reported,not_reported,,"On 9 April 2024 Dr Sujata Bapat received a call from a person calling himself Rajiv Gupta from DHFL, claiming a parcel in her name to Myanmar contained MDMA, laptops and passports.","The caller disclosed personal details, directed her to Telegram, connected her to a staged police station and fabricated warrants, then a purported CBI officer alleged human-trafficking and money-laundering links and demanded transfer of funds for verification/settlement.",yes,yes,yes,yes,not_reported,not_reported,yes,yes,,"Install/use Telegram, remain engaged with the purported investigation and transfer funds to accounts designated for verification/settlement.","The complainant prematurely encashed ten fixed deposits, transferred INR 3.5 million to a PNB account and later another INR 300,000 to a Kotak Mahindra Bank account.",not_reported,not_reported,,3800000,bank_transfer,yes,,yes,not_reported,yes,not_reported,not_reported,yes,not_reported,not_reported,not_reported,not_reported,not_reported,,not_reported,not_reported,not_reported,Parcel/police/CBI impersonator cluster and downstream account controllers.,bank_account_or_money_flow,witness_or_statement,moderate,"The applicant’s account received the INR 3.5 million tranche and the money trail is concrete, but the public order does not show that he made the initial calls or video impersonation.","Downstream financial, telecom or organisational linkage does not by itself establish authorship of the original social-engineering contact; accused-specific guilt remains unadjudicated.",Telegram/provider/device evidence resolving the staged police/CBI identities and connecting them to the downstream account network.,,,yes,yes,not_yet_adjudicated,The cited public source is a procedural bail/interim proceeding; the underlying cyber-fraud merits and offender guilt are not treated as finally adjudicated.,"A Gwalior complainant was told by a purported DHFL caller that a parcel in her name contained narcotics and passports. She was moved to Telegram, shown a staged police setting and fabricated warrants, and later confronted by a fake CBI officer alleging human trafficking and money laundering. She liquidated fixed deposits and transferred INR 3.8 million.","Focal loss includes both INR 3.5 million and INR 300,000 transfers. The source notes that the INR 3.5 million tranche entered the applicant-linked account."
SEIAI-0121,reviewed,0.2.2,Hamzah,2026-10-04,Kolhapur retired-professor couple digital-arrest fraud,2025-04-18,,2025,Maharashtra,Kolhapur,not_reported,SRC-SEIAI-0121-01,T1,bail_order,"Bombay High Court, Circuit Bench at Kolhapur",Criminal Bail Application No.3740/2025; Crime No.378/2025,bail_or_interim,digital_arrest,police_impersonation,phone,whatsapp;video_call,Phone / WhatsApp video,police,"Purported TRAI/Colaba police, staged Mumbai Police and virtual-court officials",elderly_person,retired academics / personal banking,not_reported,not_reported,,"On 18 April 2025 a retired professor in Kolhapur received a call from a person posing as a police officer from the 'TRAI Department, Colaba'.",The caller alleged her Aadhaar was implicated in a INR 6 crore Naresh Goyal money-laundering case; staged Mumbai Police/virtual-court video calls and an RBI 'verification' process were used to coerce compliance.,yes,yes,yes,yes,not_reported,not_reported,yes,yes,,Share banking details and transfer funds through the purported RBI verification process.,"The complainant transferred INR 35,723,000 through 11 RTGS/NEFT transactions to accounts supplied by the operators.",not_reported,not_reported,,35723000,bank_transfer,yes,,yes,not_reported,yes,not_reported,not_reported,yes,not_reported,not_reported,not_reported,not_reported,not_reported,,not_reported,not_reported,not_reported,TRAI/Mumbai Police/virtual-court impersonator cluster and downstream accounts.,bank_account_or_money_flow,witness_or_statement,limited,The order reconstructs the high-value digital-arrest episode and payments but the original victim-facing personas remain unresolved in the public record.,"Downstream financial, telecom or organisational linkage does not by itself establish authorship of the original social-engineering contact; accused-specific guilt remains unadjudicated.","Authenticated WhatsApp/video, telecom and device records tying the impersonating personas to identified humans.",,,not_reported,not_reported,not_yet_adjudicated,The cited public source is a procedural bail/interim proceeding; the underlying cyber-fraud merits and offender guilt are not treated as finally adjudicated.,"A retired professor couple in Kolhapur was drawn into a digital-arrest fraud beginning with a fake TRAI/Colaba police call and escalating to staged Mumbai Police and virtual-court video. Under an RBI verification pretext, the victim transferred INR 35.723 million across 11 transactions.","The focal loss is the source-stated INR 35,723,000 total, not any network-wide account flows."
SEIAI-0122,reviewed,0.2.2,Hamzah,2026-10-04,TRAI-Mumbai Police-CBI senior-citizen digital-arrest fraud,,,2024,Delhi,New Delhi,not_reported,SRC-SEIAI-0122-01,T1,bail_order,Delhi High Court,BAIL APPLN. 4195/2026; FIR No.214/2024,investigation,digital_arrest,government_impersonation,phone,video_call,Phone / Skype,government_official,"TRAI, Mumbai Police and CBI officials",elderly_person,senior citizen / personal banking,not_reported,not_reported,,"A senior citizen was contacted through Skype and telephone by persons impersonating TRAI, Mumbai Police and CBI officials.",The operators claimed the victim’s Aadhaar credentials had been used in criminal activity and threatened arrest and consequences to his family.,yes,yes,yes,not_reported,not_reported,not_reported,yes,yes,,Comply with the purported investigation and transfer funds to accounts specified by the callers.,"The complainant transferred an aggregate INR 26.5 million, with INR 15 million traced to Asif Enterprises and INR 11.5 million to Waveland Comestible Pvt. Ltd.",not_reported,not_reported,,26500000,bank_transfer,yes,,yes,not_reported,yes,not_reported,not_reported,not_reported,not_reported,not_reported,not_reported,not_reported,not_reported,,not_reported,not_reported,not_reported,TRAI/Mumbai Police/CBI impersonator cluster and primary beneficiary entities.,bank_account_or_money_flow,witness_or_statement,limited,"The bail applicant was not alleged to have spoken to the complainant; his implication arose from a later INR 531,168 credit, for which he asserted a bona fide commercial explanation.","Downstream financial, telecom or organisational linkage does not by itself establish authorship of the original social-engineering contact; accused-specific guilt remains unadjudicated.",Victim-facing communication/provider evidence and proof of knowing control over the principal beneficiary accounts.,,,not_reported,not_reported,not_yet_adjudicated,The cited public source is a procedural bail/interim proceeding; the underlying cyber-fraud merits and offender guilt are not treated as finally adjudicated.,"A Delhi senior citizen was placed under a digital-arrest style fraud by callers impersonating TRAI, Mumbai Police and the CBI. They alleged misuse of his Aadhaar identity, threatened him and his family, and induced INR 26.5 million in transfers. The bail applicant was a remote downstream recipient, not a documented victim-facing operator.","The applicant’s INR 531,168 credit is a remote-layer amount and is not treated as proof that he participated in the original impersonation."
SEIAI-0123,reviewed,0.2.2,Hamzah,2026-10-04,TRAI-to-CBI three-day WhatsApp digital-arrest fraud,2025-03-02,2025-03-04,2025,Delhi,New Delhi,not_reported,SRC-SEIAI-0123-01,T1,bail_order,Delhi High Court,BAIL APPLN. 1544/2026; FIR No.15/2025,investigation,digital_arrest,government_impersonation,whatsapp,video_call,WhatsApp voice/video,government_official,Deepak Sharma from TRAI; Colaba Police; CBI; Supreme Court; Vikas Gupta posing as CBI Chief,individual,personal banking,not_reported,not_reported,,On 2 March 2025 the complainant received a WhatsApp call from a person identifying himself as Deepak Sharma from TRAI.,"The caller claimed a PMLA FIR had been registered at Colaba Police Station, after which video callers impersonating Colaba Police, CBI and Supreme Court officials kept the complainant under a nearly three-day digital arrest.",yes,yes,yes,not_reported,not_reported,not_reported,yes,yes,,"Remain under the purported investigation, liquidate funds and transfer them to accounts designated by the impersonators.","The complainant prematurely liquidated fixed deposits and transferred INR 4,859,308 from ICICI, Canara Bank and PNB accounts to AU Small Finance Bank and DBS Bank accounts.",not_reported,not_reported,,4859308,bank_transfer,yes,,yes,not_reported,yes,not_reported,not_reported,yes,not_reported,not_reported,not_reported,not_reported,not_reported,,not_reported,not_reported,not_reported,TRAI/police/CBI/Supreme Court impersonator cluster and downstream account network.,bank_account_or_money_flow,witness_or_statement,limited,The public order distinguishes the applicant’s downstream account/infrastructure position from the unidentified persons who made the victim-facing WhatsApp calls.,"Downstream financial, telecom or organisational linkage does not by itself establish authorship of the original social-engineering contact; accused-specific guilt remains unadjudicated.",Authenticated WhatsApp/device/provider evidence identifying the impersonators and linking them to the recipient-account controllers.,,,not_reported,not_reported,not_yet_adjudicated,The cited public source is a procedural bail/interim proceeding; the underlying cyber-fraud merits and offender guilt are not treated as finally adjudicated.,"A Delhi complainant received a WhatsApp call from a purported TRAI official and was escalated to video callers posing as Colaba Police, CBI and Supreme Court authorities. He was kept under a nearly three-day digital arrest and transferred INR 4,859,308 after liquidating fixed deposits.",Applicant-specific downstream conduct is not treated as proof that the applicant operated any victim-facing persona.
SEIAI-0124,reviewed,0.2.2,Hamzah,2026-10-04,RBL Securities WhatsApp trading-app fraud,2024-08-13,,2024,Delhi,New Delhi,not_reported,SRC-SEIAI-0124-01,T1,bail_order,Delhi High Court,BAIL APPLN. 4852/2025; FIR No.480/2024,investigation,investment_fraud,social_media_impersonation,whatsapp,website,WhatsApp / trading application,investment_advisor,"Ishani Mehta, purported assistant of RBL Securities",elderly_person,retail investment,not_reported,not_reported,,On 13 August 2024 a complainant in his sixties was added to a WhatsApp group by a woman calling herself Ishani Mehta and presenting herself as an assistant of RBL Securities.,"The operators added the complainant to further groups, shared a trading-application link and induced large transfers for purported investment activity.",not_reported,not_reported,not_reported,yes,not_reported,not_reported,not_reported,yes,,Use the trading application and transfer investment funds to accounts supplied through the scheme.,"The complainant reported a total loss of INR 63,871,010.",not_reported,not_reported,,63871010,bank_transfer,yes,,yes,not_reported,yes,yes,not_reported,yes,not_reported,not_reported,not_reported,yes,not_reported,,not_reported,not_reported,not_reported,RBL-impersonating WhatsApp operators and downstream account/infrastructure network.,ip_or_login_record,bank_account_or_money_flow,moderate,The public record supports technical and financial tracing but does not establish that every downstream person controlled the Ishani Mehta identity or original WhatsApp groups.,"Downstream financial, telecom or organisational linkage does not by itself establish authorship of the original social-engineering contact; accused-specific guilt remains unadjudicated.",End-to-end device/provider attribution tying the victim-facing WhatsApp identities and trading app to identified operators.,,,not_reported,not_reported,not_yet_adjudicated,The cited public source is a procedural bail/interim proceeding; the underlying cyber-fraud merits and offender guilt are not treated as finally adjudicated.,"A Delhi senior complainant was added to WhatsApp investment groups by a persona calling herself Ishani Mehta and claiming to assist RBL Securities. A trading-app link and investment representations induced a reported INR 63.871 million loss. The bail record describes significant bank, telecom and Google/IP investigative material.",No implication is made that RBL Securities itself was involved; the brand was used as an impersonation pretext.
SEIAI-0125,reviewed,0.2.2,Hamzah,2026-10-04,WhatsApp and Telegram part-time employment fraud,2023-07-21,2023-07-31,2023,Kerala,Thrissur,not_reported,SRC-SEIAI-0125-01,T1,bail_order,Kerala High Court,BAIL APPL. 6400/2025; Crime No.15/2023,investigation,job_fraud,,whatsapp,telegram,WhatsApp / Telegram,recruiter,Online part-time employment recruiters,job_seeker,work-from-home / online employment,not_reported,not_reported,,Between 21 and 31 July 2023 the complainant was contacted through WhatsApp and Telegram and offered an online part-time job.,The operators projected large earnings and made small payments for work to build confidence before requiring transfers to different bank accounts.,not_reported,not_reported,not_reported,yes,not_reported,yes,not_reported,yes,,Participate in the purported online employment and transfer money into accounts supplied by the operators.,"After receiving small trust-building payments, the complainant transferred INR 290,000 and was neither provided employment nor repaid.",not_reported,not_reported,,290000,bank_transfer,yes,,not_reported,not_reported,yes,not_reported,not_reported,yes,not_reported,not_reported,not_reported,not_reported,not_reported,,not_reported,not_reported,not_reported,WhatsApp/Telegram employment-scam operator(s) and account network.,witness_or_statement,bank_account_or_money_flow,limited,"The prosecution alleged the petitioners were part of the racket, but the public order does not reproduce device/platform evidence attributing the original contacts to them.","Downstream financial, telecom or organisational linkage does not by itself establish authorship of the original social-engineering contact; accused-specific guilt remains unadjudicated.",Authenticated WhatsApp/Telegram and device evidence resolving the recruiter/operator identities.,,,not_reported,not_reported,not_yet_adjudicated,The cited public source is a procedural bail/interim proceeding; the underlying cyber-fraud merits and offender guilt are not treated as finally adjudicated.,"A Thrissur complainant was recruited through WhatsApp and Telegram for purported part-time employment. Small payments built confidence before she was induced to transfer INR 290,000 to different accounts. The bail record supports the focal manipulation sequence but provides limited public digital attribution of the victim-facing accounts.","Only the focal complainant’s INR 290,000 transfer is normalized as loss."
SEIAI-0126,reviewed,0.2.2,Hamzah,2026-10-04,World Bank saffron procurement and offshore-bank fraud,,,2024,Odisha,Bhubaneswar,yes,SRC-SEIAI-0126-01,T1,bail_order,Orissa High Court,BLAPL No.1770/2025; CID CB Cyber Crime P.S. Case No.10/2024; CT Case No.391/2024,bail_or_interim,identity_theft_deception,,email,website,Email / purported World Bank and Vault Off-Shore Bank,vendor_or_business,"Impersonated ex-bureaucrat, World Bank procurement and Vault Off-Shore Bank",business,international trade / saffron procurement,not_reported,not_reported,,"The informant, who had a prior acquaintance with an Odisha ex-bureaucrat, received an email stated to be from him concerning supply of Iranian saffron to the World Bank headquarters.","The operators supplied a purported World Bank purchase order, induced procurement/deposit of funds for saffron, then required an offshore account at Vault Off-Shore Bank and later demanded an additional insurance payment.",yes,not_reported,not_reported,yes,yes,not_reported,not_reported,yes,,"Fund the purported saffron procurement/World Bank transaction, open the designated offshore account and pay additional insurance charges.","The informant supplied/deposited INR 27 million for 110 kg of saffron and deposited USD 53,000 into the purported offshore bank account; a later USD 77,550 insurance demand triggered recognition of the fraud.",not_reported,not_reported,,27000000,multiple,yes,,not_reported,not_reported,yes,not_reported,yes,not_reported,yes,not_reported,not_reported,not_reported,not_reported,,not_reported,not_reported,not_reported,Email/World Bank procurement impersonator cluster and alleged account-selling/cash-out network.,bank_account_or_money_flow,co_accused_link,moderate,"The order records allegations against a Nigerian petitioner and co-accused, including account-selling/cash withdrawal activity, but the petitioner disputed the INR 27 million transfer linkage and guilt remains unadjudicated.","Downstream financial, telecom or organisational linkage does not by itself establish authorship of the original social-engineering contact; accused-specific guilt remains unadjudicated.",Email/domain and device evidence identifying the person who authored the ex-bureaucrat/World Bank communications and tying that operator to the financial endpoints.,,,not_reported,not_reported,not_yet_adjudicated,The cited public source is a procedural bail/interim proceeding; the underlying cyber-fraud merits and offender guilt are not treated as finally adjudicated.,"An Odisha informant received an email purportedly from an ex-bureaucrat offering a profitable Iranian-saffron supply arrangement for the World Bank. He deposited INR 27 million for saffron and USD 53,000 into a purported offshore bank before a further insurance demand exposed the fraud. Investigation later focused on bank withdrawals and an alleged account-selling network.","financial_loss_inr codes only the source-stated INR 27 million domestic saffron/payment component because the source gives the USD 53,000 separately and no exchange-rate date is normalized. The additional USD 77,550 demand was not paid."
SEIAI-0127,reviewed,0.2.2,Hamzah,2026-10-04,VIP 125-BCF and Schonfeld WhatsApp investment fraud,2024-04-16,,2024,West Bengal,Bidhannagar,suspected,SRC-SEIAI-0127-01,T1,bail_order,Calcutta High Court,CRM(M) 47/2025 & CRM(M) 167/2025; Bidhannagar Cyber Crime P.S. Case No.139/2024,charge_sheet,investment_fraud,,facebook,whatsapp;website,Facebook / WhatsApp / ESCORTS / Ssa-EE,investment_advisor,VIP 125-BCF Investment Academy and Schonfeld Mutual Aid Community 375,investor,retail investment,not_reported,not_reported,,The complainant encountered a Facebook advertisement promising substantial share-trading benefits and joined two WhatsApp groups through their links.,"The groups promoted apps named ESCORTS and Ssa-EE and directed deposits for purported share trading; when the complainant attempted withdrawal, more money was demanded.",not_reported,not_reported,not_reported,yes,yes,not_reported,not_reported,yes,,"Join the WhatsApp investment communities, use the promoted apps and transfer funds to accounts designated by the platforms.","The complainant transferred INR 10,035,000 from three bank accounts and could not withdraw it; demands for additional money then raised suspicion.",not_reported,not_reported,,10035000,bank_transfer,yes,,not_reported,not_reported,yes,not_reported,yes,yes,not_reported,yes,not_reported,not_reported,not_reported,,not_reported,not_reported,not_reported,VIP/Schonfeld investment operators and bank-account-opening/mule infrastructure network.,bank_account_or_money_flow,message_or_email_content,moderate,The source distinguishes the victim-facing investment scheme from petitioners involved in bank-account infrastructure; specific contact by the petitioners with the focal victim was disputed.,"Downstream financial, telecom or organisational linkage does not by itself establish authorship of the original social-engineering contact; accused-specific guilt remains unadjudicated.",Provider/device evidence tying the investment-group administrators and app controllers to the account-opening infrastructure.,,,yes,yes,not_yet_adjudicated,The cited public source is a procedural bail/interim proceeding; the underlying cyber-fraud merits and offender guilt are not treated as finally adjudicated.,"A West Bengal complainant followed a Facebook share-trading advertisement into two WhatsApp groups, VIP 125-BCF Investment Academy and Schonfeld Mutual Aid Community 375. He used promoted apps and transferred INR 10.035 million before withdrawal failed and further-payment demands exposed the fraud. The record also describes extensive account-opening infrastructure.","The 704 accounts and 1,530 complaints described by the State are network-level context, not the focal incident loss. Cross-border dimension is coded suspected because the prosecution alleged Dubai/Sri Lanka routing but the public judgment did not finally establish it."
SEIAI-0128,reviewed,0.2.2,Hamzah,2026-10-04,Army rental-payment pretext fraud,,,2022,Uttarakhand,Dehradun,not_reported,SRC-SEIAI-0128-01,T1,bail_order,Uttarakhand High Court,First Bail Application No.1676/2022; Case Crime No.07/2022,bail_or_interim,marketplace_fraud,government_impersonation,phone,,Phone,government_official,Bablu Kumar and a purported Army-office superior,individual,residential property rental,not_reported,not_reported,,"A woman who had advertised her house for rent received a call from a man calling himself Bablu Kumar, who said he wanted to rent the property.",A second caller claiming to be Bablu Kumar’s boss from an Army office invoked Army payment rules and instructed the victim to deposit money before rent could be credited.,yes,not_reported,yes,yes,not_reported,not_reported,not_reported,not_reported,,Transfer money to the supplied accounts as a purported prerequisite under Army payment rules for receiving rent.,"The complainant transferred a total of INR 1,246,000 into three Federal Bank accounts under the false payment-processing pretext.",not_reported,not_reported,,1246000,bank_transfer,not_reported,,yes,not_reported,yes,not_reported,not_reported,not_reported,not_reported,not_reported,not_reported,not_reported,not_reported,,not_reported,not_reported,not_reported,Army-renter impersonator(s) and recipient-account network.,witness_or_statement,bank_account_or_money_flow,limited,The source reconstructs the phone pretext and payment accounts but does not publicly map the caller identities to identified humans with device/provider evidence.,"Downstream financial, telecom or organisational linkage does not by itself establish authorship of the original social-engineering contact; accused-specific guilt remains unadjudicated.",Subscriber/device evidence connecting the two calling numbers and the Federal Bank account controllers to the same fraud operation.,,,not_reported,not_reported,not_yet_adjudicated,The cited public source is a procedural bail/interim proceeding; the underlying cyber-fraud merits and offender guilt are not treated as finally adjudicated.,"A Dehradun woman advertising a house for rent was contacted by a man calling himself Bablu Kumar and then by a purported Army-office superior. Invoking Army payment rules, the callers induced her to transfer INR 1.246 million before rent could supposedly be credited. The incident combines marketplace targeting with authority impersonation.",The focal loss is the total transfer stated in the judicial source; account-controller knowledge remains unadjudicated.
SEIAI-0129,reviewed,0.2.2,Hamzah,2026-10-04,Dadel Technologies WhatsApp part-time job fraud,,,2023,Kerala,Ernakulam,not_reported,SRC-SEIAI-0129-01,T1,bail_order,Kerala High Court,BAIL APPL. 69/2024; Crime No.73/2023,bail_or_interim,job_fraud,social_media_impersonation,whatsapp,,WhatsApp,recruiter,Purported employee of Dadel Technologies Pvt. Ltd.,job_seeker,work-from-home / online employment,not_reported,not_reported,,The focal complainant received a WhatsApp message offering part-time work from a person alleged to be impersonating an employee of Dadel Technologies Pvt. Ltd.,The purported company employment opportunity was used to induce digital payments into the account/infrastructure associated with the scheme.,not_reported,not_reported,not_reported,yes,not_reported,not_reported,not_reported,yes,,Participate in the offered part-time work and transfer money as instructed by the purported company representative.,"The source records receipt of INR 1,196,000 in connection with the focal transaction sequence.",not_reported,not_reported,,1196000,bank_transfer,yes,,not_reported,not_reported,yes,not_reported,not_reported,yes,not_reported,not_reported,not_reported,not_reported,not_reported,,not_reported,not_reported,not_reported,Dadel Technologies-impersonating WhatsApp operator(s) and downstream account network.,bank_account_or_money_flow,witness_or_statement,limited,The bail order contains a concise prosecution recital and wider similar-transaction context but limited public technical evidence proving who controlled the victim-facing WhatsApp identity.,"Downstream financial, telecom or organisational linkage does not by itself establish authorship of the original social-engineering contact; accused-specific guilt remains unadjudicated.",Authenticated WhatsApp/device/provider evidence identifying the purported Dadel Technologies operator.,,,not_reported,not_reported,not_yet_adjudicated,The cited public source is a procedural bail/interim proceeding; the underlying cyber-fraud merits and offender guilt are not treated as finally adjudicated.,A Kerala cybercrime case concerns a WhatsApp part-time job offer made by a person allegedly posing as a Dadel Technologies employee. The scheme induced a substantial transfer and the bail record places INR 1.196 million in the focal transaction path. Victim-facing identity resolution remains limited.,The source mentions numerous other similar transactions; those are network context and are not aggregated into this focal loss.
SEIAI-0130,reviewed,0.2.2,Hamzah,2026-10-04,Facebook and WhatsApp fake trading-platform fraud,2024-10-01,2025-04-15,2024,Kerala,Wayanad,not_reported,SRC-SEIAI-0130-01,T1,bail_order,Kerala High Court,BAIL APPL. 11950/2025; Crime No.12/2025,bail_or_interim,investment_fraud,,facebook,whatsapp;website,Facebook / WhatsApp / fake trading platform,investment_advisor,Online trading-profit promoter(s),investor,retail investment,not_reported,not_reported,,Between 1 October 2024 and 15 April 2025 the complainant was contacted through Facebook and WhatsApp by persons promising profits from online trading.,The operators induced the complainant to open an account on a fake trading platform and represented transfers to supplied bank accounts as investment capital.,not_reported,not_reported,not_reported,yes,not_reported,not_reported,not_reported,yes,,Open/use the purported trading account and transfer funds for online investment.,"The complainant transferred INR 3,144,530 across multiple transactions and received neither profit nor refund.",not_reported,not_reported,,3144530,bank_transfer,yes,,not_reported,not_reported,yes,not_reported,not_reported,yes,not_reported,yes,not_reported,not_reported,not_reported,,not_reported,not_reported,not_reported,Facebook/WhatsApp trading operators and beneficiary-account network.,bank_account_or_money_flow,witness_or_statement,limited,"The bail record alleges the petitioner contacted the complainant and received a traced portion, but the public record does not reproduce authenticated platform/device evidence proving account authorship.","Downstream financial, telecom or organisational linkage does not by itself establish authorship of the original social-engineering contact; accused-specific guilt remains unadjudicated.",Authenticated Facebook/WhatsApp and fake-platform records establishing account control and linking it to the money trail.,,,not_reported,not_reported,not_yet_adjudicated,The cited public source is a procedural bail/interim proceeding; the underlying cyber-fraud merits and offender guilt are not treated as finally adjudicated.,"A Wayanad complainant was contacted through Facebook and WhatsApp with promises of online-trading profits and directed to a fake trading platform. Between October 2024 and April 2025 he transferred INR 3,144,530 and received no profit or refund.","The source states that INR 400,000 was traced to the petitioner; this is an applicant-specific subset, not a replacement for the focal loss."
SEIAI-0131,reviewed,0.2.2,Hamzah,2026-10-04,ASK-IATOP and HNW Capital WhatsApp investment fraud,2025-03-18,,2025,Kerala,Malappuram,not_reported,SRC-SEIAI-0131-01,T1,bail_order,Kerala High Court,BAIL APPL. 11942/2025; Crime No.03/2025,bail_or_interim,investment_fraud,social_media_impersonation,whatsapp,website,Online advertisement / WhatsApp / ASK-IATOP,investment_advisor,Riya Rawat / ASK-IATOP / '484-ASK-HNW Capital' WhatsApp group,investor,retail investment,not_reported,not_reported,,"After seeing an online advertisement for ASK-IATOP, the complainant clicked a link and received a WhatsApp message from a person using the name Riya Rawat.",The persona added the complainant to a WhatsApp group named '484-ASK-HNW Capital' and promised profit-sharing on investment amounts through the purported ASK-IATOP operation.,not_reported,not_reported,not_reported,yes,not_reported,not_reported,not_reported,yes,,Invest through the purported ASK-IATOP/HNW Capital scheme by transferring funds as directed.,"From 18 March 2025 the complainant transferred a total of INR 32,409,000 on different days under the investment-profit pretext.",not_reported,not_reported,,32409000,bank_transfer,yes,,not_reported,not_reported,yes,not_reported,not_reported,yes,not_reported,not_reported,not_reported,not_reported,not_reported,,not_reported,not_reported,not_reported,Riya Rawat / ASK-IATOP-HNW Capital operator cluster and beneficiary-account network.,witness_or_statement,bank_account_or_money_flow,limited,The named WhatsApp identity may be a persona; the bail record does not publicly resolve it to a verified real-world human.,"Downstream financial, telecom or organisational linkage does not by itself establish authorship of the original social-engineering contact; accused-specific guilt remains unadjudicated.",WhatsApp/platform and device evidence tying the Riya Rawat account/group to identified operators and beneficiary-account controllers.,,,not_reported,not_reported,not_yet_adjudicated,The cited public source is a procedural bail/interim proceeding; the underlying cyber-fraud merits and offender guilt are not treated as finally adjudicated.,"A Kerala complainant followed an ASK-IATOP advertisement and was contacted on WhatsApp by a persona calling herself Riya Rawat. He was added to '484-ASK-HNW Capital', promised investment profit-sharing and transferred INR 32.409 million. The victim-facing persona remains unresolved.","The focal loss is the source-stated INR 32,409,000 transferred under the scheme."
SEIAI-0132,reviewed,0.2.2,Hamzah,2026-10-04,KOTAK Investment Club retirement-corpus fraud,,,2024,Odisha,Bhubaneswar,suspected,SRC-SEIAI-0132-01,T1,bail_order,Orissa High Court,BLAPL No.12332/2024 & connected matters; Cyber Crime P.S. Case No.48/2024,bail_or_interim,investment_fraud,social_media_impersonation,whatsapp,website,WhatsApp / KOTAK Investment Club / trading app,investment_advisor,"KOTAK Investment Club administrators, including persona 'Evelyn Smith'",investor,retired employee / retail investment,not_reported,not_reported,,"The retired informant was automatically added to a WhatsApp group called 'KOTAK Investment Club', administered through an overseas-number identity and investment personas including 'Evelyn Smith'.",Daily trading discussions and purported share/IPO allocations were used to establish legitimacy; the victim was shown fictitious investment balances and later asked for additional service/withdrawal fees.,not_reported,not_reported,yes,yes,yes,not_reported,not_reported,yes,,Transfer retirement funds for purported share/IPO investments and later pay additional charges to unlock withdrawals.,"The informant invested his retirement corpus and additional amounts and ultimately reported a total loss of INR 62,800,000; he was removed from the group and the app was deactivated when he tried to withdraw.",not_reported,not_reported,,62800000,bank_transfer,yes,,yes,not_reported,yes,not_reported,not_reported,yes,not_reported,not_reported,not_reported,not_reported,not_reported,,not_reported,not_reported,not_reported,KOTAK Investment Club victim-facing operator cluster and national/international mule-account network.,bank_account_or_money_flow,message_or_email_content,moderate,The record maps extensive financial infrastructure and arrests but the real-world identities behind the victim-facing WhatsApp administrators/personas remain only partially resolved.,"Downstream financial, telecom or organisational linkage does not by itself establish authorship of the original social-engineering contact; accused-specific guilt remains unadjudicated.",Authenticated WhatsApp/app/provider evidence tying the named personas and overseas-number administrator to specific human operators.,,,yes,not_reported,not_yet_adjudicated,The cited public source is a procedural bail/interim proceeding; the underlying cyber-fraud merits and offender guilt are not treated as finally adjudicated.,"An Odisha retiree was automatically added to a WhatsApp group styled KOTAK Investment Club, exposed to daily investment discussions and fictitious share/IPO allocations, and induced to commit his retirement corpus. When he attempted withdrawal, further fees were demanded, the app was deactivated and he was removed from the group. He reported a INR 62.8 million loss.",Cross-border dimension is coded suspected because preliminary investigation indicated a Vietnam-linked bank account; this is not treated as a final finding about the entire operator network.
SEIAI-0133,reviewed,0.2.2,Hamzah,2026-10-04,Fake transport e-challan phishing and corporate-card fraud,2026-01-03,2026-01-03,2026,Chhattisgarh,Raipur,not_reported,SRC-SEIAI-0133-01,T1,bail_order,Chhattisgarh High Court,MCRC Nos.4919 and 5734/2026; Crime No.08/2026,charge_sheet,phishing,smishing,sms,website,SMS / fake transport e-challan link,government_official,Purported transport e-challan/traffic-penalty service,executive,corporate payment card / emergency services company,not_reported,not_reported,,On 3 January 2026 the director of Jai Ambe Emergency Services India Pvt. Ltd. received an SMS containing a fake transport e-challan link.,"The link represented itself as a payment route for a INR 1,200 traffic penalty and requested corporate credit-card details and an OTP.",yes,not_reported,yes,yes,not_reported,not_reported,not_reported,not_reported,,"Open the purported e-challan link, enter corporate card details and authenticate the INR 1,200 penalty with an OTP.","The complainant entered the card details and OTP; INR 452,132 was then fraudulently debited through three online transactions.",not_reported,not_reported,,452132,card,not_reported,,yes,not_reported,yes,not_reported,not_reported,not_reported,not_reported,not_reported,not_reported,not_reported,not_reported,,not_reported,not_reported,not_reported,Fake e-challan phishing operator(s) and mobile-number-linked accused.,sim_or_subscriber_record,bank_account_or_money_flow,moderate,"The source states technical material linked applicants to the mobile number allegedly used in the offence, but does not reproduce the full forensic chain proving authorship/control of the phishing page.","Downstream financial, telecom or organisational linkage does not by itself establish authorship of the original social-engineering contact; accused-specific guilt remains unadjudicated.","Domain/server, device and transaction-session evidence tying the fake e-challan link and mobile number to identified operators.",,,yes,yes,not_yet_adjudicated,The cited public source is a procedural bail/interim proceeding; the underlying cyber-fraud merits and offender guilt are not treated as finally adjudicated.,"A Raipur company director received a fake transport e-challan SMS, opened the link and entered corporate credit-card details and an OTP for a purported INR 1,200 traffic penalty. Three unauthorized online transactions totalling INR 452,132 followed. Investigation linked applicants to a mobile number allegedly used in the fraud.",The judgment header refers to Crime No.08/2026 while the factual recital once calls the original complaint Crime No.06/2026. The record uses Crime No.08/2026 as the bail case reference; the inconsistency is preserved rather than silently reconciled.
SEIAI-0134,reviewed,0.2.2,Hamzah,2026-10-04,Mindstay Assets Management investment and forged-guarantee fraud,,,2024,Punjab,Rupnagar,not_reported,SRC-SEIAI-0134-01,T1,bail_order,High Court of Punjab and Haryana,CRM-M-54903-2024; FIR No.14/2024,investigation,investment_fraud,identity_theft_deception,phone,whatsapp;email,Phone / WhatsApp / email,investment_advisor,Mindstay Assets Management representatives and forged Bank of India guarantees,investor,retail investment,not_reported,not_reported,,The complainant Hem Raj received calls from Mindstay representatives and a WhatsApp link leading to a company group with about 700 members.,"The company promised monthly returns of roughly 3–4%, sent bank-account details through WhatsApp, issued purported Bank of India guarantees and made small initial profit payments to reinforce legitimacy.",not_reported,not_reported,not_reported,yes,not_reported,yes,not_reported,yes,,Invest funds into the Mindstay account on the strength of promised monthly returns and purported bank guarantees.,"The complainant invested INR 1,000,000, then INR 500,000 and another INR 500,000 after small profit payments. The purported Bank of India guarantees were later found to be forged and he was removed from the group after asking for the remaining profit.",not_reported,not_reported,,2000000,bank_transfer,not_reported,,not_reported,not_reported,yes,not_reported,not_reported,yes,yes,not_reported,not_reported,not_reported,not_reported,Forged Bank of India guarantee documents; corporate/director records; status-report material.,not_reported,not_reported,not_reported,Mindstay victim-facing/organisational operator cluster and company financial infrastructure.,documentary_record,bank_account_or_money_flow,moderate,"The prosecution status report linked the petitioner to company directorship and group membership, but the defence disputed his knowledge and the Court considered the possibility that a director could lack knowledge of the alleged fraud.","Downstream financial, telecom or organisational linkage does not by itself establish authorship of the original social-engineering contact; accused-specific guilt remains unadjudicated.","Authenticated device/account evidence showing who sent the investment representations, forged guarantees and removal messages, and what each director knew.",,,not_reported,not_reported,not_yet_adjudicated,The cited public source is a procedural bail/interim proceeding; the underlying cyber-fraud merits and offender guilt are not treated as finally adjudicated.,A Punjab complainant was recruited into a large Mindstay Assets Management WhatsApp group and promised monthly investment returns backed by purported Bank of India guarantees. Small profit payments seeded trust before he invested INR 2 million. The guarantees were later found to be forged and he was removed from the group when he pursued the promised returns.,"INR 2,000,000 codes the gross investment transferred. Small INR 29,333 and INR 6,000 trust-seeding payments are not netted out because the source frames the principal investment as the cheated amount. The petitioner’s individual knowledge remains disputed."
SEIAI-0135,reviewed,0.2.2,Hamzah,2026-10-04,Fake Paytm customer-care Google search fraud,2025-02-17,2025-02-18,2025,Bihar,Gaya,not_reported,SRC-SEIAI-0135-01,T1,interim_order,Patna High Court,Criminal Miscellaneous No.14551/2026; Cyber P.S. Gaya Case No.60/2025,investigation,customer_support_fraud,,phone,website,Google search / phone,customer_support,Purported Paytm customer-care officials,individual,personal payments / banking,no,no,,"After a Paytm connection problem, the informant searched Google, found a purported customer-care number and called it. Several callers then contacted him from other numbers.",The callers presented themselves as Paytm officials handling the service problem and obtained details of the informant and his wife's bank accounts.,yes,not_reported,not_reported,yes,not_reported,not_reported,not_reported,yes,Search-result legitimacy transferred trust to a fraudulent customer-support number.,Provide bank-account details to the purported Paytm support representatives.,"The informant provided bank details believing the callers were Paytm officials; INR 99,000 was withdrawn from his account and INR 201,800 from his wife's account.",yes,not_reported,,300800,other,not_reported,,not_reported,not_reported,yes,not_reported,not_reported,not_reported,not_reported,not_reported,not_reported,not_reported,not_reported,,not_reported,not_reported,not_reported,The unresolved fake-Paytm caller cluster and an investigation-linked petitioner whose name later surfaced.,,,unclear,"The order reconstructs the victim-facing calls but does not explain how the petitioner was linked to those calls, numbers or withdrawals.",The petitioner may have a downstream or unrelated role; the interim order expressly sought further investigation details.,"Subscriber, device, platform and bank-flow records tying a specific human operator to the customer-care numbers and the withdrawals.",,,not_reported,no,not_yet_adjudicated,On 20 April 2026 the Patna High Court kept the matter heard in part and directed production of further investigation details.,"A Gaya informant searching Google for Paytm support called a fraudulent customer-care number and then received several follow-up calls. Believing the callers were Paytm officials, he disclosed bank details. INR 300,800 was withdrawn across his and his wife's accounts. The public interim order does not resolve the human operator or explain the petitioner's specific role.","The source is an interim/heard-in-part order, not a final bail determination. Attribution is therefore intentionally coded unclear."
SEIAI-0136,reviewed,0.2.2,Hamzah,2026-10-04,TCS JOB government-outsourcing recruitment fraud,2024-01-11,2024-09-14,2024,Bihar,Nalanda,no,SRC-SEIAI-0136-01,T1,bail_order,Patna High Court,Criminal Miscellaneous No.90826/2025; Cyber Nalanda P.S. Case No.49/2025 (order header states Case No.50/2025),investigation,job_fraud,government_impersonation,multiple,whatsapp; email; website; in_person,WhatsApp / fake TCS JOB websites,recruiter,Purported TCS JOB management offering government/contractual recruitment through outsourcing tenders,job_seeker,government and contractual employment,not_reported,not_reported,,"The informant was introduced to persons representing that TCS JOB had government outsourcing tenders in Bihar and Jharkhand and later came into contact with petitioner Jitendra Kumar, who projected himself as TCS JOB management in Kolkata.","The scheme promised genuine recruitment in health, railways, teaching and other posts, using fake identity cards, websites, emails, notifications, training schedules, agreements and online results to support the representation.",yes,not_reported,not_reported,yes,not_reported,not_reported,not_reported,yes,"Institutional legitimacy was created through fake portals, documents, meetings, agreements and apparent government outsourcing arrangements.","Submit biodata and pay registration, processing, training and other job-related fees through repeated online transactions.","The informant and associated applicants submitted biodata and made repeated payments. The order states a total extracted amount of INR 2,972,160.",not_reported,not_reported,,2972160,multiple,no,,not_reported,not_reported,yes,not_reported,not_reported,yes,yes,not_reported,not_reported,not_reported,not_reported,"Fake identity cards, appointment materials, websites, training schedules, agreements and security cheques.",not_reported,not_reported,not_reported,Petitioner Jitendra Kumar and the wider TCS JOB recruitment cluster.,bank_account_or_money_flow,message_or_email_content,moderate,The source is an anticipatory-bail order and records allegations and case-diary material rather than final criminal findings.,The petitioner asserted that the transfers related to business investment and denied job-related correspondence.,"Authenticated control records for the fake websites, email accounts and messaging identities, together with complete transaction reconciliation.","IPC 406, 419, 420, 467, 468, 471, 120B",,not_reported,no,not_yet_adjudicated,Anticipatory bail dismissed on 29 April 2026; investigation was stated to be continuing.,"A Bihar informant was induced to believe that a TCS JOB entity held outsourcing tenders for government and contractual recruitment. The alleged operators used fake websites, emails, identity cards, appointment materials, training schedules and in-person meetings to sustain legitimacy while collecting repeated fees. The order states that INR 2,972,160 was extracted, while the petitioner disputed the employment narrative.","The source contains an internal arithmetic inconsistency: listed payment figures overlap with a later court-stated total of INR 2,972,160. Atlas codes the court-stated total and preserves the discrepancy rather than silently recomputing it. The order header references Cyber P.S. Case No.50/2025 while paragraph 2 states No.49/2025."
SEIAI-0137,reviewed,0.2.2,Hamzah,2026-10-04,Eircom broadband-refund impersonation and Indian call-centre trail,2021-12-07,2021-12-07,2021,West Bengal,Kolkata / Bolpur,yes,SRC-SEIAI-0137-01,T1,bail_order,Patna High Court,Criminal Miscellaneous No.11780/2025; ECIR PTZO/27/2023; Special Trial No.3/2024,trial,tech_support_fraud,customer_support_fraud,phone,,Telephone / Rewire payment channel,customer_support,“Stephanie” from Eircom Technological Service,individual,foreign broadband customer / personal banking,not_reported,not_reported,,Irish national Carmel Fox received a call from a woman identifying herself as Stephanie from Eircom Technological Service.,The caller said the victim was due a EUR 250 broadband refund and requested bank-account details to process it.,yes,not_reported,not_reported,yes,not_reported,yes,not_reported,not_reported,,Provide bank-account details to receive the purported Eircom refund.,"The victim provided banking details; EUR 950, stated by the source as INR 84,941.40, was taken from her credit card and transferred through a Rewire account into India.",yes,not_reported,,84941.40,card,yes,,not_reported,not_reported,yes,not_reported,yes,not_reported,not_reported,not_reported,not_reported,not_reported,yes,ED search material and analysis of a co-accused iPhone; records concerning Leconix and related entities.,not_reported,not_reported,not_reported,The unresolved Eircom impersonator and the alleged Kolkata/Bolpur call-centre and financial network.,bank_account_or_money_flow,device_possession_or_forensics,moderate,The source links an alleged Indian call-centre and money-flow network to cyber fraud against foreign nationals but does not prove that the petitioner or a named network member personally made Carmel Fox's call.,The petitioner characterised his role as commission-based work and disputed criminal involvement.,Call-provider or device records linking the Stephanie/Eircom call session to a specific operator in the alleged Indian call centre.,"PMLA Section 4; predicate allegations under IPC 411, 419, 420 and IT Act provisions including 66D",,yes,yes,not_yet_adjudicated,PMLA bail proceeding; underlying trial and money-laundering merits remained pending.,"An Irish Eircom customer was called by a woman offering a EUR 250 broadband refund and provided bank details. EUR 950 was then taken from her credit card and moved through a Rewire account to an Indian company. Later ED proceedings alleged a Kolkata/Bolpur fake-call-centre network and extensive downstream proceeds, but the focal caller identity remains unresolved.","Only the focal EUR 950 loss, converted in the source to INR 84,941.40, is coded. Much larger PMLA proceeds and account totals are network-level context and are not transferred to this incident."
SEIAI-0138,reviewed,0.2.2,Hamzah,2026-10-04,Government-contract impersonation and forged-document fraud against Sabharwal Trading,,,2023,Assam,,not_reported,SRC-SEIAI-0138-01,T1,bail_order,Gauhati High Court,Bail Appln. 2424/2024; CID P.S. Case No.16/2023; Sessions Case No.93/2024,trial,government_impersonation,,multiple,whatsapp; in_person,WhatsApp / forged government documents,government_official,Purported public servants and government contracting authority,business,commercial contracting,not_reported,not_reported,,The director of Sabharwal Trading Pvt. Ltd. reported that a group induced him and his company to treat a purported government contract as authentic.,"The alleged scheme used public-servant impersonation, counterfeit government seals and forged documents to create the appearance of a genuine government contract.",yes,not_reported,not_reported,yes,not_reported,not_reported,not_reported,yes,"Official-looking documents, seals and public-servant personas created institutional legitimacy.","Proceed with the purported contract, deliveries and payments on the belief that the government transaction was genuine.",The company acted on the purported contract and suffered financial loss; the reviewed source does not isolate a reliable focal loss amount.,not_reported,not_reported,,,unknown,not_reported,,not_reported,not_reported,not_reported,not_reported,not_reported,yes,not_reported,not_reported,not_reported,not_reported,not_reported,"Forged government documents, counterfeit seals, FIR and charge-sheet material.",not_reported,not_reported,not_reported,Public-servant impersonation cluster and petitioner Harish Bansal's alleged supporting role.,message_or_email_content,documentary_record,limited,The bail order describes the petitioner's role mainly through WhatsApp enquiries about delivery and payments and does not establish that he personally impersonated a public servant.,The petitioner disputed involvement and characterised the matter as contractual.,Authenticated communications and device evidence tying specific accused persons to the public-servant personas and forged contracting material.,"IPC conspiracy, cheating and forgery provisions including 120B, 419, 420, 467, 468, 471; State Emblem of India Act provisions",,yes,yes,not_yet_adjudicated,Regular bail rejected on 20 September 2024; charge sheet had been filed and trial commenced.,"Sabharwal Trading alleged that a group induced the company to rely on a purported government contract through public-servant impersonation, counterfeit seals and forged government documents. The Gauhati High Court bail record notes WhatsApp material concerning petitioner Harish Bansal but leaves the victim-facing authorship and individual role boundaries unresolved.","The prosecution referred to more than INR 60 crore allegedly siphoned from the complainant and associates. That is an aggregate/network figure, not a clean focal-incident loss, so financial_loss_inr is intentionally left blank."
SEIAI-0139,reviewed,0.2.2,Hamzah,2026-10-04,Momentum Stock WhatsApp institutional-account investment fraud,,,2024,Assam,Guwahati,not_reported,SRC-SEIAI-0139-01,T1,final_judgment,Gauhati High Court,WP(C) 2605/2024; related Surat Cyber Crime FIR LA-28/2024,reported,investment_fraud,,whatsapp,,WhatsApp / purported institutional trading account,investment_advisor,Momentum Stock trading group and purported institutional account,investor,retail investment / stock trading,not_reported,not_reported,,"The petitioner's husband, who traded in stocks, was unexpectedly added to a WhatsApp group called Momentum Stock.","The group induced him to open a purported Institutional Account, invest funds and rely on an account display that showed his holdings growing to roughly INR 3 crore.",not_reported,not_reported,not_reported,yes,not_reported,not_reported,not_reported,yes,Artificial portfolio growth and an institutional-account framing made the investment activity appear legitimate.,Open the purported institutional trading account and make repeated stock-market/IPO investments.,"The victim invested over INR 1.2 crore. When he tried to withdraw, he was removed from the WhatsApp group and the account was suspended; only INR 29,100 was received back.",not_reported,not_reported,,12000000,bank_transfer,unknown,,not_reported,not_reported,yes,not_reported,not_reported,yes,not_reported,not_reported,not_reported,not_reported,not_reported,,not_reported,not_reported,not_reported,Unresolved Momentum Stock WhatsApp and institutional-account operators.,,,unclear,The writ proceeding concerns a frozen bank account and reconstructs the fraud from the petitioner's account; it does not identify or forensically attribute the Momentum operators.,The proceeding does not adjudicate offender guilt and includes separate trading scams that may involve different operators.,"Platform, hosting, beneficiary-account and device records resolving the Momentum WhatsApp group and institutional-account controller(s).",,,unknown,unknown,not_applicable,The Gauhati High Court decided the account-freeze writ on 17 July 2026; the underlying Momentum fraud offender identities were not adjudicated.,"An Assam investor was added to a WhatsApp group named Momentum Stock and induced to open a purported institutional trading account. He invested over INR 1.2 crore and saw the displayed value rise to around INR 3 crore, but was removed from the group and locked out when he sought withdrawal. The writ judgment documents the victim narrative but not offender identity.","The same source describes separate losses through Stock Frontline and other WhatsApp groups. Those are not merged into this focal Momentum Stock incident. INR 12,000,000 is coded as an approximate floor because the source says “over”/“about” INR 1.2 crore."
SEIAI-0140,reviewed,0.2.2,Hamzah,2026-10-04,YouTube work-from-home task and escalating deposit fraud,2020-05-10,2023-05-30,2020,Jharkhand,Ranchi,not_reported,SRC-SEIAI-0140-01,T1,bail_order,Jharkhand High Court,B.A. 2959/2024; Ranchi Cybercrime P.S. Case No.47/2023,charge_sheet,job_fraud,,whatsapp,telegram,WhatsApp / Telegram / YouTube,recruiter,Shanay Navin work-from-home recruiter persona,job_seeker,online task work,not_reported,not_reported,,The informant was contacted on WhatsApp by a person using the name Shanay Navin and offered work from home by liking YouTube videos.,"The victim was moved to Telegram for payment and further tasks, received some initial payment, and was then induced to deposit progressively larger sums into various accounts.",not_reported,not_reported,not_reported,yes,not_reported,yes,not_reported,yes,Small initial payouts seeded trust before large deposit demands.,Perform online tasks and make repeated deposits into accounts supplied by the scheme.,"The informant continued the task scheme and deposited a total of INR 8,432,100 into various accounts according to the FIR recital.",not_reported,not_reported,,8432100,bank_transfer,yes,,not_reported,not_reported,yes,not_reported,not_reported,yes,not_reported,not_reported,not_reported,not_reported,not_reported,,not_reported,not_reported,not_reported,Unresolved Shanay Navin/task operators and petitioner Jitendra Kumar's beneficiary-account role.,bank_account_or_money_flow,,moderate,The petitioner was not named in the FIR and was linked as an account holder; the source does not establish that he made the recruiting contact.,The petitioner denied involvement; account receipt alone does not prove authorship of the task scam.,Authenticated WhatsApp/Telegram control records connecting the recruiter persona to the beneficiary-account network.,"IPC 120B, 384, 406, 419, 420, 467, 468, 471; IT Act 66B, 66C, 66D",,yes,yes,not_yet_adjudicated,Regular bail rejected on 12 July 2024; charge sheet filed against the petitioner while investigation continued against co-accused.,"A victim was recruited over WhatsApp for paid YouTube-like tasks, moved to Telegram and given small initial payments before being induced to make repeated deposits. The FIR recital states a loss of INR 8.4321 million. Petitioner Jitendra Kumar was linked as an account holder allegedly receiving INR 1.16 million, but the original recruiter identity remains unresolved.",The source states an unusually long chronology from 10 May 2020 through 30 May 2023. Atlas preserves those source dates rather than silently normalising them.
SEIAI-0141,reviewed,0.2.2,Hamzah,2026-10-04,Bank-loan pretext OTP vishing and unauthorized debit,,,2021,Jharkhand,Latehar,not_reported,SRC-SEIAI-0141-01,T1,bail_order,Jharkhand High Court,Criminal Revision No.749/2022; Latehar P.S. Case No.98/2021; E.R. No.12/2022,bail_or_interim,vishing,,phone,,Mobile phone,unknown,Caller using a bank-loan pretext; no specific institution or verified identity is established,individual,personal banking,not_reported,not_reported,,An unknown caller contacted the victim by phone under the pretext of arranging or processing a bank loan.,"The caller used the loan narrative to induce disclosure of the victim's account number, ATM details and OTP.",not_reported,not_reported,not_reported,yes,not_reported,not_reported,not_reported,not_reported,,"Disclose bank-account, ATM and OTP information for the purported loan process.","The victim disclosed the requested information and INR 75,086 was debited from the account.",yes,not_reported,,75086,other,not_reported,,yes,not_reported,yes,not_reported,not_reported,not_reported,not_reported,not_reported,not_reported,not_reported,not_reported,,not_reported,not_reported,not_reported,Unknown loan-pretext caller; a co-accused was said by the defence to be associated with the calling mobile number.,sim_or_subscriber_record,,limited,The juvenile-revision order does not set out a complete subscriber/device attribution chain and does not establish that the juvenile petitioner made the call.,The calling number was attributed by the defence to co-accused Dalchand Mandal rather than the juvenile petitioner.,Certified subscriber/CDR/device evidence and transaction records mapping the caller number to the operator and financial beneficiary.,"IPC 419, 420; IT Act 66B, 66C, 66D",,yes,not_reported,not_yet_adjudicated,Criminal revision concerned rejection of bail to a juvenile accused; underlying guilt remained unadjudicated.,"A Jharkhand victim received a phone call using a bank-loan pretext and disclosed account, ATM and OTP information. INR 75,086 was then debited. The public juvenile-revision order establishes the manipulation sequence but leaves granular caller attribution unresolved.","The impersonated institution is not stated, so the identity category is left unknown rather than inferred as a specific bank."
SEIAI-0142,reviewed,0.2.2,Hamzah,2026-10-04,Fraudulent Google customer-care listing and credit-card activation fraud,,,2025,Jharkhand,Deoghar,not_reported,SRC-SEIAI-0142-01,T1,bail_order,Jharkhand High Court,B.A. 5912/2026; Cyber P.S. Case No.167/2025,trial,customer_support_fraud,,phone,website,Google search / phone,customer_support,Fraudulent customer-care number displayed on Google for credit-card activation,individual,credit-card / personal banking,no,no,,A victim searching for help activating a new credit card called a number displayed on Google as a customer-care contact.,The number was allegedly presented fraudulently as customer care and used the activation request as the context for the fraud.,not_reported,not_reported,not_reported,yes,not_reported,not_reported,not_reported,not_reported,Search-result/customer-care legitimacy caused the victim to initiate contact with the fraudulent endpoint.,Engage with the purported customer-care number to activate the new credit card.,"The victim called the displayed number and INR 45,099 was taken from the victim's bank account.",not_reported,not_reported,,45099,other,not_reported,,yes,not_reported,yes,not_reported,yes,not_reported,not_reported,not_reported,not_reported,not_reported,not_reported,,not_reported,not_reported,not_reported,Petitioner Khalid Ansari's seized mobile/number and the unresolved human operator of the fraudulent customer-care interaction.,device_possession_or_forensics,sim_or_subscriber_record,limited,"The bail order says the fraudulent Google customer-care number was seized from the petitioner and case-diary material attributes the fraud to him, but it does not reproduce call-session or platform evidence proving who answered the victim.",Possession/subscriber association with the number does not by itself prove authorship of every customer-care interaction.,"Google listing/control records, CDRs and device artefacts tying the victim's call to the seized handset and a specific user session.","BNS 111(2)(b), 111(3), 111(4), 319(2), 318(4), 338, 336(3), 340(2), 61(2); IT Act 66B, 66C, 66D, 84C",,yes,yes,not_yet_adjudicated,Bail dismissed on 17 July 2026; the High Court expected the trial to conclude within six months.,"A victim trying to activate a new credit card called a phone number displayed on Google as customer care and lost INR 45,099. A Jharkhand High Court bail order states that the number was seized from petitioner Khalid Ansari, providing unusually direct device/number linkage, while still leaving the precise call-session attribution unstated.",Primary source is a judicial order reproduced by CaseMine rather than Indian Kanoon; the neutral citation is 2026:JHHC:21137.
SEIAI-0143,reviewed,0.2.2,Hamzah,2026-10-04,WhatsApp INR 25 lakh lucky-draw advance-fee fraud,2022-03-05,,2022,Jharkhand,Simdega,not_reported,SRC-SEIAI-0143-01,T1,bail_order,Jharkhand High Court,A.B.A. 933/2026; Kersai P.S. Case No.39/2022,investigation,other,,whatsapp,,WhatsApp / bank transfer,other,Lucky-draw/prize operator claiming the victim had won INR 25 lakh,individual,personal finance,not_reported,not_reported,,The informant received a WhatsApp call from an unknown number stating that a lucky draw of INR 25 lakh had taken place in his name.,"The caller said advance payments were required to receive the prize, first demanding INR 15,000 and then INR 30,000, with further calls requesting more money.",not_reported,not_reported,yes,yes,not_reported,yes,not_reported,yes,,Transfer advance amounts into a named SBI account to receive the purported INR 25 lakh prize.,"The informant transferred INR 15,000, then INR 30,000, and further amounts after repeated calls, for a total of INR 160,000.",not_reported,not_reported,,160000,bank_transfer,yes,,yes,not_reported,yes,not_reported,not_reported,not_reported,not_reported,not_reported,not_reported,not_reported,not_reported,,not_reported,not_reported,not_reported,"Unknown lucky-draw caller(s), the named beneficiary-account layer and petitioner Sawitry Devi's alleged courier role.",bank_account_or_money_flow,,limited,"The source identifies the beneficiary account name and says charge sheet was filed against other accused, but does not identify the caller; the petitioner's only alleged role was delivering envelopes.",The petitioner denied cybercrime membership and said she merely delivered envelopes to named addressees.,Subscriber/device evidence linking the WhatsApp number to the caller and account-control evidence resolving who controlled the beneficiary account.,"IPC 419, 420, 120B; IT Act 66C, 66D",,not_reported,yes,not_yet_adjudicated,Anticipatory-bail proceeding concerning a petitioner still under investigation; charge sheet had been submitted against other accused.,"A Jharkhand victim was told over WhatsApp that he had won INR 25 lakh and was induced to make repeated advance payments, ultimately losing INR 160,000. The money was directed to a named SBI account. The reviewed anticipatory-bail order distinguishes the unresolved caller and beneficiary layer from petitioner Sawitry Devi, whose alleged role was limited to envelope delivery.","No controlled Atlas prize/lottery category exists, so the primary attack category is coded other rather than forcing social-media impersonation or investment fraud."
SEIAI-0144,reviewed,0.2.2,Hamzah,2026-10-04,55 Shoonya Growth Club WhatsApp IPO investment fraud,,,2025,Rajasthan,Sri Ganganagar,suspected,SRC-SEIAI-0144-01,T1,bail_order,"Rajasthan High Court, Jodhpur","S.B. Criminal Misc. Bail Application No.2238/2026; FIR No.11/2025, Cyber Police Station Sri Ganganagar",charge_sheet,investment_fraud,,whatsapp,website,WhatsApp / Shoonya-branded app or link,investment_advisor,55 Shoonya Growth Club stock/IPO advisory group,investor,retail stock and IPO investment,not_reported,not_reported,,The complainant joined a WhatsApp group named 55 Shoonya Growth Club that offered stock-market and IPO trading guidance.,Group operators induced the complainant to download a trading application/link and transfer funds for stock and IPO investments.,not_reported,not_reported,not_reported,yes,not_reported,not_reported,not_reported,yes,,Use the supplied investment application and transfer funds for trading and IPO allocations.,The complainant transferred funds and reported a total loss of approximately INR 1.11 crore.,not_reported,not_reported,,11100000,bank_transfer,yes,,not_reported,not_reported,yes,not_reported,not_reported,yes,not_reported,not_reported,not_reported,not_reported,not_reported,,not_reported,not_reported,not_reported,Unknown Shoonya group/application operators and applicant-linked firm receiving INR 1.4 million.,bank_account_or_money_flow,,moderate,The final report cited in the bail order said there was no direct connection between applicant Sanju Kumar Shah and the WhatsApp group; the direct support is receipt of INR 1.4 million in a firm account.,The applicant may have had only a downstream account role rather than operating the victim-facing group.,Authenticated WhatsApp/app control evidence linking the victim-facing investment operation to the beneficiary-account network.,,,yes,yes,not_yet_adjudicated,Regular bail allowed on 2 April 2026 after challan filing; merits left for trial.,"A Rajasthan complainant joined the 55 Shoonya Growth Club WhatsApp group, downloaded a supplied investment application and transferred money for stock and IPO investments, reporting a loss of about INR 1.11 crore. A firm account linked to the applicant allegedly received INR 14 lakh, but the bail order notes that the final report did not directly connect him to the WhatsApp group.","The applicant was described as resident of Nepal, supporting a suspected cross-border dimension, but the focal victim-facing operation itself is not proven to be foreign-controlled."
SEIAI-0145,reviewed,0.2.2,Hamzah,2026-10-04,Profit trading plan web-app and WhatsApp investment fraud,,,2024,Rajasthan,Jaipur,not_reported,SRC-SEIAI-0145-01,T1,bail_order,"Rajasthan High Court, Jaipur","S.B. Criminal Misc. Bail Application No.7954/2025; FIR No.346/2024, P.S. Shyam Nagar, Jaipur City South",trial,investment_fraud,,whatsapp,website,WhatsApp / web trading application,investment_advisor,Operator(s) offering a “profit trading plan” through a web application,investor,retail online trading,not_reported,not_reported,,The prosecution alleged that the complainant was approached and lured into a profit trading plan.,The complainant was induced to download a web application and make transfers while the scheme was sustained through WhatsApp messages.,not_reported,not_reported,not_reported,yes,not_reported,not_reported,not_reported,yes,,Download the trading web application and transfer investment funds in accordance with WhatsApp instructions.,The complainant transferred a total of INR 8.2 million according to the bail-order prosecution recital.,not_reported,not_reported,,8200000,bank_transfer,yes,,not_reported,not_reported,yes,not_reported,not_reported,yes,not_reported,not_reported,not_reported,not_reported,not_reported,,not_reported,not_reported,not_reported,Ajeet Kumar Shukla and the web-app/WhatsApp investment operation described by the prosecution.,bank_account_or_money_flow,message_or_email_content,moderate,The conduct is recited as an allegation at bail stage. The source does not reproduce the underlying authenticated WhatsApp or application-control records.,The applicant denied guilt; criminal responsibility remains for trial.,"Authenticated messaging, app-control and transaction evidence mapping the full victim-facing session to the applicant and any co-operators.","IPC 406, 420, 120B; IT Act 66C, 66D",,yes,yes,not_yet_adjudicated,Regular bail dismissed on 27 February 2026 after charges had been framed and trial was pending.,"A Rajasthan prosecution alleged that Ajeet Kumar Shukla lured a complainant with a profit trading plan, induced download of a web application and used WhatsApp messaging while INR 8.2 million was transferred. Approximately INR 6.5 to 7 million was alleged to have reached the applicant's account. The High Court rejected bail but expressly left merits for trial.","INR 8.2 million codes the source-stated focal total transfer. The INR 6.5-7 million figure is the alleged portion reaching the applicant account, not a separate loss."
SEIAI-0146,reviewed,0.2.2,Hamzah,2026-10-04,FedEx parcel and Mumbai Cyber Police digital-arrest fraud against retired Brigadier,2024-05-19,2024-05-20,2024,Himachal Pradesh,,not_reported,SRC-SEIAI-0146-01,T1,bail_order,Himachal Pradesh High Court,"CrMP(M) 1215/2025; FIR No.36/2024, Cyber Crime P.S. Central Range Mandi",trial,digital_arrest,government_impersonation,phone,whatsapp,Phone / WhatsApp,police,"FedEx representative, Mumbai Cyber Police and purported CBI/RBI/government investigators",individual,retired military / personal banking,unknown,unknown,"The operators used the complainant and family details in the parcel/money-laundering narrative, but the source does not establish how those details were obtained.",A retired Brigadier received an IVR/WhatsApp-linked call claiming an undelivered FedEx parcel had been booked using his and his family's details.,"The parcel was said to contain passports, credit cards and MDMA. The victim was transferred to purported Mumbai Cyber Police and shown CBI/RBI-style communications alleging money laundering and a PMLA investigation.",yes,yes,yes,yes,not_reported,not_reported,yes,yes,"Layered courier, police, CBI and RBI legitimacy plus an overnight monitoring/digital-arrest environment.","Cooperate with the purported investigation, remain under monitoring and transfer funds to the designated “safe”/RBI-directed account.","The complainant remained under monitoring and transferred INR 2,000,000 to the Veer Sona (OPC) Private Limited ICICI account.",not_reported,not_reported,,2000000,bank_transfer,yes,1,yes,yes,yes,yes,not_reported,not_reported,not_reported,not_reported,not_reported,not_reported,not_reported,Purported CBI and RBI letters; NCCRP transaction records; account statements; CAF/CDR and IP-log material.,not_reported,not_reported,not_reported,Unknown victim-facing digital-arrest operators and Kulveer's beneficiary-account/telecom role.,bank_account_or_money_flow,ip_or_login_record,moderate,"The applicant's account directly received the focal INR 2 million and telecom/IP material linked numbers to him, but the public order does not prove he personally delivered the FedEx/police impersonation.",The applicant denied the offence; downstream account control is distinct from victim-facing authorship.,Authenticated victim-call/platform records tying the FedEx/police personas to the applicant or another identified operator.,IPC 420; IT Act 66D,,yes,yes,not_yet_adjudicated,"Regular bail dismissed on 6 June 2025; charge sheet filed, charges framed and trial substantially underway.","A retired Brigadier was told that a FedEx parcel booked with his identity contained contraband, then connected to purported Mumbai Cyber Police and other official personas. Under threats of money-laundering liability and overnight monitoring, he transferred INR 2 million. The entire focal amount entered an account of Kulveer's company, and telecom/IP material linked numbers to him, while the original caller layer remained unresolved.","The applicant account reportedly received INR 24.5 million in total during the relevant period. Atlas codes only the complainant's INR 2 million focal loss, not the wider account total."
SEIAI-0147,reviewed,0.2.2,Hamzah,2026-10-04,Toyota managing-director premium-customer vishing payment diversion,2022-04-28,2022-04-28,2022,Himachal Pradesh,Solan,no,SRC-SEIAI-0147-01,T1,bail_order,Himachal Pradesh High Court,"CrMP(M) 2330/2023; FIR No.90/2022, P.S. Sadar Solan",investigation,vishing,identity_theft_deception,phone,whatsapp; email,Phone / Truecaller / WhatsApp / email,executive_or_employer,"Vishal Anand, Managing Director of Anand Toyota Auto Care, a real premium bank customer",employee,banking,unknown,unknown,"The caller knew the identity of a real premium customer and targeted that customer's bank manager, but the source does not establish how the information was obtained.","A PNB manager received a call from a person claiming to be Vishal Anand, MD of Anand Toyota Auto Care, whose name also appeared on Truecaller.","The impersonator said he wanted to invest in mutual funds, requested an account statement and instructed the manager to transfer funds to a third-party account, promising an authority letter.",yes,not_reported,yes,yes,not_reported,not_reported,not_reported,yes,"Exploitation of an existing premium-customer relationship, caller-ID naming and pressure through WhatsApp/email.",Provide the account statement and transfer two amounts to the account of Kunwar Singh pending a promised authority letter.,"Believing the caller was the premium customer, the bank manager transferred INR 878,300 and INR 395,700, totalling INR 1,274,000.",not_reported,not_reported,,1274000,bank_transfer,yes,1,yes,not_reported,yes,not_reported,yes,yes,yes,not_reported,not_reported,not_reported,not_reported,"Account-opening and transaction records; alleged destroyed mobile/SIM; recovery of INR 290,000.",not_reported,not_reported,not_reported,Unknown Vishal Anand impersonator and alleged Arun Kumar/Prajwal cyber-fraud network with beneficiary-account infrastructure.,co_accused_link,bank_account_or_money_flow,moderate,"The status report alleged that Arun Kumar and Prajwal contacted auto showrooms and committed fraud, but the public order does not map the focal call, WhatsApp account or email to a specific device/user.",A person linked to the wider network may not necessarily have made this particular bank-manager call.,"Recovered/authenticated caller, WhatsApp and email account artefacts tying the Vishal Anand persona to a specific accused in the network.","IPC 417, 419, 420, 201, 120B",,yes,not_reported,not_yet_adjudicated,Anticipatory bail dismissed on 29 September 2023; investigation was stated to be continuing.,"A PNB manager in Solan received a call from someone impersonating a real premium customer, Vishal Anand of Anand Toyota Auto Care. Truecaller displayed the same name, and WhatsApp/email pressure reinforced the request. The manager transferred INR 1.274 million before the real customer reported the unauthorized debit. Investigation mapped the money through beneficiary accounts and alleged a wider cyber-fraud network.","The case resembles payment-diversion/BEC logic but began with voice impersonation rather than a compromised business mailbox, so the primary category is vishing."
SEIAI-0148,reviewed,0.2.2,Hamzah,2026-10-04,Fake IPS and CBI officer police-recruitment fraud,,,2025,Punjab,Jalandhar,no,SRC-SEIAI-0148-01,T1,bail_order,Punjab and Haryana High Court,"CRM-M-47318-2025; FIR No.164 dated 17.07.2025, P.S. Shahkot, Jalandhar Rural",investigation,job_fraud,government_impersonation,multiple,whatsapp; linkedin; in_person,WhatsApp / LinkedIn / in-person,government_official,Petitioner allegedly masquerading as an IPS officer; wife presented as an ASP in CBI,job_seeker,police and government employment,yes,not_reported,,"The complainant and relatives dealt with petitioner Anmol Rattan, who was alleged to present himself as a police/IPS officer able to secure police appointments.","The petitioner allegedly promised DSP, Constable and SHO appointments and reinforced the story with police-officer representations, social-media/LinkedIn material and a claimed CBI-officer identity for his wife.",yes,not_reported,not_reported,yes,not_reported,not_reported,not_reported,yes,"Borrowed police/CBI authority, apparent official identity and family/relationship trust supported the recruitment promises.",Pay money for purported police/government appointments and related facilitation.,"The complainant, her brother and niece allegedly paid a total of INR 3,150,000 through cash and banking channels.",not_reported,not_reported,,3150000,multiple,not_reported,,not_reported,not_reported,yes,not_reported,not_reported,yes,not_reported,yes,not_reported,not_reported,not_reported,"Alleged fake police identity material, LinkedIn/social posts, blank signed cheques and witness accounts.",not_reported,not_reported,not_reported,Anmol Rattan and the associated police/CBI impersonation recruitment scheme.,multiple_independent_sources,message_or_email_content,moderate,The High Court described a prima facie case for anticipatory-bail purposes; the petitioner disputed the fraud and characterised the dispute as financial.,The petitioner said he was a taxi driver and that the parties had a separate monetary dispute.,Authenticated account/platform records and complete payment tracing tying each recruitment representation and payment to the alleged impersonation scheme.,"BNS 316(2), 318(4)",,not_reported,no,not_yet_adjudicated,Anticipatory bail dismissed on 18 November 2025; observations were not final findings on guilt.,"Three Punjab victims allegedly paid INR 3.15 million after petitioner Anmol Rattan promised police appointments and presented himself as an IPS officer, with his wife portrayed as a CBI ASP. Social-media, WhatsApp and alleged identity material reinforced the authority pretext. The petitioner disputed the allegations, and the High Court treated the evidence only prima facie while denying anticipatory bail.","The source covers three related aggrieved persons within one coordinated recruitment scheme and one FIR, so Atlas treats this as one focal incident rather than three cases."
SEIAI-0149,reviewed,0.2.2,Hamzah,2026-10-04,TRAI and Colaba Police digital-arrest fraud against retired Army couple,2025-10-10,,2025,Punjab,,not_reported,SRC-SEIAI-0149-01,T1,bail_order,Punjab and Haryana High Court,CRM-M-29977-2026; FIR No.48 dated 03.11.2025,trial,digital_arrest,government_impersonation,phone,,Phone / forged official communications,government_official,"Purported TRAI, Colaba Police, Ministry of Finance/Revenue and Supreme Court communications",elderly_person,retired military household / personal banking,unknown,unknown,,Retired Army personnel Sunil Dutt received a call from a woman claiming to be from TRAI and saying his phone number was involved in a money-laundering complaint at Colaba Police Station.,"The callers used police/regulatory authority and forged communications purportedly from the Ministry of Finance, Department of Revenue and Supreme Court to keep the complainant and his wife under “digital arrest”.",yes,yes,yes,yes,not_reported,not_reported,yes,yes,,Remain compliant with the purported investigation and transfer retirement savings through accounts specified by the operators.,"The complainant and his wife transferred a total of INR 8,980,047 before realising they had been cheated.",not_reported,not_reported,,8980047,bank_transfer,yes,,yes,yes,yes,not_reported,yes,not_reported,not_reported,not_reported,not_reported,not_reported,not_reported,"CAF records, tower locations, three-layer beneficiary tracing, seized mobile phones, debit cards and cheque book.",not_reported,not_reported,not_reported,Unresolved TRAI/police digital-arrest operators and downstream beneficiary-account controllers including Mohd. Tauseef and petitioner Mohammad Altamash Qadeer.,bank_account_or_money_flow,cdr_or_telecom_record,moderate,"The petitioner was linked to operational control of a beneficiary account through investigation and co-accused disclosure, not to the original TRAI/police call.",The petitioner denied benefiting from the focal transactions and challenged reliance on co-accused disclosure statements.,Authenticated victim-call and platform records connecting the TRAI/police personas to identified humans and the downstream financial network.,"BNS 316(2), 318(4), 319(2), 336(3), 338, 340(2), 351(2), 61(2); IT Act 66D",,yes,yes,not_yet_adjudicated,Regular bail dismissed on 18 September 2026; investigation had concluded and trial had commenced.,"A retired Army officer and his wife were told that his phone number was tied to a money-laundering complaint and were kept under digital arrest using TRAI, police, revenue and Supreme Court authority cues. They transferred INR 8.980047 million. Investigation traced funds through layered beneficiary accounts and alleged that petitioner Mohammad Altamash Qadeer controlled part of the financial routing, but did not identify him as the original caller.","The court described INR 3.8 million reaching a Fashion Traders beneficiary account. That is a portion of the focal loss, not an additional loss figure."
SEIAI-0150,reviewed,0.2.2,Hamzah,2026-10-04,Manba fake IPO investment application fraud,,,2024,Uttar Pradesh,Agra,not_reported,SRC-SEIAI-0150-01,T1,bail_order,Allahabad High Court,"Criminal Misc. Bail Application No.1402/2025; Case Crime No.136/2024, P.S. Cyber Crime, Agra",charge_sheet,investment_fraud,,whatsapp,website,WhatsApp / third-party Manba IPO application,investment_advisor,Purported Manba IPO/investment operators,investor,retail IPO investment,not_reported,not_reported,,Unknown persons contacted the victim on WhatsApp and drew the victim into an investment/IPO group.,"The operators offered participation in a purported Manba IPO, sent a third-party application link outside the Play Store, required KYC and instructed deposits into changing bank accounts.",not_reported,not_reported,not_reported,yes,yes,not_reported,not_reported,yes,IPO-allocation framing and an app-based investment interface created investment legitimacy.,"Install/register on the supplied app, complete KYC and transfer IPO/investment funds to accounts supplied by the operators.","The victim transferred a total of INR 1,850,000 and later could not withdraw the displayed investment value.",not_reported,not_reported,,1850000,bank_transfer,yes,,not_reported,not_reported,yes,not_reported,yes,yes,not_reported,not_reported,not_reported,not_reported,not_reported,"Nine mobile phones, laptop, SIMs, debit/credit cards, chequebooks and PAN material recovered from accused network according to the source.",not_reported,not_reported,not_reported,"Unknown WhatsApp/app operators, beneficiary-account cluster and applicant Ashvini Pal's alleged downstream role.",bank_account_or_money_flow,device_possession_or_forensics,limited,The applicant's name arose during investigation through co-accused material and the public order does not establish receipt in his own account or operation of the victim-facing app/group.,The applicant may have a narrower or indirect role within the wider account/device network.,Authenticated WhatsApp/app control evidence and applicant-specific money-flow/device evidence tying him to the focal inducement or beneficiary path.,"BNS 319(2), 318(4), 338, 336(3), 340(2), 3(5); IT Act 66D",,yes,yes,not_yet_adjudicated,Regular bail proceeding after investigation and charge-sheet activity; underlying merits remained pending.,"An Agra victim was approached over WhatsApp for a purported Manba IPO, directed to a third-party investment application, asked to complete KYC and told to deposit money into changing accounts. The reported loss was INR 1.85 million. Investigation recovered extensive phones, SIMs and banking instruments from the wider accused network, while applicant-specific victim-facing attribution remained weak.","Changing beneficiary account numbers after deposits is treated as a money-mule/layering indicator, not proof that every account holder operated the investment pretext."
SEIAI-0151,reviewed,0.2.2,Hamzah,2026-10-04,Railway finance-officer PF-interest OTP vishing fraud,2019-02-21,2019-02-23,2019,Uttar Pradesh,Prayagraj,no,SRC-SEIAI-0151-01,T1,final_judgment,Allahabad High Court,"Writ-C No.2045/2020; FIR No.161/2019, P.S. Dhoomanganj",judgment,vishing,government_impersonation,phone,,Mobile phone / banking OTP,government_official,Purported Finance and Accounts Officer in the Divisional Railway Manager office,individual,railway employee / personal banking,yes,unknown,"The caller used a PF-interest pretext tailored to a railway employee, but the source does not establish how the employment/account context was obtained.",The petitioner received a call from a person identifying himself as the Finance and Accounts Officer in the Divisional Railway Manager's office.,The caller said an OTP was required to credit provident-fund interest and induced the victim to disclose the OTP.,yes,not_reported,yes,yes,not_reported,not_reported,not_reported,not_reported,,Disclose the OTP so the purported railway finance office could credit provident-fund interest.,"The victim disclosed the OTP. About INR 99,900 was immediately debited; despite prompt notice to the bank, further unauthorized withdrawals on the next two days brought the total to about INR 299,800.",yes,not_reported,,299800,other,not_reported,,yes,not_reported,yes,not_reported,not_reported,not_reported,not_reported,not_reported,not_reported,not_reported,not_reported,"SMS/debit alerts, prompt complaint and bank-notification records; FIR and banking-liability correspondence.",not_reported,not_reported,not_reported,Unidentified caller and unknown transaction operator(s); the final writ adjudicated bank liability rather than offender identity.,,,not_assessed,The final judgment reconstructs the social-engineering event and transaction chronology but does not identify the offender.,"The later INR 199,900 loss was attributed by the High Court to the bank's failure to act after notification, rather than to a new social-engineering interaction.",Telecom/device and beneficiary-account evidence capable of identifying the caller and transaction operator.,,,not_applicable,not_applicable,not_applicable,"Allahabad High Court ordered the bank to credit/refund the post-notification unauthorized withdrawals, while leaving the initial social-engineering transaction outside that liability finding.","A railway employee was called by someone posing as a Divisional Railway Manager office finance officer and told an OTP was needed to credit provident-fund interest. The victim disclosed the OTP and unauthorized debits followed. The total loss reached about INR 299,800, but the High Court distinguished the initial roughly INR 99,900 fraud from later INR 199,900 withdrawals that occurred after the bank had been notified.","The final judgment is valuable for causal separation: the initial OTP deception enabled the compromise, while later losses were also shaped by post-notification bank conduct. Total unauthorized loss is coded, with the two phases documented in the narrative."
SEIAI-0152,reviewed,0.2.2,Hamzah,2026-10-04,Online job deception and socially engineered fund-transfer intermediary,2023-04-28,2023-05-23,2023,Odisha,Balasore,suspected,SRC-SEIAI-0152-01,T1,procedural_order,Orissa High Court,CRLMP No.589/2025,reported,job_fraud,,whatsapp,telegram,WhatsApp / Telegram / YouTube,recruiter,"“Krisha”, “Sita” and “Shyla” personas claiming an online job and UNOCOIN association",job_seeker,online task work / fund transfer,not_reported,not_reported,,The petitioner received a WhatsApp message from a +1 number identifying the sender as Krisha and offering simple paid work involving YouTube and shopping/fashion content.,"After initial task incentives, personas called Sita and Shyla, said to be UNOCOIN employees, instructed the petitioner to receive funds into his bank accounts and forward them to other accounts for daily commissions.",not_reported,not_reported,not_reported,yes,not_reported,yes,not_reported,yes,Small task incentives and daily commissions normalised increasingly consequential fund-transfer activity.,"Perform online tasks, pay an initial amount, receive money into personal accounts and forward it to accounts supplied by the operators.","The petitioner paid INR 1,000, then received and forwarded funds through SBI and Union Bank accounts until 23 May 2023. His accounts were later frozen after fraud-linked funds were detected.",not_reported,not_reported,,1000,multiple,yes,,not_reported,not_reported,yes,not_reported,not_reported,yes,not_reported,not_reported,not_reported,not_reported,not_reported,,not_reported,not_reported,not_reported,Unknown Krisha/Sita/Shyla job operators and petitioner Tapas Ranjan Moharana's documented fund-transfer role.,bank_account_or_money_flow,message_or_email_content,limited,"The petitioner claimed he was deceived into the transfer role, while a police inquiry found fraud-linked money received in his account. The source does not resolve his knowledge or intent.",The petitioner may have been socially engineered into functioning as an unwitting money mule rather than knowingly participating in the underlying fraud.,Authenticated chats/platform records and full transaction tracing showing what the online operators told the petitioner and whether he knew the funds were fraud proceeds.,,,unknown,unknown,not_yet_adjudicated,The Orissa High Court disposed of the CRLMP on 18 August 2025 after reviewing the police inquiry and left the petitioner free to approach the jurisdictional Magistrate.,"An Odisha petitioner said online job recruiters first offered simple YouTube-related tasks and then turned the role into receiving and forwarding funds for commissions. He paid INR 1,000 and moved money through two accounts before they were frozen because fraud proceeds had entered them. A later police inquiry found fraud-linked receipts in his account, creating a valuable unresolved question of whether he was a knowing participant or a socially engineered mule.","Only the petitioner's INR 1,000 outgoing payment is coded as his focal loss. INR 12,800 in a third-party complaint and INR 147,599/2,000 found in account layers are fraud-linked flows, not his personal loss. A +1 contact number supports only a suspected, not confirmed, cross-border dimension."
SEIAI-0153,reviewed,0.2.2,Hamzah,2026-10-04,Vigilance and Anti-Corruption officer digital-arrest fraud,,,2026,Tamil Nadu,Thanjavur,no,SRC-SEIAI-0153-01,T1,bail_order,"Madras High Court, Madurai Bench","CRL OP(MD) No.14428/2026; Crime No.59/2026, CCD-III P.S. Thanjavur",investigation,digital_arrest,government_impersonation,unknown,,,government_official,Purported Vigilance and Anti-Corruption Officer,individual,personal banking,unknown,unknown,,"The prosecution alleged that Mohammed Hakim, posing as a Vigilance and Anti-Corruption Officer, contacted and manipulated the defacto complainant.",The victim was told that personal credentials were linked to a money-laundering case and was placed under a purported digital arrest.,yes,yes,yes,yes,not_reported,not_reported,not_reported,not_reported,,Comply with the purported anti-corruption/money-laundering investigation and transfer funds through accounts used by the accused network.,"Believing the representations, the complainant transferred INR 5,000,000 through various bank accounts including first-layer accounts.",not_reported,not_reported,,5000000,bank_transfer,yes,,not_reported,not_reported,yes,not_reported,not_reported,not_reported,not_reported,not_reported,not_reported,not_reported,not_reported,"Aadhaar, bank-account and other personal credentials allegedly used within the scheme; first-layer account-holder investigation.",not_reported,not_reported,not_reported,"Mohammed Hakim as alleged victim-facing impersonator, first-layer account holders, and petitioner Anandu's alleged credential-facilitation role.",witness_or_statement,bank_account_or_money_flow,moderate,"The source is a bail order, the principal accused was still absconding, and petitioner Anandu's role was disputed and narrower than the victim-facing impersonation.",Anandu asserted that he merely assisted friends without understanding the consequences and received no substantial benefit.,Authenticated communications/device evidence linking Mohammed Hakim to the victim-facing digital-arrest channel and clarifying how the victim credentials were obtained and used.,"BNS 316(2), 318(4); IT Act 66D",,yes,no,not_yet_adjudicated,Bail proceeding on 21 July 2026; investigation was still in progress and principal accused Mohammed Hakim was stated to be absconding.,"A Tamil Nadu prosecution alleged that Mohammed Hakim impersonated a Vigilance and Anti-Corruption Officer, told a victim that his credentials were linked to money laundering and placed him under digital arrest. The victim transferred INR 5 million through multiple accounts. The bail record separates this alleged victim-facing role from first-layer financial accounts and petitioner Anandu's disputed credential-facilitation role.","The source does not state the contact channel for the digital-arrest interaction, so the primary channel is coded unknown rather than assuming phone or video."
SEIAI-0154,reviewed,0.2.2,Hamzah,2026-10-04,Fake Toyota dealership application and deposit fraud,2023-10-05,,2023,Chandigarh,Chandigarh,no,SRC-SEIAI-0154-01,T1,bail_order,Punjab and Haryana High Court,"CRM-M-16909-2026; FIR No.35 dated 17.04.2025, P.S. Cybercrime Chandigarh",trial,identity_theft_deception,other,website,phone; video_call,Dealership application link / Zoom / phone,vendor_or_business,Purported Toyota dealership/allotment process,business,automotive dealership / entrepreneurship,yes,yes,The victim first submitted a dealership application through the supplied link; later callers used that application context and collected further information before arranging a Zoom meeting.,"The complainant saw a newspaper notification concerning opening of a Toyota dealership, followed the supplied link and submitted a dealership application form.","About two and a half months later, callers said the application had been received, collected information, arranged a Zoom meeting and demanded deposits for dealership allotment.",yes,not_reported,not_reported,yes,not_reported,not_reported,not_reported,yes,Brand legitimacy plus a delayed follow-up to a real application action and a Zoom meeting made the dealership process appear authentic.,Complete the purported Toyota dealership process and deposit required funds into supplied bank accounts.,"Believing that a Toyota dealership would be allotted, the complainant transferred INR 5,400,000 into two bank accounts.",not_reported,not_reported,,5400000,bank_transfer,yes,2,yes,not_reported,yes,not_reported,yes,not_reported,not_reported,not_reported,not_reported,not_reported,not_reported,"Six passbooks, five ATM cards belonging to different account holders, three SIM cards and two mobile phones recovered from the petitioner.",not_reported,not_reported,not_reported,Unknown Toyota dealership operator(s) and petitioner Dharminder Kumar's alleged account-procurement/layering role.,bank_account_or_money_flow,device_possession_or_forensics,moderate,"The petitioner was linked through co-accused disclosure, recovered banking/SIM/device material and an alleged role arranging accounts; the source does not establish that he authored the newspaper/link, call or Zoom presentation.",The petitioner may have occupied a downstream financial/logistical role rather than the victim-facing dealership persona.,"Publication/link provenance, domain/platform records and communication artefacts connecting the Toyota dealership front end to the account-procurement network.","BNS 318(4), 61(2)",,yes,not_reported,not_yet_adjudicated,Regular bail petition dismissed on 19 May 2026; prosecution cited an active account-procurement/layering role and pending trial witnesses.,"A prospective dealer saw a Toyota dealership notification in a newspaper, submitted an application through the supplied link, and was contacted about two and a half months later. After calls, information collection and a Zoom meeting, he transferred INR 5.4 million to two accounts. Investigation recovered multiple passbooks, ATM cards, SIMs and phones from petitioner Dharminder Kumar, supporting a downstream financial/infrastructure role rather than direct proof that he operated the dealership persona.","No dedicated dealership/franchise category exists in the controlled vocabulary. The case is coded identity_theft_deception because a real business identity and purported dealership process were used to induce payments, with secondary other."
